{
  "semantic_entropy": 2.995732273553991,
  "cosine_vector": 0.6206089473112292,
  "spearman_vector": 0.21585920664059385,
  "js_divergence_vector": 0.36042636464218125,
  "vector_dispersion_js": 0.02838503728481223,
  "vector_elements": [
    0.020418972891128127,
    0.01401537428436219,
    0.04599790234068948,
    0.00793639015136546,
    0.01191585597525174,
    0.008832184360572174,
    0.01300001354821808,
    0.009235751936116247,
    0.0074716428594854105,
    0.026635364795981626,
    0.008640012349804724,
    0.010551760244118684,
    0.018395497724654097,
    0.00675565951916842,
    0.0030942673614532124,
    0.00712767308417012,
    0.003922725221196087,
    0.27348047667489983,
    0.07662994330637088,
    0.005703988759557327,
    0.006409589408506799,
    0.013352577453178641,
    0.009488988561831103,
    0.01019157060513254,
    0.0029531500040786787,
    0.009304809889745731,
    0.01945017660469126,
    0.00397769623595375,
    0.006157214716082577,
    0.0033924913000735516,
    0.00615036318007163,
    0.0035157801727577574,
    0.009378326002523352,
    0.004981318247130405,
    0.01107371686383603,
    0.005835053467631018,
    0.002449677379012626,
    0.011069277681597258,
    0.0034185827313376145,
    0.03254015785344699,
    0.006434151153802002,
    0.004121585030373907,
    0.006912199836661585,
    0.005996324096063012,
    0.0025113144968807763,
    0.006561447287003791,
    0.0037857556417599035,
    0.007957145025289115,
    0.004715996170694964,
    0.004040754082513753,
    0.01051361252234489,
    0.0025376228719642697,
    0.029123641218291346,
    0.0028506223776746465,
    0.004130307461134438,
    0.007463517110197127,
    0.0024778575931772525,
    0.03284825064431651,
    0.0026111974756298987,
    0.031406960261310894,
    0.00616278789540518,
    0.004867782551668972,
    0.00893800831444762,
    0.015945427194309424,
    0.009522127994379929,
    0.006093156225929549,
    0.014618471719592126
  ],
  "cosine_matrix": 0.38235414619267943,
  "spearman_matrix": 0.07886793548059413,
  "js_divergence_matrix": 0.38893576930104384,
  "matrix_dispersion_js": 0.17592412763855644
}