{
  "semantic_entropy": 2.9264175554979963,
  "cosine_vector": 0.4377479926633322,
  "spearman_vector": 0.21313364055299538,
  "js_divergence_vector": 0.4840721372129777,
  "vector_dispersion_js": 0.057872786540082544,
  "vector_elements": [
    0.045458238338646886,
    0.013748097940618181,
    0.02411490369607162,
    0.06932907702088424,
    0.015587354269962606,
    0.023049095379509988,
    0.023342302702215306,
    0.015157253546913836,
    0.006856156852871561,
    0.017994975113283258,
    0.005703241044918498,
    0.014116770647535477,
    0.005816408448222197,
    0.004202439309148642,
    0.011199042673611846,
    0.010593674699910582,
    0.01866045421222457,
    0.005463353345989969,
    0.012091065848254513,
    0.010938346231203426,
    0.01862028273592424,
    0.010247884577618164,
    0.010536409911522287,
    0.023920160197750607,
    0.01035872685938273,
    0.024586345072290863,
    0.023179596612498264,
    0.006319360715443051,
    0.00881535598571488,
    0.00440767799285744,
    0.005396944642138688,
    0.008574655478622748,
    0.0050670836589176435,
    0.011500030789973923,
    0.00784806554405404,
    0.033094321169852614,
    0.008446588445912465,
    0.010364699753641798,
    0.008780095776503594,
    0.008511562503128378,
    0.024668452553862272,
    0.0068397712255075585,
    0.03276942136954101,
    0.009014496174356325,
    0.009682423668926408,
    0.006522579596894934,
    0.012765822115832708,
    0.007980602359408244,
    0.006657864985930627,
    0.014924209239390036,
    0.006498187835389538,
    0.008618097400220513,
    0.017033028047749577,
    0.010294575699409421,
    0.017867492197639515,
    0.026025561067883153,
    0.03152694472176055,
    0.0086372844984831,
    0.009478098113064744,
    0.016607951794025657,
    0.02942855328207527,
    0.0631254314318209,
    0.02103505087508235
  ],
  "cosine_matrix": 0.5745314968784467,
  "spearman_matrix": 0.028163684828770217,
  "js_divergence_matrix": 0.33061605048599896,
  "matrix_dispersion_js": 0.06004296567482642
}