{
  "semantic_entropy": 2.995732273553991,
  "cosine_vector": 0.035353073781397605,
  "spearman_vector": 0.01594541995582865,
  "js_divergence_vector": 0.6598550362404363,
  "vector_dispersion_js": 0.010554359073194242,
  "vector_elements": [
    0.006906489172877521,
    0.006904775729783317,
    0.013101012788345053,
    0.006803461436046381,
    0.011199349413499328,
    0.0066015040763148965,
    0.011929897806546423,
    0.008517648633864562,
    0.009002350359890558,
    0.0033361830306736927,
    0.006314139526371798,
    0.004280042962973539,
    0.0023236059375428345,
    0.003192647160551019,
    0.0026221888710849114,
    0.002263096437867147,
    0.004805418452504605,
    0.0030971806090438207,
    0.0038091437412506417,
    0.010454896908993826,
    0.004647280701782743,
    0.006809284266978504,
    0.003795104743787798,
    0.007302319690650206,
    0.004430182615597998,
    0.0036103081360894427,
    0.008580220355168844,
    0.0029532350175817857,
    0.005912512281799434,
    0.00784332669408738,
    0.002261999151889409,
    0.0032925162958021476,
    0.003773248634905167,
    0.002409086319329814,
    0.002049609198229962,
    0.002909495895907905,
    0.006151270573324302,
    0.0025891965015654404,
    0.002025189573522358,
    0.007009828881259896,
    0.007812114443508925,
    0.005252185909413798,
    0.0038557339083572315,
    0.0026482876517529576,
    0.007981076634568512,
    0.003157131222652891,
    0.005025403725009551,
    0.00596483005670444,
    0.005551827295767682,
    0.003358883978373078,
    0.0037315132569024126,
    0.00208075147215932,
    0.0023086991371301592,
    0.007819958752704583,
    0.0019811203674176825,
    0.0016129412506023868,
    0.002109409810280524,
    0.004846146161365732,
    0.0018819831306109737,
    0.0016375760155316102,
    0.008815718012581089,
    0.005021639886310822,
    0.004372874865389211,
    0.004058172771870839,
    0.0029280977376616286,
    0.007190216216152706,
    0.0037922176146676922,
    0.0040670942088004616,
    0.005890129739803038,
    0.0031431466449966406,
    0.0035678416046238007,
    0.0035469286158576795,
    0.002537102343423592,
    0.0021148579506979916,
    0.19811724603053424,
    0.0018877010549648672,
    0.001720536946759391,
    0.0027772902751700274,
    0.006006395062569179,
    0.002284594298421868,
    0.0017136395050073242,
    0.0044720041483339145,
    0.010340141534842813,
    0.004178926192633127,
    0.0037968451319629437,
    0.0031585031763757074,
    0.007871225950360135,
    0.0031249612212474196,
    0.003875777210136519,
    0.004290315255252607,
    0.007679716096223294,
    0.003608004294201104,
    0.0035095492954761304,
    0.0019050136661634474,
    0.0018234888763470874,
    0.016157372671958208,
    0.0020283550339812374,
    0.0015462645657328094,
    0.0021255510944594705,
    0.010731947200997944,
    0.0019230658758241162,
    0.0015905454910074533,
    0.00538542962864614,
    0.019755285095472842,
    0.00421695315379017,
    0.004099066673877942,
    0.003744727861246944,
    0.007718293950325336,
    0.0034684047266699755,
    0.0038370273797163363,
    0.005247352859152672,
    0.005121368854449082,
    0.0036636414671312695,
    0.0033915550422452213,
    0.0020244134105486386,
    0.0019631491404530797,
    0.014437312849594316,
    0.0019306003624502683,
    0.001689290755771642,
    0.002353235050554618,
    0.012559623386934669,
    0.0021833597041430197,
    0.0017361544493854565,
    0.0048746183761232895,
    0.02459199804348576,
    0.005104097295825126,
    0.014159637930335407,
    0.025379546108067228,
    0.006313920806529624,
    0.02837381346901706,
    0.010654532210134009,
    0.012313203127146514,
    0.009177289146087878,
    0.004012556850579963,
    0.006490359020175656,
    0.003718749975791791,
    0.011129320931279274,
    0.007429387774504129,
    0.02531550680112478,
    0.01670637819535043
  ],
  "cosine_matrix": 0.37613655671833723,
  "spearman_matrix": -0.1383252704112412,
  "js_divergence_matrix": 0.17390650954387976,
  "matrix_dispersion_js": 0.11510083279405921
}