{
  "semantic_entropy": 2.995732273553991,
  "cosine_vector": 0.4045039108324723,
  "spearman_vector": 0.2423559949612551,
  "js_divergence_vector": 0.43602504734148306,
  "vector_dispersion_js": 0.010038444274606206,
  "vector_elements": [
    0.017930971762484087,
    0.016829397267380117,
    0.014357905829729756,
    0.03510470316422993,
    0.030423963985159334,
    0.016306928945324418,
    0.01957856421386063,
    0.014788199165666285,
    0.016611298579123426,
    0.0093406845257505,
    0.01529627287661967,
    0.005913545294150391,
    0.012535684690426038,
    0.006101506230067433,
    0.006175239799932947,
    0.01339417713681645,
    0.012805972552275153,
    0.015497608832157719,
    0.019548873648605296,
    0.012863546079283084,
    0.011582691871169672,
    0.02217093167976783,
    0.012148205130025156,
    0.03640187699173094,
    0.009686789348147675,
    0.02082528878815589,
    0.02085831112392882,
    0.007556807644359589,
    0.01221386913790547,
    0.00648559306871601,
    0.007507178902807313,
    0.012916682735363044,
    0.020057298528337257,
    0.0059125351429054245,
    0.01138407319427609,
    0.01198270223650595,
    0.013144761763085265,
    0.009175226625855308,
    0.016522499007561038,
    0.00940505933982231,
    0.01594432536945892,
    0.008670924314584572,
    0.009516437624647926,
    0.016592009907599226,
    0.01071900431305778,
    0.01063381246773201,
    0.01669270509807307,
    0.021453238199792835,
    0.012287627637043719,
    0.004751994391809101,
    0.010460258301237492,
    0.007126904685207286,
    0.015686443364849072,
    0.011367257714830568,
    0.006107740880137009,
    0.013931426213909763,
    0.011187626356416992,
    0.015970148034708902,
    0.026574506121582877,
    0.017615289820737175,
    0.011351014843631864,
    0.012503096403006111,
    0.011372294091810004,
    0.0066108036137102815,
    0.016010787103291044,
    0.04743869824945274,
    0.01356158146173185,
    0.028518616576481283
  ],
  "cosine_matrix": 0.6159731279297969,
  "spearman_matrix": -0.053871308419539125,
  "js_divergence_matrix": 0.2680790938988078,
  "matrix_dispersion_js": 0.06795958951800023
}