{
  "semantic_entropy": 2.995732273553991,
  "cosine_vector": 0.40043016655933733,
  "spearman_vector": 0.2389586593884796,
  "js_divergence_vector": 0.43694957692281156,
  "vector_dispersion_js": 0.012360957809569584,
  "vector_elements": [
    0.017659765777357755,
    0.016231941988790924,
    0.014150503829120894,
    0.03413509032611547,
    0.028503833462117704,
    0.016614405643108985,
    0.018519910517986266,
    0.014265651539203752,
    0.015785853365484954,
    0.00927099441823468,
    0.014257735279178235,
    0.005947890480828504,
    0.012529154160726285,
    0.006040650498320202,
    0.0062414112351960455,
    0.013185111399601174,
    0.012047008759507632,
    0.016279856944976707,
    0.019662959134902888,
    0.012671771273412331,
    0.011199933650341772,
    0.02179048713634461,
    0.012130317554733214,
    0.035842068079036754,
    0.009907910335753702,
    0.020906399040062758,
    0.020402746051544827,
    0.0075372181432769,
    0.011910480426243904,
    0.006395780056125751,
    0.007701143966561844,
    0.013106724934518149,
    0.020500142503471996,
    0.00603301106475122,
    0.01108508732569522,
    0.011970468125462127,
    0.013019557228983722,
    0.00906926122512571,
    0.016312066895714374,
    0.009483518430471703,
    0.01621064236316062,
    0.008771821411876725,
    0.009785152602456411,
    0.016828413900119885,
    0.010465473867913988,
    0.01073000657168652,
    0.016369496772416836,
    0.021312315243568233,
    0.012083720893727177,
    0.004851354700968758,
    0.010796626884451389,
    0.007316405748710472,
    0.016013772874224126,
    0.011474478790632719,
    0.006361051377239157,
    0.014413732530828277,
    0.011444336542120825,
    0.016728198301274193,
    0.027779664179965812,
    0.017350155978465984,
    0.01154300952888803,
    0.01288933082039115,
    0.011715015080490127,
    0.007042453214247327,
    0.0165680787606624,
    0.050781314944281994,
    0.014001213858167534,
    0.028066940048671746
  ],
  "cosine_matrix": 0.6205931704945236,
  "spearman_matrix": -0.058188172521874866,
  "js_divergence_matrix": 0.2669761751988373,
  "matrix_dispersion_js": 0.06379209133454232
}