{
  "semantic_entropy": 2.9264175554979963,
  "cosine_vector": 0.10187813005511304,
  "spearman_vector": 0.07027778309074334,
  "js_divergence_vector": 0.5741424631683634,
  "vector_dispersion_js": 0.055299783321213436,
  "vector_elements": [
    0.01425649176383173,
    0.009475894044584049,
    0.027390773890702668,
    0.005168258059007107,
    0.008160323868027713,
    0.0114339979442873,
    0.00821337411580726,
    0.006335981414606924,
    0.004726679552049438,
    0.00652277927366347,
    0.016522217817287865,
    0.007004236221580589,
    0.014619601847962642,
    0.005265958935567678,
    0.0055130000151398266,
    0.19094163392589716,
    0.006120734207483471,
    0.006257275942373031,
    0.003268483050618844,
    0.00461060566730244,
    0.004189890646535832,
    0.002779381855622195,
    0.00393117482520425,
    0.004752047248217687,
    0.007523251000122544,
    0.005682205085178503,
    0.002869105096417835,
    0.0050097700447795605,
    0.00609289405992782,
    0.01155765887316832,
    0.0027619253433250742,
    0.0030030318573397385,
    0.004469839871910605,
    0.00931600292329527,
    0.0033029229047954805,
    0.005179411438794395,
    0.002380713291810849,
    0.0024150078054722673,
    0.021132380569775636,
    0.01164227974470638,
    0.0035533416436660317,
    0.011165623642153337,
    0.0025248850503581987,
    0.08804465728872236,
    0.0038188204041962113,
    0.016582732540059267,
    0.0036452055872745804,
    0.010725399722216256,
    0.0027642367043988385,
    0.008234162507326444,
    0.004306114793503423,
    0.004276306651513412,
    0.0047652316942620055,
    0.0057166864103232445,
    0.018228767674011576,
    0.0052688061000947285,
    0.007012296962019251,
    0.016158887773540482,
    0.005228275013760863,
    0.002494492361730325,
    0.004354794882195405,
    0.005006540183491886,
    0.005110668617523317,
    0.004802746804468248,
    0.009685565245574408,
    0.003709655000358959,
    0.008684559424179757,
    0.005004644390580514,
    0.003675959105992945,
    0.0077386015502106205,
    0.003963602406553662,
    0.012517052999108016,
    0.0057755581496955226,
    0.002956191174531865,
    0.01812199025115046,
    0.003617193296822287,
    0.008101474088141531,
    0.002546837593687319,
    0.015683330605272137,
    0.0032637198496003094,
    0.011124602949726165,
    0.004908988515117013,
    0.003486177374265647,
    0.004257514156727549,
    0.0549179101537036,
    0.006607729392144484,
    0.0033451292337359916,
    0.007493407790474691,
    0.002556047506509894,
    0.010027195633839277,
    0.0031118920173631936,
    0.0089195441608896,
    0.0035764818778218775,
    0.009399133272472758,
    0.004435236061510973,
    0.004779847442807742,
    0.004503473543377128,
    0.011914876729060931
  ],
  "cosine_matrix": 0.2814864710772423,
  "spearman_matrix": 0.09355151475917309,
  "js_divergence_matrix": 0.36315809086599143,
  "matrix_dispersion_js": 0.1500225050192402
}