{
  "semantic_entropy": 2.9264175554979963,
  "cosine_vector": 0.47389084180481444,
  "spearman_vector": 0.02289746543778802,
  "js_divergence_vector": 0.5064813389337655,
  "vector_dispersion_js": 0.05704903858629784,
  "vector_elements": [
    0.0393972439072871,
    0.014043699443114578,
    0.019804707476042887,
    0.0788283447944416,
    0.015485305992858711,
    0.024489520682718754,
    0.02589382179742771,
    0.013715322974544673,
    0.007160170124648378,
    0.01864680122506874,
    0.005836099518870065,
    0.014105977477102022,
    0.006332325805499969,
    0.004335315694792297,
    0.011759387651766916,
    0.01034799539731129,
    0.011706000759965573,
    0.005487930560539129,
    0.013273871403277166,
    0.0109163469139043,
    0.02030348982325086,
    0.010952746684057497,
    0.009963505744837571,
    0.024242405908587093,
    0.008644807007908907,
    0.019900003703908486,
    0.018589032652696822,
    0.006533575224256107,
    0.009798688391288848,
    0.004899344195644424,
    0.0059660723760890525,
    0.008706829241495916,
    0.005148256224206962,
    0.012575759735313321,
    0.008033241054264612,
    0.03349812336303829,
    0.008732132145674748,
    0.010844218918458645,
    0.009354105249087993,
    0.008335531597689363,
    0.02609265917310551,
    0.007260560993916996,
    0.03231909783925308,
    0.009196024001622984,
    0.011150503855369321,
    0.0069529844855659734,
    0.013810782904009809,
    0.008752673129606071,
    0.006089949262200571,
    0.013427056055643203,
    0.005933310744041004,
    0.008367222765214564,
    0.016990319820906218,
    0.010369826433985724,
    0.015016891538765764,
    0.020070914850593962,
    0.0458461660242326,
    0.008977072239076277,
    0.008976023177400337,
    0.014170618195406971,
    0.022449906876037776,
    0.07134191677688125,
    0.01984946001422668
  ],
  "cosine_matrix": 0.4836856153302717,
  "spearman_matrix": -0.01862919226830517,
  "js_divergence_matrix": 0.37818952004373485,
  "matrix_dispersion_js": 0.07358614905486043
}