{
  "semantic_entropy": 1.666226140413923,
  "cosine_vector": 0.029880062338430925,
  "spearman_vector": -0.12302746931618937,
  "js_divergence_vector": 0.6316828120744069,
  "vector_dispersion_js": 0.1191874073058048,
  "vector_elements": [
    0.008123614800352896,
    0.006177306442431699,
    0.007013919629191638,
    0.021831074549195147,
    0.008915229992063053,
    0.005066377187554511,
    0.003383664419718068,
    0.008357110018509684,
    0.006011598400072106,
    0.004658859633766551,
    0.006336318597056556,
    0.004351215210094902,
    0.005324062734056733,
    0.005033885431321691,
    0.008782452129058373,
    0.00586750066895475,
    0.006569364939728976,
    0.007725874473398887,
    0.0047922384808947475,
    0.006035384321631088,
    0.004495516463443166,
    0.004293243078830808,
    0.006348034552174672,
    0.0061393585818698,
    0.010599824564248518,
    0.00843981021286584,
    0.008401301898594251,
    0.010354605185996492,
    0.00994563870704144,
    0.007931799312396624,
    0.01239211941940902,
    0.007676226331683579,
    0.005531396947840212,
    0.012304416597074241,
    0.013882175559870306,
    0.006429119962733861,
    0.008126298057404276,
    0.005957147785907087,
    0.0079627829056511,
    0.007066875197396767,
    0.02283830517878235,
    0.006978469515225326,
    0.016412836456881682,
    0.03721079491178825,
    0.16874668390574277,
    0.08263368675851636,
    0.330152853086626,
    0.002532635567079437,
    0.002532635567079437,
    0.002532635567079437,
    0.002532635567079437,
    0.002532635567079437,
    0.002532635567079437,
    0.002532635567079437,
    0.002532635567079437,
    0.002532635567079437,
    0.002532635567079437,
    0.002532635567079437,
    0.002532635567079437
  ],
  "cosine_matrix": 0.5055117998657676,
  "spearman_matrix": -0.24647136177673873,
  "js_divergence_matrix": 0.18197502706947782,
  "matrix_dispersion_js": 0.26576961951103095
}