{
  "semantic_entropy": 2.995732273553991,
  "cosine_vector": 0.01702469314281076,
  "spearman_vector": -0.011423323347401109,
  "js_divergence_vector": 0.6819489610779246,
  "vector_dispersion_js": 0.0769154525486817,
  "vector_elements": [
    0.00594175711568393,
    0.005375583781239009,
    0.013203154491422554,
    0.0073683714601148085,
    0.012761736300472634,
    0.006636196669754053,
    0.010871204349232503,
    0.0069119058037735446,
    0.008640927292621678,
    0.0028977220365204877,
    0.004891191713552093,
    0.003945570037900879,
    0.002115112499033606,
    0.002810130676591732,
    0.0024461497510431195,
    0.0021737187915081436,
    0.004343609394578599,
    0.0029773665064578587,
    0.003798968356798696,
    0.010599706860661473,
    0.004635955780583003,
    0.005892226786393007,
    0.003495663572840161,
    0.007956958650976217,
    0.0045653059910030075,
    0.003599037367696708,
    0.008108473157876888,
    0.0032223345919365812,
    0.005513173157420406,
    0.007087296215892954,
    0.0019182355032647518,
    0.0032046034463980894,
    0.0033534299536813763,
    0.002155796135030466,
    0.001747572983492475,
    0.0029083443458701227,
    0.007732758637628897,
    0.002457000833151878,
    0.0017192330834079304,
    0.006149703789265043,
    0.009264711203495295,
    0.005230727801925539,
    0.0030261170514889893,
    0.002377255261443602,
    0.00808014124728607,
    0.002919315505760457,
    0.005086566816718974,
    0.004973984369246807,
    0.005233540247824858,
    0.002920262789029945,
    0.0030522876589386496,
    0.0016936550815397527,
    0.0020001590393652143,
    0.010461274751866971,
    0.0017819536242039034,
    0.001304425273178202,
    0.0018825978251667279,
    0.005219885903683572,
    0.0016696418939843435,
    0.0013000640475969562,
    0.007048431381553877,
    0.004603727061177599,
    0.004499217577725906,
    0.0030779015705553873,
    0.0024631264625834086,
    0.0070167249171932695,
    0.0035040015758501897,
    0.004187031779860884,
    0.005219195386710671,
    0.003615284740517465,
    0.0030920657402282456,
    0.0028824662212989867,
    0.002115159981475982,
    0.0018341577237044942,
    0.16802521913436624,
    0.0016622021725489287,
    0.001434267727247241,
    0.0028297585262139447,
    0.007718703512411871,
    0.002247824479330972,
    0.0014578063543432766,
    0.004164418756598426,
    0.01703589109617138,
    0.004312220702861825,
    0.0029608681264028354,
    0.0029251626712140763,
    0.008450747711096624,
    0.0029527250977346865,
    0.004126734379933483,
    0.00374569053715887,
    0.0057775061170396115,
    0.0031166427237571703,
    0.0028873830748909145,
    0.0015796791287952703,
    0.0015324449550128845,
    0.026212973711842787,
    0.001926605086511765,
    0.0012452852613764102,
    0.0019263950671244558,
    0.012277045471556098,
    0.0017273942594646012,
    0.0012611583656404054,
    0.004240343631110654,
    0.01510979193435642,
    0.00418480152079411,
    0.0033412107452948344,
    0.003512031613646906,
    0.00801832451575189,
    0.003414663094429491,
    0.004223040817123418,
    0.004734414177070189,
    0.004289202998432877,
    0.003423109667186102,
    0.003011222852189429,
    0.001819702410873972,
    0.0017919409580459957,
    0.018630186027417135,
    0.001838595290086961,
    0.0014772849476344344,
    0.002332769919928191,
    0.011132646183606371,
    0.002162909670221155,
    0.0014650126295413064,
    0.004449311116807671,
    0.04204100042913811,
    0.00540342060861395,
    0.013124710716967764,
    0.022265348705205038,
    0.005921727114458586,
    0.027687116859720525,
    0.01308100961242034,
    0.018380007581896122,
    0.011706008183926805,
    0.0054627890930147235,
    0.008442085394232758,
    0.004822523033500806,
    0.014924513132097538,
    0.008668768226066948,
    0.03456046335967187,
    0.01461498963191905
  ],
  "cosine_matrix": 0.22545703747744214,
  "spearman_matrix": -0.10641796593120642,
  "js_divergence_matrix": 0.40336349583174913,
  "matrix_dispersion_js": 0.03460223217531455
}