{
  "semantic_entropy": 2.995732273553991,
  "cosine_vector": 0.2068615289131005,
  "spearman_vector": -0.09719462302746931,
  "js_divergence_vector": 0.519810636499348,
  "vector_dispersion_js": 0.007477087373769731,
  "vector_elements": [
    0.020236729050116357,
    0.01963934830410247,
    0.025742008101552256,
    0.10399999662631207,
    0.030646916742882307,
    0.01920865136161782,
    0.0063957927470780695,
    0.012167795544249765,
    0.011314975200646973,
    0.01274703477265352,
    0.01844090450809781,
    0.010368873999006952,
    0.012749996973660385,
    0.008369043301129593,
    0.017480627657507172,
    0.009007818811747456,
    0.019859471339948507,
    0.011830888644871416,
    0.006143588710396343,
    0.015418283268574307,
    0.009109819917007211,
    0.008584561259379012,
    0.02162868708065415,
    0.017728934320528057,
    0.008907399784535388,
    0.012328213815889756,
    0.00948365973686646,
    0.006060015067144669,
    0.013641206942023304,
    0.006610386052211484,
    0.014287290929353222,
    0.00950933102987386,
    0.005947550528719735,
    0.012218317253815742,
    0.04527279661900206,
    0.010778076855806095,
    0.011290947945924702,
    0.006676070743506524,
    0.012166778039405596,
    0.011167527674141545,
    0.014958975867459043,
    0.01587346998493277,
    0.008557981421688439,
    0.01812524085734229,
    0.07092688060388885,
    0.011274168469495752,
    0.011015751668832816,
    0.005880100561766715,
    0.011639630139304382,
    0.012242623469776068,
    0.042893358513948515,
    0.012544300331818348,
    0.011479103161253914,
    0.01172023863674484,
    0.007021462024184934,
    0.007418502863340894,
    0.01604897156906122,
    0.029814744981192118,
    0.03539817761202802
  ],
  "cosine_matrix": 0.6531373444740065,
  "spearman_matrix": -0.0950258265278721,
  "js_divergence_matrix": 0.1960104831040577,
  "matrix_dispersion_js": 0.07353353554290343
}