{
  "semantic_entropy": 2.995732273553991,
  "cosine_vector": 0.6032981139685223,
  "spearman_vector": 0.06398390342052312,
  "js_divergence_vector": 0.4478320776445157,
  "vector_dispersion_js": 0.08602480067470086,
  "vector_elements": [
    0.01398364347316187,
    0.012879654399178861,
    0.021141576040800022,
    0.12877968435817494,
    0.021282042289470622,
    0.014583696291378422,
    0.014952267879519957,
    0.0067688117472567075,
    0.005994107477410236,
    0.027027528148940497,
    0.016122733339910367,
    0.005419718988882398,
    0.009598792410048695,
    0.01590000940149809,
    0.004412866949776494,
    0.016481251401536702,
    0.009183945967412364,
    0.017000972399916953,
    0.005120556833680289,
    0.01652941461788912,
    0.006385780717202832,
    0.019447858897094605,
    0.00965819361705487,
    0.003932033863826053,
    0.0070675984924931665,
    0.004286012813767037,
    0.01899689262552534,
    0.005234763984726469,
    0.01791688190385481,
    0.009986085626759247,
    0.0028600260690584585,
    0.008163492852329228,
    0.0032241348294442173,
    0.012346771857212389,
    0.005929349962272852,
    0.012148192838582135,
    0.0031242603541706696,
    0.02415054045409561,
    0.008848129767527734,
    0.011867211881990181,
    0.0027378819344117825,
    0.008880354247653202,
    0.014384271766955174,
    0.0061871903409999015,
    0.007686697062092816,
    0.003087450202312095,
    0.013386869480045385,
    0.008447562654293202,
    0.017420641393378504,
    0.010276966247806744,
    0.006754348149673628,
    0.00481005403206101,
    0.00926565260887421,
    0.005029018825182932,
    0.010300272515218147,
    0.007252137320184858,
    0.01362216580692942,
    0.013089765492228237,
    0.0032918310258050164,
    0.028472638825735124,
    0.006093182452480367,
    0.02082593337125297,
    0.002919725829770766,
    0.00821674075772145,
    0.02793398907614791,
    0.008073033666965181,
    0.011144903860379057,
    0.01970954242491368,
    0.036028910091774585,
    0.06190042310481331,
    0.024032357607107726
  ],
  "cosine_matrix": 0.7957937701409757,
  "spearman_matrix": 0.21140215275392185,
  "js_divergence_matrix": 0.12813701002335198,
  "matrix_dispersion_js": 0.034285346647140606
}