{
  "semantic_entropy": 1.666226140413923,
  "cosine_vector": 0.10170353990004305,
  "spearman_vector": -0.1875511396843951,
  "js_divergence_vector": 0.5936025899597359,
  "vector_dispersion_js": 0.011873056018978367,
  "vector_elements": [
    0.02244640645673204,
    0.011903777624718828,
    0.014919242237381908,
    0.05924359896725076,
    0.01333745622164665,
    0.02820429023980062,
    0.008233684311038901,
    0.018687928190901003,
    0.00925672670957242,
    0.0050553857369830734,
    0.0147055619262963,
    0.0038772337388829673,
    0.006991721782929799,
    0.006452511728622563,
    0.012004679519138226,
    0.00553741251786011,
    0.014705993654366483,
    0.020536435914458473,
    0.007412202602419247,
    0.01440678732399132,
    0.00652477345113726,
    0.008895382405808065,
    0.012981173561738947,
    0.024742131013621417,
    0.0223441712392215,
    0.015611256621684881,
    0.013786850129676854,
    0.013022571998377556,
    0.013204847273034493,
    0.013787648832183216,
    0.024997271103926105,
    0.009453244628604777,
    0.005837013005585449,
    0.06413876098030247,
    0.029378577182334775,
    0.011872836046205575,
    0.014664819571819056,
    0.0067843513010566485,
    0.015957234796801945,
    0.013128887827203953,
    0.02140294357051288,
    0.01657515007709984,
    0.01587216341494235,
    0.03795669225966541,
    0.1002382267926352,
    0.039000680353476355,
    0.12992130315635142,
    0.0,
    0.0,
    0.0,
    0.0,
    0.0,
    0.0,
    0.0,
    0.0,
    0.0,
    0.0,
    0.0,
    0.0
  ],
  "cosine_matrix": 0.7522176474953204,
  "spearman_matrix": 0.8492512081848632,
  "js_divergence_matrix": 0.17260630404551283,
  "matrix_dispersion_js": 0.0
}