{
  "semantic_entropy": 2.8309404302537744,
  "cosine_vector": 0.14413834009898113,
  "spearman_vector": -0.16506159014557667,
  "js_divergence_vector": 0.5974550664692444,
  "vector_dispersion_js": 0.012092049262792948,
  "vector_elements": [
    0.030280893006601892,
    0.010551778736233227,
    0.012452979168720698,
    0.020049451950835157,
    0.017299308737118588,
    0.0167171532777658,
    0.009547835574392309,
    0.012027434396736853,
    0.02251957248212538,
    0.00958018410687797,
    0.005918421239666634,
    0.008917758855579314,
    0.0032359457688832184,
    0.008873486800781306,
    0.0043073049280420135,
    0.003290824375000841,
    0.010008547947801483,
    0.006224411945821136,
    0.0029885018126169106,
    0.003388723381935523,
    0.01824834155878581,
    0.006755446215036142,
    0.011443395185382548,
    0.007239920776838127,
    0.004101756989073842,
    0.0058384636505997844,
    0.0030222911790613715,
    0.0035096063943386613,
    0.007297476493228409,
    0.0026628934713970255,
    0.006781560246866912,
    0.0037521211895900626,
    0.0026016374869980994,
    0.004302180021307615,
    0.007410473892264977,
    0.003106981261622728,
    0.003264537289938005,
    0.009378800492568385,
    0.006477121145174457,
    0.0029827410533034234,
    0.0085787801158906,
    0.0060691810774647125,
    0.003015765488961762,
    0.007683087551265354,
    0.03979291077742425,
    0.0038904616933776556,
    0.016006124221762758,
    0.007068118446410402,
    0.007269509289888001,
    0.0068568657709028105,
    0.007364714085913608,
    0.051027284189166765,
    0.0029588471285117448,
    0.030626285098122888,
    0.005437294480781862,
    0.005557079130415864,
    0.003766981050016345,
    0.008126866399507587,
    0.006898791434835397,
    0.006500033634666787,
    0.004179138736173162,
    0.023393408243406667,
    0.005293318385674561,
    0.03381987184478335,
    0.008544970567775763,
    0.009536716832898908,
    0.014228109810278642,
    0.006507258426647384,
    0.006138482358921583,
    0.0031332833255098332,
    0.006308926239554913,
    0.005573577009262974,
    0.0032920689649275523,
    0.016402307218399335,
    0.0089556998959928,
    0.025282453056040034,
    0.005531664724222003,
    0.005484087242429039,
    0.00608691513926351,
    0.0029760227493188258,
    0.0483263850566418,
    0.013555659326493627,
    0.005878594485417452,
    0.009241723463351167,
    0.0037456887765841174,
    0.014703295351820009,
    0.024434320810966432,
    0.0060654491146331525,
    0.005764398818891878,
    0.007641882300768886,
    0.014302034130775148,
    0.031923733706673896,
    0.024305361501353234,
    0.01658994683194868
  ],
  "cosine_matrix": 0.6272267006034171,
  "spearman_matrix": -0.02704264789298925,
  "js_divergence_matrix": 0.17787287143502845,
  "matrix_dispersion_js": 0.07294144771711192
}