{
  "semantic_entropy": 2.995732273553991,
  "cosine_vector": 0.4931136060882874,
  "spearman_vector": 0.1103290425823563,
  "js_divergence_vector": 0.405578079186137,
  "vector_dispersion_js": 0.16391819967886345,
  "vector_elements": [
    0.010922976481575834,
    0.008263937157135231,
    0.02914038470838036,
    0.004844654252729382,
    0.006842448466019477,
    0.011263604403713441,
    0.007575216548513173,
    0.005636307362126869,
    0.003954339591953641,
    0.004983024837997254,
    0.016783645946980473,
    0.006095036389750651,
    0.014852222724260726,
    0.004503796612898823,
    0.004356724330721732,
    0.24494527590294146,
    0.005740288033205143,
    0.005292608914971477,
    0.0022086127246382786,
    0.0037385482939768133,
    0.003129142947987902,
    0.0015910462055879974,
    0.0030498467204813024,
    0.003456974176509687,
    0.006152170087888137,
    0.005030894628675076,
    0.0018563686453932499,
    0.004002977321343394,
    0.004913329816660672,
    0.011348047063443974,
    0.001634046112808467,
    0.002041945467807938,
    0.0034849871347306105,
    0.007876414034957008,
    0.0022924939994680422,
    0.004411092706622764,
    0.0012285483845465893,
    0.0013254080887769538,
    0.024859388900981088,
    0.01612698302888462,
    0.0024542316118304364,
    0.010817370735968902,
    0.0013808411158594996,
    0.10323116485336871,
    0.0029190943655520688,
    0.013984143912103134,
    0.0026134369491491644,
    0.010599225219317283,
    0.0016949786593253489,
    0.007144501433715711,
    0.0035643277658206425,
    0.0036895104312230764,
    0.0035915358736681342,
    0.004885348295449065,
    0.019012428437885517,
    0.004432725818110155,
    0.005825663039804447,
    0.015919400558312643,
    0.0043607348816455645,
    0.0014126309437305722,
    0.003293495438644762,
    0.003938686836045637,
    0.004272728767215828,
    0.0037196488340183473,
    0.009433780742802735,
    0.002494723337244699,
    0.007876312315143305,
    0.003913620488912717,
    0.0023952885346834136,
    0.007311109637306479,
    0.00288009538195283,
    0.011804217933649495,
    0.004655590248627378,
    0.0018441978113165735,
    0.018779784255436242,
    0.0025402877674018404,
    0.007744516182182118,
    0.0014081910555164092,
    0.010291841967773524,
    0.0021539131432604317,
    0.010412929514781332,
    0.003863446448759529,
    0.0024721479438098884,
    0.003341331724517351,
    0.06468177518979641,
    0.005058553134533309,
    0.002343310111633331,
    0.006913085512477016,
    0.0014277758768682718,
    0.009201628985714626,
    0.0021240019348144623,
    0.00884562718761851,
    0.0024051414739371833,
    0.0086007350254663,
    0.0034265726888930517,
    0.003880245336976535,
    0.0037284207539642084,
    0.009232186416418263
  ],
  "cosine_matrix": 0.316485987792843,
  "spearman_matrix": 0.07632731886313358,
  "js_divergence_matrix": 0.2940882820082957,
  "matrix_dispersion_js": 0.1488495889443374
}