{
  "semantic_entropy": 2.995732273553991,
  "cosine_vector": 0.10587671540245759,
  "spearman_vector": 0.02845055526176626,
  "js_divergence_vector": 0.5004838760209389,
  "vector_dispersion_js": 0.012262354445810253,
  "vector_elements": [
    0.00924343914550601,
    0.010435246927058679,
    0.04383497506119458,
    0.018857359061296104,
    0.014945372264323251,
    0.012494611817055641,
    0.008316352113769028,
    0.007355740643563396,
    0.019356815607995948,
    0.01130256392579897,
    0.006117939491147204,
    0.007658849780790229,
    0.004600906519476037,
    0.013113020531184509,
    0.004589136693481049,
    0.01313412361700467,
    0.007611188661211914,
    0.0036021897290815425,
    0.008101930069234245,
    0.013502426065212124,
    0.04079103774251954,
    0.006596953238872687,
    0.00920587718569418,
    0.006458028711465528,
    0.003719436718364455,
    0.008855895465241244,
    0.006402673405905012,
    0.01987275986762007,
    0.007709928607583653,
    0.014623447125956413,
    0.0072112177747728256,
    0.004829093208237582,
    0.02005374357123147,
    0.0038967529016415113,
    0.003813772230224039,
    0.008212886255324403,
    0.012304447302849122,
    0.007001274211518669,
    0.02765469401563395,
    0.007999562037856896,
    0.007090505228600902,
    0.006791116721082386,
    0.006514439108259161,
    0.0047551305876098494,
    0.01180013975700254,
    0.01377620569054734,
    0.005710947739638791,
    0.010826994648324161,
    0.011404520279479576,
    0.006511298658304647,
    0.009050610497057318,
    0.004456566559582106,
    0.04166085275507132,
    0.31901021241030514,
    0.008529388892567451,
    0.005699587677365925,
    0.008665246655420462,
    0.003726280394048605,
    0.00942872976610854,
    0.01715022335885788,
    0.022053333310867514
  ],
  "cosine_matrix": 0.3271533135646744,
  "spearman_matrix": -0.0642647357930277,
  "js_divergence_matrix": 0.29832834785126106,
  "matrix_dispersion_js": 0.14901679678626106
}