{
  "semantic_entropy": 2.995732273553991,
  "cosine_vector": 0.20937073977216583,
  "spearman_vector": -0.06113383985973115,
  "js_divergence_vector": 0.43656718450519083,
  "vector_dispersion_js": 0.05449950393131964,
  "vector_elements": [
    0.0189657534895267,
    0.01911939957914637,
    0.0218505158983782,
    0.11514215628603437,
    0.0306650040688032,
    0.018495783467950878,
    0.005984129426976692,
    0.013218055779250514,
    0.011894967773479457,
    0.013070274106354057,
    0.017819261585676677,
    0.00911552492162484,
    0.012898136981071522,
    0.008140805806498065,
    0.018662075848996037,
    0.009376432438825622,
    0.02141597242977645,
    0.01193132948431326,
    0.0053466534075338554,
    0.015747693374021855,
    0.008784212104783227,
    0.007759224378924845,
    0.019297585064164808,
    0.01642867509178126,
    0.008639248972329455,
    0.013056360321125456,
    0.009629538614783438,
    0.0055920224846095976,
    0.014779974833700088,
    0.006407345315362145,
    0.015090751982620387,
    0.009530963157526197,
    0.005154702271912896,
    0.011854362616825036,
    0.04975704111325152,
    0.010767799649203458,
    0.01184378440231425,
    0.006361352560044227,
    0.0123872488788662,
    0.01128815452352876,
    0.014915503877264284,
    0.016231516448974328,
    0.007793835374667767,
    0.017128440821248023,
    0.07280210629182686,
    0.010641390478499987,
    0.011251349244464373,
    0.0052002980992845805,
    0.011286507397359822,
    0.011597799573239658,
    0.0477763493305305,
    0.012094221763446298,
    0.011648870829141539,
    0.01152643034090603,
    0.00623356610215617,
    0.006690359692972072,
    0.015891005198500056,
    0.027138766893456123,
    0.028881407750165653
  ],
  "cosine_matrix": 0.5056069608101987,
  "spearman_matrix": -0.1197899184446029,
  "js_divergence_matrix": 0.32314562869086366,
  "matrix_dispersion_js": 0.09444553438912612
}