{
  "semantic_entropy": 2.995732273553991,
  "cosine_vector": 0.3312770482113049,
  "spearman_vector": 0.05295103957075788,
  "js_divergence_vector": 0.5032789626972138,
  "vector_dispersion_js": 0.013727983408264421,
  "vector_elements": [
    0.013274623353877354,
    0.012991279334777773,
    0.01667107606690534,
    0.11004227865295542,
    0.022662815162385518,
    0.01241171920301517,
    0.017438555249723875,
    0.008658977975602762,
    0.007579622790179337,
    0.033496251124477454,
    0.014217878688362063,
    0.006481787408489589,
    0.010006554252433356,
    0.01637778711731805,
    0.005778311316323638,
    0.01784550716473946,
    0.01011807177287758,
    0.01732278944461578,
    0.006372462384845665,
    0.017649564101024466,
    0.0074345134619089774,
    0.017869004951138637,
    0.010267633953662175,
    0.005079437868017837,
    0.00813706634073165,
    0.005583779937790613,
    0.019930733871068584,
    0.0064842315013867915,
    0.019745249830314924,
    0.011164485133435709,
    0.004280024966408706,
    0.009563578913779168,
    0.004615482060871211,
    0.014126607676304324,
    0.007105118250952848,
    0.013762495507402222,
    0.004464338985907265,
    0.020247235960897753,
    0.009740025661131349,
    0.013620095242197728,
    0.004135644982979438,
    0.009914365509669686,
    0.013477608470791571,
    0.007401176089732674,
    0.009178361637269396,
    0.004623889679637923,
    0.015118203783982119,
    0.009211229374480465,
    0.01859087701728869,
    0.010253556429572182,
    0.0079784043500106,
    0.005987314928763273,
    0.010997617383751655,
    0.006339250829097492,
    0.011232480766621266,
    0.008856923149834689,
    0.01540644397678881,
    0.01487537594978393,
    0.004746580497611931,
    0.02318191608042526,
    0.007650622438513122,
    0.020489306388411108,
    0.004489115565024369,
    0.00937908200673527,
    0.021286809203247332,
    0.008380156253693502,
    0.010173269446163681,
    0.01920829114722172,
    0.030432174785241524,
    0.03896966103501131,
    0.027415238202405892
  ],
  "cosine_matrix": 0.6572520143451951,
  "spearman_matrix": -0.0027886066398390336,
  "js_divergence_matrix": 0.1911521928507317,
  "matrix_dispersion_js": 0.09159583872917587
}