{
  "semantic_entropy": 2.995732273553991,
  "cosine_vector": 0.3286194684408463,
  "spearman_vector": 0.08817803565293736,
  "js_divergence_vector": 0.41847466528003174,
  "vector_dispersion_js": 0.03514009203278956,
  "vector_elements": [
    0.013756716670683527,
    0.011962823696263652,
    0.011448040338403723,
    0.03356783954124654,
    0.02166094228564306,
    0.016729182414586416,
    0.01575733909016586,
    0.011875960408664624,
    0.013351475168282629,
    0.009587816598403489,
    0.01139153402917914,
    0.004759672497294454,
    0.011520143722723777,
    0.004946023158649257,
    0.005676896775723142,
    0.013503006143594547,
    0.010317340424655026,
    0.013471421985644088,
    0.020006240936494196,
    0.01286474275585502,
    0.009386998389806925,
    0.0203100733132562,
    0.01097882071415928,
    0.043007237131622494,
    0.009635268831525422,
    0.02189416271211559,
    0.017919121412109905,
    0.007002453477937276,
    0.011486126829764317,
    0.005743063414882159,
    0.00834108732419788,
    0.012325954646724695,
    0.01798317055209754,
    0.005119387018758428,
    0.010411105963713833,
    0.011490079836311909,
    0.012697270564005674,
    0.00810790302556734,
    0.016287230901874897,
    0.011253368701066855,
    0.02104046614097541,
    0.010188124494846603,
    0.011588063527612097,
    0.022669916765322658,
    0.00949133672680469,
    0.010605831221153243,
    0.01677913830956436,
    0.017069811047599224,
    0.011806763953833349,
    0.004599605474772077,
    0.012875062059436176,
    0.007887134783978962,
    0.019873148958307954,
    0.011130133807800193,
    0.0059612132377878674,
    0.01783915140032582,
    0.011652560204964706,
    0.022169782206698834,
    0.04145946966268816,
    0.013991172912879438,
    0.01117415611747561,
    0.014961102940761268,
    0.012143098319300145,
    0.006949119856896516,
    0.017010448228534373,
    0.06185456535156899,
    0.014339246187225126,
    0.021355332697231277
  ],
  "cosine_matrix": 0.5558524909554238,
  "spearman_matrix": 0.21992584784125804,
  "js_divergence_matrix": 0.3221284667597173,
  "matrix_dispersion_js": 0.005925971660613773
}