{
  "semantic_entropy": 2.995732273553991,
  "cosine_vector": 0.27901461147202744,
  "spearman_vector": -0.24750830564784054,
  "js_divergence_vector": 0.46324479370099025,
  "vector_dispersion_js": 0.046512792789013435,
  "vector_elements": [
    0.08188426198785394,
    0.027358776126779456,
    0.02973299433870178,
    0.0536499604728652,
    0.05183749812696787,
    0.013803093046226084,
    0.02981499884736214,
    0.01865768821149074,
    0.017567489769976838,
    0.04299162655698072,
    0.02590562558021991,
    0.011811488879646725,
    0.021692662867241086,
    0.022359081556893153,
    0.009024705182164191,
    0.022736782858528797,
    0.02214481408897835,
    0.024124768262226905,
    0.011438116559226458,
    0.0218548754958113,
    0.010446819859170217,
    0.009161846378024634,
    0.03345770452790261,
    0.02025324552245012,
    0.009248861634713983,
    0.017814757024603407,
    0.02753998492776077,
    0.02134020405266299,
    0.010570123038231882,
    0.016545961465482196,
    0.008272980732741098,
    0.00954116901483614,
    0.0189698124646736,
    0.009630233308803953,
    0.017140448153706182,
    0.014552272730427463,
    0.021276536986647127,
    0.024258595500545287,
    0.01589876648516835,
    0.022499982033431096,
    0.02336739869248463,
    0.050329505872756815,
    0.02749148077663366
  ],
  "cosine_matrix": 0.6225179979844857,
  "spearman_matrix": -0.23918676183058074,
  "js_divergence_matrix": 0.24914243462938626,
  "matrix_dispersion_js": 0.06703131097620812
}