{
  "semantic_entropy": 2.9264175554979963,
  "cosine_vector": 0.43000831631308367,
  "spearman_vector": 0.06432411674347158,
  "js_divergence_vector": 0.48249989112741254,
  "vector_dispersion_js": 0.020004532807953446,
  "vector_elements": [
    0.04068879548696324,
    0.014066866433285622,
    0.022119800080403297,
    0.06853521963585843,
    0.01663785945856142,
    0.02402609869817335,
    0.02494205696449751,
    0.014196361571280503,
    0.007542296674017163,
    0.018660968379259044,
    0.006321036141002691,
    0.014188041636663911,
    0.006532036629968667,
    0.0049059675500065895,
    0.011538451256628394,
    0.011372396655811898,
    0.01376766990058123,
    0.006548737222990067,
    0.01286076197916717,
    0.011611916260159241,
    0.01909748649678332,
    0.010719501133212829,
    0.011431791775732955,
    0.025054943309870334,
    0.011197541977106183,
    0.024366692759746476,
    0.022178534904364357,
    0.00704834794632109,
    0.00940989009353625,
    0.005065737604567958,
    0.006385722697771257,
    0.009314529285559215,
    0.005838884446235352,
    0.012046234970671926,
    0.00858438491555979,
    0.03303084949028241,
    0.009281586283139038,
    0.011204473276790722,
    0.00972100661160661,
    0.010036364197558689,
    0.021350779129393226,
    0.0076220046233406455,
    0.02937258437179356,
    0.010004142077322219,
    0.009924593025234815,
    0.007172242188793882,
    0.01332939527811635,
    0.008724615203932919,
    0.008217032772980023,
    0.01560463372245172,
    0.007979285858021535,
    0.009669939161976445,
    0.01757117817545808,
    0.009821568506510114,
    0.01650066664775505,
    0.021640830058326798,
    0.037075415176413884,
    0.008911186159756787,
    0.009777613273077529,
    0.01620829000572407,
    0.0234158221462709,
    0.056531359641634985,
    0.02149698000401805
  ],
  "cosine_matrix": 0.14706356124939837,
  "spearman_matrix": 0.004965651135005977,
  "js_divergence_matrix": 0.6413164561004709,
  "matrix_dispersion_js": 0.07124695157140278
}