{
  "semantic_entropy": 2.8309404302537744,
  "cosine_vector": 0.04975531740058376,
  "spearman_vector": 0.06423651352474252,
  "js_divergence_vector": 0.6381931666314711,
  "vector_dispersion_js": 0.10773984253375257,
  "vector_elements": [
    0.003031775821247384,
    0.002937625514577934,
    0.00977397525024498,
    0.006159233589927897,
    0.012104931534953123,
    0.005039922246301365,
    0.010907301282555,
    0.0057783970659737605,
    0.007530327168261347,
    0.00279042872264692,
    0.004772614543568202,
    0.00403184590320196,
    0.0020840524588445677,
    0.002632491996878751,
    0.002318942809616769,
    0.0023127999884845515,
    0.0044989776559318725,
    0.0030868657678494215,
    0.004173437480498371,
    0.010499366619763037,
    0.004717909379845718,
    0.004791772988939243,
    0.003063091515633682,
    0.007737411020690293,
    0.00477291596957523,
    0.0037155591390270943,
    0.008475450355889754,
    0.0034046515504642235,
    0.0048895223097434,
    0.006815729790170056,
    0.0018233395896693461,
    0.0035701448213382534,
    0.0034872102060408317,
    0.002223691193621814,
    0.0017592483400770346,
    0.0033071585941288474,
    0.009950988576892217,
    0.0027093192937390456,
    0.001835850256467095,
    0.006389176580038797,
    0.010979147970552595,
    0.005752752619088225,
    0.002796566540831275,
    0.00231752236915897,
    0.00888759790930866,
    0.003205950144352186,
    0.006044138962414119,
    0.00573245297168709,
    0.005981970290087495,
    0.0024752269156616156,
    0.002567768248817562,
    0.001634837221539266,
    0.0021941306474658486,
    0.012581172591778822,
    0.0018324643130058673,
    0.0012714794911943058,
    0.0020243283407639164,
    0.006034914242150081,
    0.0016833286453147478,
    0.001295271993795861,
    0.00716859495335172,
    0.00424394561686857,
    0.0051527831888898805,
    0.002911163753414945,
    0.0024298238499488077,
    0.007530153071098074,
    0.0038740494531450498,
    0.004772226142112938,
    0.005644976044738849,
    0.0037843612441438405,
    0.0025596706054675537,
    0.0023951815912204555,
    0.0020348982628900607,
    0.0018815374589844574,
    0.1318760023889098,
    0.0016159888426350172,
    0.0013037403914110453,
    0.0032133423091402413,
    0.008751366347922031,
    0.002352769128920804,
    0.0013682115724025362,
    0.004481693924924926,
    0.017759235484711162,
    0.004928875887940422,
    0.0027352332083135015,
    0.0030356195331148173,
    0.009670107325151382,
    0.0031677939217172554,
    0.00490288943737271,
    0.0038196858886944767,
    0.005661206100268436,
    0.002597773115148834,
    0.0023703598756747764,
    0.0014507892286244044,
    0.0015100766567077613,
    0.011596194304386388,
    0.002054978793710175,
    0.001165940538510756,
    0.0020546233542970047,
    0.014496123206907954,
    0.001752285224507586,
    0.0011458323928607394,
    0.004073674985510504,
    0.011967343091925207,
    0.004828801946212188,
    0.0030769722350979124,
    0.003450837417771302,
    0.008625159350195,
    0.003636188604693242,
    0.004845554722866226,
    0.004878811839834102,
    0.07113503106230296,
    0.0027065186659806168,
    0.002347714394438625,
    0.0015070671778600094,
    0.0017218543507348198,
    0.015285406169648137,
    0.0017896107575583744,
    0.0013053128834576578,
    0.0025241982934003423,
    0.011513634407736664,
    0.0023183400241726755,
    0.0012840585547644777,
    0.004313813568271087,
    0.03414951778039878,
    0.006203639579959888,
    0.009508750360754978,
    0.016612943769828463,
    0.004337926835903432,
    0.022549260341838285,
    0.012606977101259662,
    0.02095276889962289,
    0.012797784708038171,
    0.006444912400671721,
    0.009298845296195643,
    0.005581244984396877,
    0.017555425337441297,
    0.010410724833227882,
    0.036704429273587004,
    0.012728363048992834
  ],
  "cosine_matrix": 0.36377360978042156,
  "spearman_matrix": -0.1188291919655765,
  "js_divergence_matrix": 0.27357948190443593,
  "matrix_dispersion_js": 0.015226046905689886
}