{
  "semantic_entropy": 2.9264175554979963,
  "cosine_vector": 0.12425149451633606,
  "spearman_vector": -0.2070512588953509,
  "js_divergence_vector": 0.6059270251103368,
  "vector_dispersion_js": 0.08985222395642278,
  "vector_elements": [
    0.02383878351873966,
    0.007304818844695469,
    0.01257672222073006,
    0.01735722769601089,
    0.015951685529577,
    0.013814583803705253,
    0.009148300198216027,
    0.010842176565629323,
    0.01957269857967302,
    0.00907852177991888,
    0.006473736398471993,
    0.007809698162037772,
    0.002648899223807102,
    0.008097419324630012,
    0.003957437045878334,
    0.0030898981313672094,
    0.011587039666454751,
    0.005328082310863748,
    0.002565493231384505,
    0.003130268133396829,
    0.019721514859645364,
    0.005987127945601689,
    0.011262901670978404,
    0.007326649682484279,
    0.004124124507434417,
    0.005712481167564408,
    0.002856240583782204,
    0.0038234583093263524,
    0.006437579194345924,
    0.0020317616155165856,
    0.0057924241439977105,
    0.0033320783947566822,
    0.0023956922708065634,
    0.004958755836602858,
    0.007389878820541761,
    0.002609209691221147,
    0.002931234390063663,
    0.00930525902323739,
    0.005541512770724637,
    0.0024932037668321614,
    0.008103662882414774,
    0.00601266056725395,
    0.0029807387101358873,
    0.007178895178442875,
    0.035240349814329754,
    0.003398581001965056,
    0.013991285071321627,
    0.0067380345443335075,
    0.007557469295404807,
    0.008036286459683104,
    0.007197113717384976,
    0.05083121358135226,
    0.0024752544983608223,
    0.022004749410246164,
    0.005103473354654492,
    0.005241862081470969,
    0.003858401352593028,
    0.009519839247147154,
    0.007022787464532845,
    0.005642261259559809,
    0.004072793014004979,
    0.02402099040503746,
    0.0071560679179186225,
    0.032473798363307486,
    0.008954787789686149,
    0.010574277407977287,
    0.011453930418355341,
    0.005687896806294539,
    0.005855623050560716,
    0.00305209832363619,
    0.006238469569148379,
    0.004672366836698396,
    0.003236429304466408,
    0.016864475081284268,
    0.013404034281106062,
    0.026467845764079637,
    0.005074349240482306,
    0.005185563887039617,
    0.0060340061598276986,
    0.0029251195365025406,
    0.04413622374432235,
    0.015609438544853917,
    0.005186615986061199,
    0.0077707317718681964,
    0.003011652890380685,
    0.012517269203386226,
    0.04922293580362087,
    0.005831075696846395,
    0.005353053049667406,
    0.006839963413682522,
    0.009872277619356938,
    0.04512685978161784,
    0.04573794293264477,
    0.012037537901036616
  ],
  "cosine_matrix": 0.7264321719766442,
  "spearman_matrix": -0.0009745467752186668,
  "js_divergence_matrix": 0.14929888483659057,
  "matrix_dispersion_js": 0.07820096242083026
}