{
  "semantic_entropy": 1.666226140413923,
  "cosine_vector": 0.017563409097872098,
  "spearman_vector": -0.20391583869082408,
  "js_divergence_vector": 0.6567071927289463,
  "vector_dispersion_js": 0.1978079069089329,
  "vector_elements": [
    0.007010749153551236,
    0.004433672023625052,
    0.005636541144411695,
    0.02330539716136922,
    0.008072346263288874,
    0.002982240450823694,
    0.0010304590244451831,
    0.007214679308996003,
    0.004309396602619033,
    0.0026785638560202054,
    0.004652251225095611,
    0.002267846072779272,
    0.0035478281280837878,
    0.003185995652032239,
    0.008001761334299775,
    0.004257021695699348,
    0.004967800194710904,
    0.006357634231884147,
    0.0028773862000378097,
    0.004282752057693603,
    0.002457108643901676,
    0.0021754256176880643,
    0.004790935965672112,
    0.0043727906495722646,
    0.009764780146057956,
    0.007493478802175198,
    0.007304652849912983,
    0.009743808092610261,
    0.009492998508589213,
    0.006851140240061666,
    0.012198828267133694,
    0.006553936316655797,
    0.0037836978167042324,
    0.011157482100797051,
    0.01407737460733984,
    0.004798691448173734,
    0.006826862557247697,
    0.004189194354957114,
    0.0066115960884734065,
    0.005545790047338097,
    0.02532749602680303,
    0.00533125753216248,
    0.01706873203756743,
    0.04211481870138452,
    0.2026747390797852,
    0.10000653333013008,
    0.3562135283896387,
    0.0,
    0.0,
    0.0,
    0.0,
    0.0,
    0.0,
    0.0,
    0.0,
    0.0,
    0.0,
    0.0,
    0.0
  ],
  "cosine_matrix": 0.8622850086977172,
  "spearman_matrix": -0.34447691408533027,
  "js_divergence_matrix": 0.09367909631418679,
  "matrix_dispersion_js": 0.014003009588558971
}