{
  "semantic_entropy": 2.995732273553991,
  "cosine_vector": 0.12065753025856417,
  "spearman_vector": 0.04712425393380359,
  "js_divergence_vector": 0.5674488058218623,
  "vector_dispersion_js": 0.11498059616648426,
  "vector_elements": [
    0.006277221397199948,
    0.005778410630654939,
    0.0066505912507230725,
    0.07800873237640021,
    0.013292271110674181,
    0.007818749003938707,
    0.008624033876093349,
    0.011819360787593717,
    0.004649206322799725,
    0.004858643199678787,
    0.0026502334899504362,
    0.005695842961802737,
    0.004940645796465483,
    0.014112650537490065,
    0.007993407769771671,
    0.009671911876871239,
    0.005281640595896319,
    0.006810692040215618,
    0.018777455284652772,
    0.0046191334516626666,
    0.013418200841937154,
    0.007792472372794616,
    0.002034808875364859,
    0.007417368980365131,
    0.00958253944630402,
    0.006935550669170895,
    0.00888323515867667,
    0.01165126355297075,
    0.003304633856526927,
    0.0051206417557446236,
    0.0038995432694012558,
    0.01498106705422909,
    0.004351931753355953,
    0.009595633021408654,
    0.008003563045164565,
    0.004722446427437055,
    0.003924831207708802,
    0.0065013498722380735,
    0.005149302551363249,
    0.009411997801250861,
    0.014731915191564334,
    0.005672971770800001,
    0.0022823903521554303,
    0.005343178550562841,
    0.0024388262256949352,
    0.0021120174069090883,
    0.005637858611376274,
    0.0037013479650477043,
    0.0019079971194581105,
    0.0019445226128916738,
    0.013360038068458093,
    0.0034357413880116336,
    0.007034308401373576,
    0.0055111497202437534,
    0.002386373135981245,
    0.0032572381220682574,
    0.0016286190610341287,
    0.0044052076837295924,
    0.005918353121055863,
    0.008041741301616237,
    0.0016727873757375266,
    0.09177358542202906,
    0.09977473802336495,
    0.010782171101876868,
    0.003753636966528307,
    0.004932608658829023,
    0.004796506746870107,
    0.003685066101778322,
    0.0026817266738501833,
    0.009766716890881768,
    0.004434476298377016,
    0.007788351625748287,
    0.01077392716023867,
    0.013230761290131123,
    0.005001852375489094,
    0.003580954664415415,
    0.005392157004788842,
    0.0045424370186998575,
    0.006453817058660695,
    0.004142753875031263,
    0.015738284829455985,
    0.004890575389960228,
    0.007703870726869204,
    0.02395416539533577,
    0.007132173091545338,
    0.005286010508111468,
    0.0025362350003899164,
    0.008169551953549424,
    0.02636975426154229,
    0.005673970084879305,
    0.008107749208155442,
    0.009820729528696429,
    0.0050495615744453526,
    0.014638155817608755,
    0.062692918213502,
    0.01751025099864506
  ],
  "cosine_matrix": 0.2877191850822705,
  "spearman_matrix": -0.03673697775366251,
  "js_divergence_matrix": 0.41808519035077407,
  "matrix_dispersion_js": 0.044664283380969894
}