{
  "semantic_entropy": 2.9264175554979963,
  "cosine_vector": 0.2918704321219579,
  "spearman_vector": -0.0272654370489174,
  "js_divergence_vector": 0.5627032024855088,
  "vector_dispersion_js": 0.04211710289594528,
  "vector_elements": [
    0.020411954918202396,
    0.04145436722515576,
    0.00872645958881989,
    0.009149841930709593,
    0.009001306510151743,
    0.005658356054543373,
    0.004622268265310306,
    0.007082333615736776,
    0.005099603031090162,
    0.004227943286501528,
    0.00942732890389972,
    0.006181267671194847,
    0.0045378640164044,
    0.01023784171398372,
    0.008887115123531297,
    0.0035184435695924557,
    0.005766341683678318,
    0.006639693267530691,
    0.010812196255073096,
    0.003813293454630578,
    0.009306955618920589,
    0.0059012865293965,
    0.02372238692086048,
    0.0051785499839809125,
    0.010707256924779812,
    0.003001761471910622,
    0.022818563466625287,
    0.006676610044735924,
    0.012922427266661948,
    0.004478368930562781,
    0.010993237707413018,
    0.002880695648551046,
    0.014956417728747508,
    0.005075183209084341,
    0.005642018479692605,
    0.007271953754085677,
    0.0119400955280325,
    0.003434857234714848,
    0.022242864241284445,
    0.017473338033789455,
    0.006278396201227083,
    0.00800730795430591,
    0.008934392994199779,
    0.02140642066607623,
    0.014840538204514142,
    0.0037656673661699528,
    0.008770575709339548,
    0.007164756610552398,
    0.010674941042143185,
    0.01725154097259208,
    0.00733250041240901,
    0.023897234018392048,
    0.006974092250135048,
    0.01694234336873802,
    0.01083509539613196,
    0.006114896634988873,
    0.005868897013834889,
    0.0071571857536764025,
    0.01694435820228406,
    0.006962126890469051,
    0.0035150915034017276,
    0.006159873015078998,
    0.10452118074451883,
    0.0055609859966699845,
    0.017175365619375115,
    0.006005557836156044,
    0.030434670077174687,
    0.005166787557726693,
    0.01396226271201028,
    0.006140489881234882,
    0.005321535800772099,
    0.007339818704731693,
    0.028377511944343,
    0.0257461304458083,
    0.010687086282134538,
    0.004494074854759681,
    0.010685058256808596,
    0.009046515940400571,
    0.007573271692796562,
    0.01292911694857017,
    0.00808173787354925,
    0.007159613244337947,
    0.015089486382613317,
    0.00701524730019353,
    0.011942130467941875,
    0.014759208606241588,
    0.0071062738388995425
  ],
  "cosine_matrix": 0.559905749448104,
  "spearman_matrix": -0.07355987703822507,
  "js_divergence_matrix": 0.2058016289791883,
  "matrix_dispersion_js": 0.09464815658452264
}