{
  "semantic_entropy": 2.995732273553991,
  "cosine_vector": 0.1300814988794047,
  "spearman_vector": -0.20350672121566335,
  "js_divergence_vector": 0.5509344653326753,
  "vector_dispersion_js": 0.07935368207757776,
  "vector_elements": [
    0.013896163859633033,
    0.013410633308652718,
    0.023092065787007024,
    0.13073147159184145,
    0.03038044940135052,
    0.019863228998923285,
    0.005769886429507976,
    0.010641539673708669,
    0.01006243929547645,
    0.013886900466052099,
    0.02027344076238721,
    0.01090935676295879,
    0.010091433995402596,
    0.006268495944282165,
    0.016366909224579233,
    0.007365784610805287,
    0.02185408173832257,
    0.010620663222405059,
    0.005205915595055921,
    0.015878617012059924,
    0.011037632834767096,
    0.011544102243636414,
    0.03828884684115075,
    0.0238820893740136,
    0.00795296238730622,
    0.009619167287905782,
    0.0066968070770456,
    0.004166331785034258,
    0.013252297240118761,
    0.004877922674601445,
    0.015276774609181712,
    0.007849071577930931,
    0.0047631743162649684,
    0.01115381577002924,
    0.04574497988708009,
    0.008900132874949434,
    0.009976450018738262,
    0.006159214794957313,
    0.012749114858939769,
    0.011179189856498678,
    0.02069258246355538,
    0.01844496459671814,
    0.0075121786164803386,
    0.016961289278891775,
    0.06228219194505734,
    0.00845402827119091,
    0.008493411435230351,
    0.00434830501734651,
    0.010399500938378891,
    0.011474446652490526,
    0.03889245982384759,
    0.010496001277678182,
    0.009175362227143343,
    0.011703746174422163,
    0.005942390650684761,
    0.0068890642316792,
    0.01759874423382449,
    0.036781974300023265,
    0.03181780187479455
  ],
  "cosine_matrix": 0.5939433453162329,
  "spearman_matrix": 0.034501022793687906,
  "js_divergence_matrix": 0.27060333418155996,
  "matrix_dispersion_js": 0.05841653739601576
}