{
  "semantic_entropy": 2.995732273553991,
  "cosine_vector": 0.04715927631414839,
  "spearman_vector": -0.02762994823941095,
  "js_divergence_vector": 0.6683575230892913,
  "vector_dispersion_js": 0.10812889574005258,
  "vector_elements": [
    0.0196468339462047,
    0.04197106646316258,
    0.006757538049878942,
    0.007318386945746257,
    0.007609902435184834,
    0.0041572608555321645,
    0.003479568388337791,
    0.0059085840422520375,
    0.0034631661581207953,
    0.0029530866012841537,
    0.007272664574569098,
    0.0043201675663530215,
    0.003764312552923254,
    0.010430889914645174,
    0.00746754172430292,
    0.00248917784809534,
    0.00478281893981639,
    0.0052292781134415265,
    0.010449894647467456,
    0.0022955686971106357,
    0.00840994088248824,
    0.0050963709681235815,
    0.031397639708743694,
    0.00494324178828037,
    0.009864477470747398,
    0.0016547327980581386,
    0.03305554844868231,
    0.005913525952866823,
    0.014916997597696302,
    0.00330585076250688,
    0.009508912237997501,
    0.0015216303106548878,
    0.016431300774014782,
    0.004606165696308883,
    0.004818901709680458,
    0.0074540146876007005,
    0.013057225567607616,
    0.0019809351622969602,
    0.02839013712810848,
    0.025121693251667875,
    0.005468897276396965,
    0.007303702755481496,
    0.00803709659407402,
    0.025086676706869235,
    0.013388663153023598,
    0.0024308819947222414,
    0.007599495399374534,
    0.0069488404513239265,
    0.00917319985279703,
    0.01328309405583077,
    0.004433000651061637,
    0.03180599759506532,
    0.005432146779421863,
    0.013453967909424838,
    0.006980451268668138,
    0.005686739702702095,
    0.00511636413476883,
    0.005698923866105849,
    0.017016002785945547,
    0.006131733770478394,
    0.002497966934093134,
    0.004576610922458429,
    0.13131746601008706,
    0.004106487717039768,
    0.013423076964636854,
    0.0032069019374020733,
    0.04654513356736334,
    0.004180489666333389,
    0.012346216460519109,
    0.004956656085393609,
    0.004407503999670433,
    0.006724239222645333,
    0.030464733106566944,
    0.028904013397784183,
    0.009764551470041023,
    0.0030425698094561377,
    0.008608585121145934,
    0.008064425913057621,
    0.0059493126805931105,
    0.0105317720869967,
    0.005507703479591252,
    0.0036984952154037677,
    0.02080568354336487,
    0.005581518212371644,
    0.007350419458376872,
    0.012706342953900423,
    0.00703829599160972
  ],
  "cosine_matrix": 0.8448042520328098,
  "spearman_matrix": -0.09271828145124056,
  "js_divergence_matrix": 0.061350056705905646,
  "matrix_dispersion_js": 0.07967695874755847
}