{
  "semantic_entropy": 2.995732273553991,
  "cosine_vector": 0.5150957420630676,
  "spearman_vector": 0.13877982482633647,
  "js_divergence_vector": 0.42509820265415765,
  "vector_dispersion_js": 0.04692625873399692,
  "vector_elements": [
    0.09002822893067923,
    0.027985270564380167,
    0.029122420049026636,
    0.053990544684946344,
    0.0485441091272595,
    0.013306505910517895,
    0.031618381892593445,
    0.01923317675679042,
    0.018018625534388596,
    0.04235826599516313,
    0.02417727501633837,
    0.011803923368610381,
    0.021603473576238277,
    0.022170117244214166,
    0.008976992351139445,
    0.022045466575128896,
    0.02119181543081398,
    0.02308965006685703,
    0.011370431967204721,
    0.02226447056668985,
    0.010703277441168831,
    0.009222732281350586,
    0.031623922561992715,
    0.02007894903101634,
    0.009441699604446697,
    0.01718371956992426,
    0.027100645470639798,
    0.020568346165316522,
    0.010418379554172588,
    0.016594670652886098,
    0.008297335326443049,
    0.009856278727257368,
    0.019324149820313108,
    0.00963005951420407,
    0.017761456584159875,
    0.013906327207703177,
    0.021009480593251247,
    0.026225920555034088,
    0.015390336236899161,
    0.021834391628652524,
    0.023960683790653733,
    0.05054397161154148,
    0.02642412046199228
  ],
  "cosine_matrix": 0.3820512050592445,
  "spearman_matrix": -0.19193597100573845,
  "js_divergence_matrix": 0.4888365556497834,
  "matrix_dispersion_js": 0.0444413753245847
}