{
  "semantic_entropy": 2.9264175554979963,
  "cosine_vector": 0.11823185677923245,
  "spearman_vector": -0.14517935194884946,
  "js_divergence_vector": 0.6097169347908147,
  "vector_dispersion_js": 0.06565506201338511,
  "vector_elements": [
    0.021595900447644006,
    0.00981373801279069,
    0.012774147673484648,
    0.02103388606588226,
    0.019873360761243727,
    0.017888216102372817,
    0.00893915695339467,
    0.012073298363150348,
    0.024669710078965675,
    0.009590313551636757,
    0.006639592569628276,
    0.010144688761968597,
    0.003296432380056945,
    0.009244774719850512,
    0.004835664098037034,
    0.003526047892638926,
    0.012364733486289928,
    0.008145267621711697,
    0.003028880431503244,
    0.003859351985254008,
    0.0186413464741051,
    0.007379133366450042,
    0.012738281204809661,
    0.00856572116964514,
    0.00441181005939422,
    0.005950109307724661,
    0.0029750546538623306,
    0.003641585372188104,
    0.009122131245807366,
    0.0027258030446291994,
    0.0069853558338030565,
    0.003981464942452505,
    0.0026845329419103946,
    0.00490478413931041,
    0.00921879379470195,
    0.003177782164099472,
    0.003574877689700332,
    0.010341603570518979,
    0.00788913782712371,
    0.0031447428679633902,
    0.009919113618421717,
    0.006387140416425255,
    0.0029575371030089812,
    0.007435579043784614,
    0.042725898379422006,
    0.0037731214254689773,
    0.016239071113446347,
    0.0076824930013627115,
    0.007814827499623849,
    0.006680806942555288,
    0.007371403843542889,
    0.053013405374609156,
    0.0028373307274961544,
    0.03094354272086531,
    0.005805424558043236,
    0.005675074854685446,
    0.0038085908924038146,
    0.00808400096107814,
    0.006759988891474695,
    0.006053643060036466,
    0.003957428972360685,
    0.023486855103228933,
    0.004920098511814429,
    0.03386935876862693,
    0.007991357295049913,
    0.011994455556065023,
    0.014074024611209785,
    0.006628543881646914,
    0.006096851738834953,
    0.0029566755562489854,
    0.006083634424238148,
    0.005369619334879747,
    0.002999819759635185,
    0.015837483036624272,
    0.00836000993117098,
    0.029945331665484107,
    0.005430908137985687,
    0.005380139695253012,
    0.005722440964437654,
    0.002673939990590238,
    0.05136646119148847,
    0.015582174952900821,
    0.004904000117781583,
    0.007385566919483563,
    0.0031088906362545204,
    0.013313189689277317,
    0.015494778814616195,
    0.005745190358064702,
    0.004885616349645096,
    0.007036688579840271,
    0.010907701457158567,
    0.024818939452529793,
    0.018952332298984957,
    0.015360284191128821
  ],
  "cosine_matrix": 0.6069761765622042,
  "spearman_matrix": -0.02251029082658602,
  "js_divergence_matrix": 0.18498420478005512,
  "matrix_dispersion_js": 0.05242223903715017
}