{
  "semantic_entropy": 2.9264175554979963,
  "cosine_vector": 0.05815254466346006,
  "spearman_vector": 0.11600112485939258,
  "js_divergence_vector": 0.5530293324107434,
  "vector_dispersion_js": 0.1600982826805648,
  "vector_elements": [
    0.007362253235449897,
    0.00448442458297854,
    0.005095313733643504,
    0.008608521888292623,
    0.020010166812108057,
    0.008946209880607231,
    0.004379108293642184,
    0.005545246413044091,
    0.006353067194760904,
    0.0038328142502311448,
    0.0027085980546568684,
    0.0077537742348489985,
    0.0021433804871331635,
    0.0017657675250600153,
    0.005177440164902893,
    0.004894640300413869,
    0.004380133881082123,
    0.008205352751938937,
    0.0029579893391411473,
    0.0029579893391411473,
    0.026456361756155653,
    0.007026024288507441,
    0.006535943055378498,
    0.007019194503051819,
    0.0028851550577513544,
    0.0033466364421707675,
    0.0022969330174218033,
    0.001688742960494259,
    0.00326392297571147,
    0.0025109314851536205,
    0.010150130186678345,
    0.0034431293859513296,
    0.0038844904228994637,
    0.0031508658483880665,
    0.006749179683105413,
    0.003706715305408586,
    0.002435453097816021,
    0.002151467841814042,
    0.0012123249472750185,
    0.005933586934133898,
    0.011501387890515576,
    0.00883761187773836,
    0.002896909337191736,
    0.008991569252624865,
    0.30324816091762424,
    0.004496802724757206,
    0.0038339815297478053,
    0.003457489929453061,
    0.00479060768911732,
    0.0014429424120126488,
    0.0032607036764120624,
    0.0033237278139102116,
    0.003961870113248399,
    0.0033244124137193553,
    0.002853895504591184,
    0.0027881972273336923,
    0.0026648369886899436,
    0.002441744806642545,
    0.0012207335284900973,
    0.006957760324947477,
    0.002378292710712675,
    0.004408716949536086,
    0.009739183681293347,
    0.07093288940107699,
    0.0026486440772586343,
    0.002860877218262331,
    0.0022909307124580848,
    0.0013044222060750114,
    0.005935062243380119,
    0.009441704894564149,
    0.003911473448008087,
    0.004527120138997013,
    0.00495246225079596,
    0.01306227455758035,
    0.004847697278635684,
    0.004151312830483762,
    0.0038357637744416626,
    0.006030868264715636,
    0.01851438503896933,
    0.004290885673393401,
    0.004509224615331591,
    0.005200400307051296,
    0.0041476778683172425,
    0.004177619088355633,
    0.0031573497718429995,
    0.0035353606979052045,
    0.0017067352370273778,
    0.0037420733115538667,
    0.0018109998440602412,
    0.0014430104226255528,
    0.003274714935195659,
    0.00298329009771744,
    0.005219567349192503,
    0.0017319049543894226,
    0.0030630733856651994,
    0.0026053764162802867,
    0.005379918399615498,
    0.0020314433464748544,
    0.004692536793907312,
    0.004256155726439769,
    0.0017430552838697219,
    0.0027514746912908395,
    0.0013757373456454198,
    0.0021725183081374756,
    0.002581186053936707,
    0.0019478323640600313,
    0.003656232050453393,
    0.0028943801447830738,
    0.003348481984948643,
    0.004019018587846836,
    0.0032758140852872965,
    0.0071074737363615225,
    0.002914697379936855,
    0.0031481079659602977,
    0.0024619568818216022,
    0.006496998023340889,
    0.005743355384134357,
    0.003000962638164391,
    0.003933504559090192,
    0.005517171580651215,
    0.03318086023697243,
    0.0032253958643305622,
    0.0024748053070711485,
    0.004282461266496093,
    0.007112732772735894,
    0.01514563147587952,
    0.006050026590094308
  ],
  "cosine_matrix": 0.1718758054516468,
  "spearman_matrix": -0.03697096456692914,
  "js_divergence_matrix": 0.41250997865551,
  "matrix_dispersion_js": 0.12589605065340292
}