{
  "semantic_entropy": 2.8309404302537744,
  "cosine_vector": 0.12877599419655006,
  "spearman_vector": 0.2269343817994427,
  "js_divergence_vector": 0.5486092797673274,
  "vector_dispersion_js": 0.21365070400619013,
  "vector_elements": [
    0.020576070122344563,
    0.006284443845125331,
    0.012451674680495376,
    0.03863491407634529,
    0.00744175436054205,
    0.010570292928117257,
    0.028156740658420314,
    0.006537296645870596,
    0.0035043144654706717,
    0.007888742122338836,
    0.004980071259713999,
    0.0059988581743356,
    0.00623181802115764,
    0.0029082678046265164,
    0.0021278755334046043,
    0.0057135898683181125,
    0.005904074226039556,
    0.008354449939622487,
    0.0025620221337661246,
    0.00555079182139819,
    0.0022269208276818014,
    0.226974466108938,
    0.004653922054556179,
    0.008815393070714106,
    0.006007795121567386,
    0.0019859945691737295,
    0.003698690880173069,
    0.0017892914004456397,
    0.05786874005750186,
    0.0034805431906302343,
    0.012701855025289612,
    0.003836844319739833,
    0.0050240172751461224,
    0.0038064056394299423,
    0.003937153437056319,
    0.0022322357889067363,
    0.0022322357889067363,
    0.0057051023257325036,
    0.0052281370491999634,
    0.004640463656279758,
    0.015232871399203443,
    0.0036215878934812147,
    0.0029182260327612476,
    0.003547932986284227,
    0.012693334544079237,
    0.002614743406648076,
    0.003961386389766712,
    0.0021437397682310053,
    0.0038553036144894524,
    0.003925289438753176,
    0.0026604073662156347,
    0.042154233726530675,
    0.0025708415591789,
    0.21007688775988156,
    0.002993058893181418,
    0.012840460569036422,
    0.004617418640805907,
    0.006660465061238478,
    0.008268586767389705,
    0.050527078394896265,
    0.002729548198216673,
    0.004458986119130098,
    0.002229493059565049,
    0.0030825718995774495,
    0.004774858220857208,
    0.00910538236800893,
    0.011797443886002287,
    0.004713591762066986
  ],
  "cosine_matrix": 0.1115123020351284,
  "spearman_matrix": 0.1528696901449507,
  "js_divergence_matrix": 0.5817323024747364,
  "matrix_dispersion_js": 0.1700010071091154
}