{
  "semantic_entropy": 2.995732273553991,
  "cosine_vector": 0.24374455772123932,
  "spearman_vector": 0.015841013824884793,
  "js_divergence_vector": 0.5363711621682361,
  "vector_dispersion_js": 0.051943781333868344,
  "vector_elements": [
    0.03506903798192315,
    0.011544888017236384,
    0.060059197420864956,
    0.02473813047959054,
    0.01391316981753,
    0.02259985217741701,
    0.015026710795337246,
    0.011119585497389346,
    0.01735325110122894,
    0.008931534398260818,
    0.02457572951540966,
    0.009193963435078029,
    0.018509077958912677,
    0.009016613901960256,
    0.005235474038185622,
    0.010686687435044922,
    0.009016069730793903,
    0.018341670068562115,
    0.00893140857300865,
    0.017448772184201065,
    0.006924263830951973,
    0.018841486471342428,
    0.009637695698008172,
    0.007049539697340249,
    0.006469221464752079,
    0.010635182827009872,
    0.012541155282198008,
    0.009232863688664923,
    0.0074429524656127125,
    0.01117909995464199,
    0.008493986221141284,
    0.027056939449525762,
    0.02007072485336601,
    0.0162138618870811,
    0.006159712145688808,
    0.005804995883066237,
    0.006401386950964276,
    0.010912388364690377,
    0.007968707802076737,
    0.009477650257176808,
    0.04565392607643866,
    0.009415819965173914,
    0.005204346653630755,
    0.012581997232940054,
    0.007376366946881644,
    0.013576943787572054,
    0.008481734367475636,
    0.006010919395600536,
    0.015758163715876534,
    0.007264024484105452,
    0.02174211610702005,
    0.02624050316237886,
    0.008046385803600743,
    0.004201723645134275,
    0.01272777777806667,
    0.017591868608802304,
    0.00865602780511719,
    0.07152496781925716,
    0.020789515020264694,
    0.015850558531925515,
    0.010927522913528078,
    0.06255476609021009,
    0.017997384365764105
  ],
  "cosine_matrix": 0.6481653029221512,
  "spearman_matrix": -0.022664650537634414,
  "js_divergence_matrix": 0.21587621094170895,
  "matrix_dispersion_js": 0.06945224551955287
}