{
  "semantic_entropy": 2.995732273553991,
  "cosine_vector": 0.3320427979958497,
  "spearman_vector": 0.03862567020461757,
  "js_divergence_vector": 0.5013768536468057,
  "vector_dispersion_js": 0.058379290831090724,
  "vector_elements": [
    0.02477255668421368,
    0.023003297677087774,
    0.03898982016923469,
    0.06605666130392542,
    0.046382141363474134,
    0.030838097233774262,
    0.010542940576814926,
    0.023650313422755143,
    0.03114102600841758,
    0.020573308671129876,
    0.02838330192839555,
    0.008646244726274241,
    0.029639803756336267,
    0.02225980570023935,
    0.02126064154251548,
    0.00848368410568609,
    0.016854679902112417,
    0.008260056952143033,
    0.0066014404522231444,
    0.02942367214598843,
    0.017187645213952708,
    0.00727267786178512,
    0.013471190810092687,
    0.019404797843669976,
    0.04191525371412326,
    0.00920935111875191,
    0.015916517233906753,
    0.007958258616953377,
    0.010192720314799581,
    0.017755182048374757,
    0.019044496767786894,
    0.02105616977354337,
    0.057690049628447405,
    0.025388238120178843,
    0.026655125500868817,
    0.043482510511493745,
    0.11957224845179161,
    0.031064072146737676
  ],
  "cosine_matrix": 0.6420973215220152,
  "spearman_matrix": 0.0398566582777109,
  "js_divergence_matrix": 0.26799959446540383,
  "matrix_dispersion_js": 0.05401045846630245
}