{
  "semantic_entropy": 2.9264175554979963,
  "cosine_vector": 0.23562871425994503,
  "spearman_vector": -0.07826086956521738,
  "js_divergence_vector": 0.54828904083179,
  "vector_dispersion_js": 0.04446395638162626,
  "vector_elements": [
    0.016708337685356872,
    0.017386664566097852,
    0.02200989878943393,
    0.06565724976568449,
    0.047897851066387755,
    0.029192561195319527,
    0.029490358081795336,
    0.014538266970429783,
    0.012937847574796801,
    0.0379844402435402,
    0.024676869527297238,
    0.012097314810193365,
    0.012112669021850741,
    0.008664013067835558,
    0.0462542835111533,
    0.008432280336912013,
    0.022671506622437308,
    0.011766320423890548,
    0.0064009453156505585,
    0.013280530550477135,
    0.03160239454226793,
    0.03511297167654611,
    0.009294018454049124,
    0.009654498902296742,
    0.007161450142410819,
    0.06183500628075644,
    0.007748388319192795,
    0.019043132065035513,
    0.01084551634525873,
    0.007037556306327678,
    0.011682166451972852,
    0.018960099962560588,
    0.018347891859132836,
    0.01004953990555827,
    0.024409285450576034,
    0.017366919318370096,
    0.018159803636303637,
    0.0233055166597967,
    0.014655515732528811,
    0.015846433378084345,
    0.015325551053611794,
    0.01716566107440119,
    0.011782277147337034,
    0.0352232381221937,
    0.05924760772570126,
    0.028977350361188658
  ],
  "cosine_matrix": 0.1275539166823458,
  "spearman_matrix": -0.023188405797101453,
  "js_divergence_matrix": 0.6388590550211398,
  "matrix_dispersion_js": 0.016929011401539906
}