{
  "semantic_entropy": 2.995732273553991,
  "cosine_vector": 0.23727990538302063,
  "spearman_vector": -0.007659417392106802,
  "js_divergence_vector": 0.47482884744597476,
  "vector_dispersion_js": 0.04505726624323092,
  "vector_elements": [
    0.01577615029516643,
    0.01621568662899909,
    0.040439634422623286,
    0.07910963239354023,
    0.018600648455201044,
    0.02391462579633479,
    0.020317112675565994,
    0.02399724128148252,
    0.0158250642313235,
    0.00726160814617879,
    0.012509406034522087,
    0.018025705895532852,
    0.005236475462185532,
    0.01457357954255758,
    0.00846533040986027,
    0.011329535308351886,
    0.01532783628222186,
    0.004329422080005353,
    0.012231258345467977,
    0.02141118012937568,
    0.03218031347086794,
    0.007850127706891826,
    0.019108553226918016,
    0.007108031775357057,
    0.01518530670279536,
    0.014056276158089898,
    0.0230377170346902,
    0.016741711210160125,
    0.005373272117740076,
    0.012387224314074598,
    0.006278499628650783,
    0.009684150022288533,
    0.007767660147155727,
    0.014562112376189571,
    0.014317549865210394,
    0.016413150666844855,
    0.01263305717778845,
    0.015465039848118391,
    0.005199761511851279,
    0.009488948685537414,
    0.007401346720259598,
    0.018361738465860408,
    0.01852832524161837,
    0.010204759909742721,
    0.027874733845563077,
    0.022011304907512002,
    0.007026398638530834,
    0.014207438572676692,
    0.017536812033566284,
    0.008619640123893896,
    0.03410700245047266,
    0.019305697593326076,
    0.023929855041838005,
    0.017505192917246195,
    0.01928124404131311,
    0.019155918913046167,
    0.04279200921874568,
    0.02241498390107082
  ],
  "cosine_matrix": 0.4679043845782422,
  "spearman_matrix": 0.06828382016295241,
  "js_divergence_matrix": 0.3525887973205646,
  "matrix_dispersion_js": 0.07600542626871422
}