{
  "semantic_entropy": 2.995732273553991,
  "cosine_vector": 0.25362597372923107,
  "spearman_vector": 0.12756467439785907,
  "js_divergence_vector": 0.5505671337921862,
  "vector_dispersion_js": 0.013629658176149917,
  "vector_elements": [
    0.017137504522153,
    0.017300621343488747,
    0.04088509231693703,
    0.06617100491892804,
    0.017666422131766654,
    0.02112839146558079,
    0.018146514395531856,
    0.022191442812408136,
    0.01624697514604398,
    0.008467491941850846,
    0.012939698073751777,
    0.017442537752749097,
    0.006329317167203272,
    0.014276176103479867,
    0.009119783459980064,
    0.011329151500293283,
    0.014252139935520401,
    0.005452792438985735,
    0.012080258966909039,
    0.019540342257020428,
    0.027126699129005127,
    0.008865919449257994,
    0.017875066216031427,
    0.007628493062253672,
    0.014281612306374805,
    0.012684305867557838,
    0.01998992528839229,
    0.016355631752093945,
    0.00668741975729265,
    0.012126770601823392,
    0.007100657997631456,
    0.009457840727488306,
    0.007939687158146358,
    0.014669107187979086,
    0.01247624055306071,
    0.015092626829228926,
    0.013255118211480794,
    0.014264286024382422,
    0.006095680651734686,
    0.009330067536606135,
    0.007578162188260045,
    0.016898274879323476,
    0.020372326635863247,
    0.010424150081532961,
    0.028419691213423186,
    0.021804916896321004,
    0.008209103480277034,
    0.014016794250715225,
    0.016131833284021305,
    0.00897741375307385,
    0.028478457208772578,
    0.016544079290148065,
    0.022301563954172193,
    0.02318630605750582,
    0.02050170674712765,
    0.02218041003855107,
    0.06595547330949787,
    0.026612521773009403
  ],
  "cosine_matrix": 0.6121908922980189,
  "spearman_matrix": 0.09379351359110812,
  "js_divergence_matrix": 0.236599067904883,
  "matrix_dispersion_js": 0.057714852825677516
}