{
  "semantic_entropy": 2.8309404302537744,
  "cosine_vector": 0.1858464731028707,
  "spearman_vector": 0.35525001314474997,
  "js_divergence_vector": 0.43627796683358655,
  "vector_dispersion_js": 0.11460461583173132,
  "vector_elements": [
    0.02193133854969868,
    0.012014551427791032,
    0.01070446219737449,
    0.044180061727033836,
    0.023171479249774852,
    0.009589954647143397,
    0.01286648733491933,
    0.012008851496448869,
    0.010714209077254752,
    0.005298163398864637,
    0.02733586297121747,
    0.006859469130479192,
    0.025136381650386192,
    0.00797989908199805,
    0.009180520134044265,
    0.01202169690200138,
    0.008582013775624153,
    0.011664881220745058,
    0.0036174436067757,
    0.007382375480073845,
    0.006392606513009071,
    0.013496354348781646,
    0.007145585847896657,
    0.006778832778556473,
    0.0183254455718708,
    0.004091359600320549,
    0.010869938920252554,
    0.0071465883863556946,
    0.008840555992866962,
    0.00448178641111273,
    0.008037492297862549,
    0.0037733145311574755,
    0.003497057048313645,
    0.011532609013124535,
    0.0038311947654946043,
    0.00903059291817947,
    0.006577698131858511,
    0.0032494182105122353,
    0.005284296358907957,
    0.008373584578627476,
    0.007171438555083857,
    0.0032588512206779244,
    0.009333488340686763,
    0.006384436519329242,
    0.0036089956566447874,
    0.0073706915843914445,
    0.009585780110704597,
    0.003962345251911126,
    0.010263482490055247,
    0.004181376307663999,
    0.009831215102040207,
    0.007797671344367544,
    0.005809179450163301,
    0.0043838582462771775,
    0.010051486293990691,
    0.007717093044719561,
    0.008109066722472748,
    0.008938653275934934,
    0.007718469932662012,
    0.012220200788151838,
    0.009762023593565325,
    0.004958868965400145,
    0.01449897882263508,
    0.003801063560804742,
    0.008677718989990297,
    0.007072858631198323,
    0.005448280686286458,
    0.008143779930781319,
    0.004044986877668046,
    0.01314533978715247,
    0.02848614256296182,
    0.22849947658611766,
    0.008632311833703938,
    0.01003861612323602,
    0.0232071524711999,
    0.02375561268717483,
    0.017132592367483816
  ],
  "cosine_matrix": 0.4383765489748417,
  "spearman_matrix": 0.053263278075308146,
  "js_divergence_matrix": 0.30226844260653113,
  "matrix_dispersion_js": 0.13756280364531917
}