{
  "semantic_entropy": 2.8309404302537744,
  "cosine_vector": 0.1335140040643165,
  "spearman_vector": 0.29223408170776594,
  "js_divergence_vector": 0.4971264162926321,
  "vector_dispersion_js": 0.08627642321632578,
  "vector_elements": [
    0.018494895304574335,
    0.011382739100995961,
    0.015561593632402674,
    0.044638538571924596,
    0.019628803824143195,
    0.011075799656686432,
    0.010512610742297278,
    0.01010181079693448,
    0.01208697064221366,
    0.005563285554460965,
    0.020419394290506532,
    0.00562215018586475,
    0.019052156430428437,
    0.0064680308071969,
    0.007979163672047283,
    0.0120413347509219,
    0.009133188957694324,
    0.012494255439659584,
    0.003538070593197081,
    0.0065895893113395035,
    0.005705432413864401,
    0.012752769391916002,
    0.007363174869027897,
    0.007044905095827465,
    0.018777359435714625,
    0.004340160292951647,
    0.014210417438400545,
    0.007180501726363308,
    0.008071187909668024,
    0.004390817261798199,
    0.007853618377535626,
    0.0035824669641390068,
    0.003602633940974584,
    0.011238741164343513,
    0.004085371416078266,
    0.00911150130043645,
    0.006496290832339485,
    0.0030436199269388764,
    0.005086845860838363,
    0.00802507638348011,
    0.0070418629384166685,
    0.0030441113398896632,
    0.009177523555205166,
    0.006008764091881087,
    0.0034556607950308633,
    0.007106487590417845,
    0.009173193090857895,
    0.003723520226913934,
    0.010091491481569707,
    0.004138304824284094,
    0.01033060747154098,
    0.00810779726676338,
    0.005716141888982015,
    0.004327939767580356,
    0.009420544530614996,
    0.007316446457137948,
    0.008022702540079864,
    0.008664621946309126,
    0.0074884826273212135,
    0.012433627205252203,
    0.009999949869840078,
    0.006403167069825313,
    0.015165803194625925,
    0.0042859090137870055,
    0.012345444309766548,
    0.010104907720986642,
    0.005584232031158176,
    0.00822216921491341,
    0.00445079926128713,
    0.015019882933802913,
    0.03797309548031153,
    0.1866786058334263,
    0.00971393591988605,
    0.01325594544343637,
    0.03203730110910446,
    0.05207750708632765,
    0.017544238603339212
  ],
  "cosine_matrix": 0.5057841979222701,
  "spearman_matrix": 0.038091339380276014,
  "js_divergence_matrix": 0.2966180180286534,
  "matrix_dispersion_js": 0.09222594165744134
}