{
  "semantic_entropy": 2.995732273553991,
  "cosine_vector": 0.46860811256747786,
  "spearman_vector": 0.20243902439024392,
  "js_divergence_vector": 0.3714075207271983,
  "vector_dispersion_js": 0.04281925809454101,
  "vector_elements": [
    0.031348023895967775,
    0.01795450613453719,
    0.014135062345650033,
    0.04547432082009046,
    0.029165620751831666,
    0.046583518168125934,
    0.01502960519583319,
    0.02584666233743709,
    0.01584979780063356,
    0.011856119158183175,
    0.020200951798032787,
    0.017198314978812648,
    0.017293248280673815,
    0.008241587271651057,
    0.014120292814482334,
    0.01408283698867296,
    0.03983826741030122,
    0.01821679140216759,
    0.007413910495315777,
    0.02074188944524052,
    0.03706654932265885,
    0.013757431336139245,
    0.042390921629686114,
    0.03207481671481212,
    0.007890635912084986,
    0.00918101390056419,
    0.015094407066243461,
    0.043352263635635206,
    0.029455901279426978,
    0.02969967511799976,
    0.020261864568400515,
    0.016361103110792852,
    0.052157051760998566,
    0.009287949252141053,
    0.016845602436914596,
    0.02877712449818842,
    0.020747539578166375,
    0.037340927861566044,
    0.0687543784065117,
    0.03891151511742826
  ],
  "cosine_matrix": 0.3860790444518774,
  "spearman_matrix": 0.08536585365853659,
  "js_divergence_matrix": 0.4611510782334611,
  "matrix_dispersion_js": 0.02790078230969378
}