{
  "semantic_entropy": 2.9264175554979963,
  "cosine_vector": 0.09165865194229171,
  "spearman_vector": 0.06759701912260968,
  "js_divergence_vector": 0.5629308788947092,
  "vector_dispersion_js": 0.14177563137642935,
  "vector_elements": [
    0.008352576979889998,
    0.0048101303455947856,
    0.0064955500731573405,
    0.010549072688994101,
    0.020392513516536585,
    0.01073975527034935,
    0.00569625762479259,
    0.0069739869930063566,
    0.007447753759271239,
    0.004475570809573767,
    0.002731383505763198,
    0.007806402745208266,
    0.002188786177692073,
    0.001921434300640459,
    0.0052185002915169434,
    0.004964317217300954,
    0.004627695977207803,
    0.007464863112878962,
    0.0029268281668103605,
    0.0029268281668103605,
    0.029186243011209877,
    0.007107402625702441,
    0.007822192176066093,
    0.00749598698934906,
    0.002917715490692048,
    0.0036817506226912078,
    0.0024787963479235477,
    0.0018411664523456204,
    0.0029296045160864476,
    0.002522607289788589,
    0.009697134957706384,
    0.004122727158359598,
    0.004461320942743119,
    0.0034602837678207182,
    0.007926335862311722,
    0.004681038614903198,
    0.0025394931090475413,
    0.0023093683150666277,
    0.001282121526502154,
    0.005693346570248753,
    0.009779261652433868,
    0.007737776368503119,
    0.0033024637209196966,
    0.012104552077473598,
    0.23084207489097525,
    0.005029655057472645,
    0.004262596702641704,
    0.0037576846654581364,
    0.0049752332834540934,
    0.0014670874278255438,
    0.0033424182112827385,
    0.0036136810273049145,
    0.004728240072517689,
    0.004650522364222819,
    0.0027525945224854942,
    0.0028493954026437163,
    0.0028492222523758067,
    0.0024721012138093287,
    0.0013605040102043018,
    0.007294929960798831,
    0.002579111026867514,
    0.005804114230452338,
    0.011524783496864921,
    0.060935005621724526,
    0.0028779492126454406,
    0.0032258001317186404,
    0.0023622668566884004,
    0.0015569273149443172,
    0.005975365610730415,
    0.009231172419710214,
    0.004661062410734961,
    0.004779634490118755,
    0.0066902140743619895,
    0.025859142518031102,
    0.004924774919109524,
    0.0037546486673446238,
    0.0035863117034799588,
    0.005867018397016012,
    0.01896417166186563,
    0.004296914581576873,
    0.005121458085644159,
    0.005704939561508629,
    0.004555448364519278,
    0.004199311958864219,
    0.004198934303513479,
    0.003584985030885002,
    0.0018122344844453745,
    0.003900649430317218,
    0.001969138312742025,
    0.0016321441301540985,
    0.003444436745827891,
    0.0031380656615486212,
    0.003993483988779348,
    0.0020212786728658174,
    0.0034771035622704104,
    0.0028598638427341414,
    0.006874287525264864,
    0.002804049117958107,
    0.006742638641663265,
    0.004887502499816948,
    0.0019651294465684007,
    0.003142591042076831,
    0.0015712955210384154,
    0.003566589890901917,
    0.0027418738882602164,
    0.002593916467593455,
    0.003982903298060949,
    0.0036098353883262124,
    0.00450352294403662,
    0.005942795512439102,
    0.005404262655986723,
    0.009887402754602268,
    0.003935868569210484,
    0.004132062801975932,
    0.004115432626430085,
    0.010803120898063826,
    0.00785627055259374,
    0.003945655391787072,
    0.004102703473832027,
    0.0060445150978493374,
    0.021308605651741804,
    0.005709222949722993,
    0.003197229690919773,
    0.004916264572262196,
    0.009040892198834428,
    0.027131967128311694,
    0.006430887364901093
  ],
  "cosine_matrix": 0.4762807113633009,
  "spearman_matrix": -0.08201496891692886,
  "js_divergence_matrix": 0.2640049743283993,
  "matrix_dispersion_js": 0.12405882754094454
}