{
  "semantic_entropy": 2.995732273553991,
  "cosine_vector": 0.11550396671254018,
  "spearman_vector": -0.11603248212875399,
  "js_divergence_vector": 0.6034516214183157,
  "vector_dispersion_js": 0.01117024992840232,
  "vector_elements": [
    0.010645793070119926,
    0.010039860539787804,
    0.014360343168350512,
    0.029495697160396215,
    0.00813683290442953,
    0.009955180895225272,
    0.007339961424753411,
    0.005870100807562661,
    0.005878834154867977,
    0.0075510030585816705,
    0.007900618510019103,
    0.004447669625579334,
    0.012455007359574827,
    0.021904307049261725,
    0.004341532214053692,
    0.009112271335002692,
    0.020147455551363862,
    0.008370560515731365,
    0.0034810808783225598,
    0.00781727549385054,
    0.0034187552586624334,
    0.002647212980379168,
    0.005942394089138387,
    0.00532000377582811,
    0.006101436673447245,
    0.0031845547860548415,
    0.006726220752915128,
    0.006197720047990154,
    0.009243663007587472,
    0.00805719101055041,
    0.0035782178466534343,
    0.004564578568391099,
    0.0025230335590230115,
    0.0032925791554443726,
    0.00580785853443111,
    0.0024171069454330895,
    0.005820916433936197,
    0.003342608597979366,
    0.002404001331372454,
    0.004857917117108483,
    0.004244509722074817,
    0.00921116169553884,
    0.0028241753669807183,
    0.009208865584557198,
    0.004867067964544276,
    0.007607162989175372,
    0.004770629422906676,
    0.0032903880571491053,
    0.004279805630958217,
    0.002380647090306571,
    0.0030422565784852707,
    0.004803074110405868,
    0.0037330348173082104,
    0.007472930109526366,
    0.0032668016427444546,
    0.004852127465451302,
    0.004343033303941003,
    0.00565530482897442,
    0.0042525171217616155,
    0.008393005653853283,
    0.008613280495643888,
    0.003303746015916731,
    0.01065262205857004,
    0.01959813864184179,
    0.0039813410195959405,
    0.004260462237556429,
    0.0032718820628254335,
    0.006109988428868501,
    0.004939570310074473,
    0.01635604809263776,
    0.004724679705292893,
    0.005285718236672463,
    0.003215799163057802,
    0.0031866220997113655,
    0.005164196062845276,
    0.0042192940160821,
    0.006946291819458451,
    0.003951961893944937,
    0.14353204297380603,
    0.0044377345684206305,
    0.005653196320129561,
    0.006453652836104372,
    0.005413577647394134,
    0.0088049085432267,
    0.01961337230508646,
    0.00399627193056551,
    0.007494023830397735,
    0.0031095463326218814,
    0.004997560072162283,
    0.0032207887509105625,
    0.007195949676157993,
    0.0041936211520495655,
    0.007110607371931815,
    0.0041871560319819544,
    0.007250510364305765,
    0.004831340378322603,
    0.0034348210415129066,
    0.007935610396492663,
    0.006081164870435397,
    0.004041403777628535,
    0.02812200645219285,
    0.003640833959876318,
    0.008092085877457899,
    0.010505792642969605,
    0.010782254142484925,
    0.021576946074376723,
    0.004231118883200126,
    0.004462269907769337,
    0.004414241772004698,
    0.007992876491646888,
    0.012811105657102117,
    0.039811159902873115,
    0.02895797669690435,
    0.016630972661095447
  ],
  "cosine_matrix": 0.4988412781031453,
  "spearman_matrix": -0.03895196445032987,
  "js_divergence_matrix": 0.1953886045327946,
  "matrix_dispersion_js": 0.09291130130085933
}