{
  "semantic_entropy": 2.995732273553991,
  "cosine_vector": 0.2021950825734354,
  "spearman_vector": 0.06845238095238096,
  "js_divergence_vector": 0.5273253349712426,
  "vector_dispersion_js": 0.059284949169742696,
  "vector_elements": [
    0.03911510758916795,
    0.012697978114158575,
    0.04189921296942328,
    0.02522389051673523,
    0.01479603063704841,
    0.01866919979357507,
    0.015115621702982454,
    0.012619453755068776,
    0.01608151447022587,
    0.00933069070797398,
    0.020562364085452717,
    0.009529646267830734,
    0.01712176870922169,
    0.01072784620460008,
    0.005983546355722281,
    0.012745000854253756,
    0.00950336661712341,
    0.023783421650683544,
    0.011909373445830714,
    0.019922300367869697,
    0.009032121672412866,
    0.0198102095373728,
    0.01098578955132446,
    0.006789945206452598,
    0.00575015082114373,
    0.010461614194661614,
    0.01241826524380166,
    0.011328882893738021,
    0.008782096218264049,
    0.013058804606202698,
    0.009123492646488755,
    0.021280839333230835,
    0.016178454857297127,
    0.0163426911786185,
    0.006223557378697185,
    0.005763157760942869,
    0.0063554150036008675,
    0.011724326017789694,
    0.009154678099234577,
    0.011460991141023523,
    0.06331647954215293,
    0.01163933816095589,
    0.006131836957135933,
    0.0124854244905553,
    0.007704361902469333,
    0.013274669333671843,
    0.009474644357776374,
    0.00641770733707676,
    0.013800399575925016,
    0.008752206778739013,
    0.028623000508324725,
    0.04587213594828511,
    0.010011833357994496,
    0.004943540082363964,
    0.012786697412561965,
    0.016285846730782573,
    0.008242042161810948,
    0.05571451103174882,
    0.021111569536342988,
    0.015907294995674247,
    0.008339998941846609,
    0.028581504984884633,
    0.021220137693673813
  ],
  "cosine_matrix": 0.6782481793390717,
  "spearman_matrix": -0.04537717440943247,
  "js_divergence_matrix": 0.21981846909237746,
  "matrix_dispersion_js": 0.08279389828769963
}