{
  "semantic_entropy": 2.995732273553991,
  "cosine_vector": 0.8067564149865613,
  "spearman_vector": 0.0743836428667062,
  "js_divergence_vector": 0.4078673957987107,
  "vector_dispersion_js": 0.02730037537353125,
  "vector_elements": [
    0.014876259231926947,
    0.00987679651440523,
    0.03008216202034072,
    0.005029100122261334,
    0.008025404835365808,
    0.011305690171840601,
    0.007993663104069664,
    0.005867011592436323,
    0.0042687335954842654,
    0.006161518810309984,
    0.017098194526136035,
    0.006648104008730998,
    0.015061095833782328,
    0.00486621653563988,
    0.0052495175821933885,
    0.19633675557826064,
    0.005910646424463658,
    0.0058006139250464965,
    0.002640743388093704,
    0.004111885372141879,
    0.0035612656198326627,
    0.0021235601136323067,
    0.0033792467293934413,
    0.004209423692341585,
    0.007164187346236478,
    0.005302382611706941,
    0.002306444372241347,
    0.004550198127297932,
    0.005691601665786734,
    0.01116610185729595,
    0.0021094108287212318,
    0.0023522293498027544,
    0.003927417362319932,
    0.009842339479907184,
    0.0026817236806958513,
    0.0045565594638006515,
    0.0016827077407035912,
    0.001737230220176872,
    0.023387327612557213,
    0.0165833001608556,
    0.0029399566634074606,
    0.010819826867089348,
    0.0018377172942086993,
    0.09270803179299139,
    0.003364748300284099,
    0.015392219339169002,
    0.0030359295153056217,
    0.010526862332390367,
    0.0021039516959931765,
    0.008047942594448677,
    0.003980275447294153,
    0.003880719976856213,
    0.004510406473783098,
    0.005671356983803924,
    0.019974531526950116,
    0.004999692368308618,
    0.006717780242602741,
    0.01750180293119915,
    0.0049146803359660955,
    0.001876769759137301,
    0.003911520371627761,
    0.004593866489449252,
    0.004693963070925582,
    0.0043996071794881195,
    0.009439774391108456,
    0.003044140068119761,
    0.008559688910867145,
    0.004555054702919966,
    0.003033813999532011,
    0.007651229519616768,
    0.0033923846580599997,
    0.012274057500528995,
    0.005483160136171226,
    0.0024478289433952647,
    0.019352774213925818,
    0.0031581264844838387,
    0.007897986048772539,
    0.0018956310051447254,
    0.017845126273726857,
    0.0026971901112213237,
    0.011200182440681768,
    0.0046053410946729715,
    0.0029539797884945993,
    0.003738262429294842,
    0.057167321818049656,
    0.00683372191168622,
    0.0027655276863006203,
    0.007368829313372708,
    0.0018980946523346456,
    0.010473609585877496,
    0.002495205481450286,
    0.008722502040901338,
    0.0029605281047496933,
    0.00966649058643792,
    0.004128876704190018,
    0.004481696540665366,
    0.004284096516218685,
    0.01359883557611043
  ],
  "cosine_matrix": 0.3933357925910153,
  "spearman_matrix": 0.08303695374465084,
  "js_divergence_matrix": 0.29727573296987986,
  "matrix_dispersion_js": 0.1434532459862992
}