{
  "semantic_entropy": 2.995732273553991,
  "cosine_vector": 0.26776633698840474,
  "spearman_vector": 0.4314959749552773,
  "js_divergence_vector": 0.5459066493416702,
  "vector_dispersion_js": 0.020189725811729176,
  "vector_elements": [
    0.008462465023281695,
    0.0038616856472500974,
    0.007231789403873095,
    0.007487129279953704,
    0.00639349665489014,
    0.010164262216424677,
    0.006122101570296898,
    0.005117412634374294,
    0.01813563272508937,
    0.01162905276509095,
    0.027703828386710597,
    0.007555908319065512,
    0.015894651535291952,
    0.004709921712118056,
    0.023549873891693714,
    0.006205943470088031,
    0.009487425547166488,
    0.003420245362555448,
    0.01756499419969971,
    0.013483625267041978,
    0.006521739866445022,
    0.014832459115954133,
    0.008249914525999411,
    0.008018339309186825,
    0.006801753542061613,
    0.011578597963941466,
    0.02086134261969214,
    0.01100892711178314,
    0.009291018015996076,
    0.010200218054643287,
    0.010152420097819803,
    0.008245291975917847,
    0.006782128748669313,
    0.0164800274530354,
    0.0077785826824896,
    0.0045318765274367685,
    0.0057909456577063,
    0.004002271992123621,
    0.00637923399215346,
    0.005152410949764174,
    0.009658331032593725,
    0.004156533224008533,
    0.011197877980385837,
    0.005753770958634079,
    0.006743381995391969,
    0.006179332806963958,
    0.004419355845533979,
    0.004635828679296162,
    0.009464939357965519,
    0.00844756484823575,
    0.0041094922453375525,
    0.013985301297956861,
    0.006459549861072434,
    0.05131848611389745,
    0.019105572563399308,
    0.004448058355990471,
    0.005386792733853319,
    0.008732407487331938,
    0.007911715209137686,
    0.0028145482076721465,
    0.006061447461948819,
    0.005133436686932383,
    0.006075710261544364,
    0.005651889143099073,
    0.004046935619918832,
    0.007312466255873016,
    0.004394105828746178,
    0.012180091013147806,
    0.007352596173555456,
    0.005464522278764861,
    0.0028044135470505467,
    0.005441056736401221,
    0.0028796889166556334,
    0.0026068636621321742,
    0.005040522545629415,
    0.0043402767172805055,
    0.00612622826045827,
    0.0034110770574502375,
    0.009480699128968888,
    0.006083812483705037,
    0.00274357104257007,
    0.00382327449218196,
    0.0022012103404863742,
    0.0029825780831715916,
    0.0051341943804564,
    0.00536978310561969,
    0.004893756159572121,
    0.004294811014322079,
    0.002359759554756118,
    0.004764956966213893,
    0.00476898903942581,
    0.005004024959442215,
    0.008273192946545571,
    0.003761733767243795,
    0.004512177121178012,
    0.002453463004544136,
    0.005036685703654625,
    0.002492390173422605,
    0.0029853927225900016,
    0.006386691902476063,
    0.005287721790620826,
    0.0026308317162651094,
    0.003809269379973675,
    0.007684012420175153,
    0.0038679004167074507,
    0.004379427634232414,
    0.004206786688393596,
    0.007522639314054467,
    0.0057881156175335294,
    0.0030196633296586516,
    0.003995504055105655,
    0.0022873251219482217,
    0.007089749862395671,
    0.004979341703952962,
    0.004803288330777312,
    0.005925517828186101,
    0.004823996394174743,
    0.002540747217040654,
    0.006647261424355949,
    0.004909947685165583,
    0.004386685415458643,
    0.003047188371884738,
    0.008201830272277043,
    0.021279187855024802,
    0.005278153612484411,
    0.00839158248737147,
    0.011352761207897431,
    0.03540215899556931,
    0.018561140972744142
  ],
  "cosine_matrix": 0.5687887438217256,
  "spearman_matrix": -0.0664504536161513,
  "js_divergence_matrix": 0.25313573924978294,
  "matrix_dispersion_js": 0.10751620152398753
}