{
  "semantic_entropy": 2.8309404302537744,
  "cosine_vector": 0.4372746013205177,
  "spearman_vector": -0.1287933732870176,
  "js_divergence_vector": 0.17519001639070586,
  "vector_dispersion_js": 0.1727021792757566,
  "vector_elements": [
    0.026846707508491514,
    0.008490967189638357,
    0.02267961229010657,
    0.04359464469374126,
    0.009625779308582515,
    0.013714423586685003,
    0.028472781267977594,
    0.00828823202305359,
    0.004287274599293121,
    0.009167049970078367,
    0.005222198647362726,
    0.006847933288140265,
    0.007096713874624001,
    0.0032488111274650683,
    0.0022238171633892387,
    0.0070817489669840845,
    0.008034361730070605,
    0.011410279207107717,
    0.0026480991147871005,
    0.006129802970782398,
    0.002320550833531925,
    0.16065447695210952,
    0.005115185786067998,
    0.009541897971229289,
    0.007308355401353608,
    0.001987778828566594,
    0.004016036130708451,
    0.0017709430420470766,
    0.05986896703967314,
    0.0035851264788503857,
    0.013561766543459258,
    0.00390845343061964,
    0.005554555462926143,
    0.003669837587338221,
    0.004451039037013345,
    0.002592684334445842,
    0.002592684334445842,
    0.006254871921234976,
    0.004830632424189727,
    0.004803337142801606,
    0.016670502701703668,
    0.003816882970105703,
    0.0027180551557369355,
    0.0034852624413708963,
    0.014416411452028113,
    0.0029288992006019274,
    0.0051117404039116195,
    0.002184598852160252,
    0.003707817293142016,
    0.003336318112757644,
    0.0023225836825955743,
    0.039060703079745795,
    0.0024696645761960144,
    0.19060093856226057,
    0.0028776509949931806,
    0.014968162737241232,
    0.006688530488687118,
    0.0121902959864641,
    0.018108638424781612,
    0.04627945920942874,
    0.0031034211380618943,
    0.00530450440338204,
    0.00265225220169102,
    0.004082148071661177,
    0.007158010456262172,
    0.016322619472806183,
    0.015877641458141183,
    0.008055867261108317
  ],
  "cosine_matrix": 0.43887569755537725,
  "spearman_matrix": -0.12026186204527237,
  "js_divergence_matrix": 0.17549962739591818,
  "matrix_dispersion_js": 0.018596675797540874
}