{
  "semantic_entropy": 2.995732273553991,
  "cosine_vector": 0.3090103961330024,
  "spearman_vector": 0.00020048115477145148,
  "js_divergence_vector": 0.5120277345240791,
  "vector_dispersion_js": 0.031104913210183938,
  "vector_elements": [
    0.02070667310539021,
    0.043815451824807054,
    0.008169356175530136,
    0.008408679308753384,
    0.00837825051599231,
    0.004881925502149392,
    0.003946847227485636,
    0.006514200506120566,
    0.004367601100523973,
    0.003545233637606063,
    0.008993413572359563,
    0.005393246399546744,
    0.003979943033961787,
    0.010044395574018587,
    0.008153216676035753,
    0.0029081567849861133,
    0.005172251796099491,
    0.005957787556706553,
    0.010494644083380583,
    0.0029755961218410295,
    0.008904271005348668,
    0.005393253407905836,
    0.02504236675536394,
    0.005064405543651348,
    0.010540317132213518,
    0.0022080907587337982,
    0.02502961018080478,
    0.006378909710394784,
    0.013928315479285313,
    0.0038243704338568026,
    0.010887094464209381,
    0.0021063398233169455,
    0.015387416685120071,
    0.004672936038664082,
    0.005162318012185916,
    0.006765286148004765,
    0.013718017787251735,
    0.0026835990630188194,
    0.022316286247562267,
    0.01958489019565711,
    0.005685833781637983,
    0.007481063055235388,
    0.00862211437951346,
    0.02115750928231591,
    0.01458187057338047,
    0.0031527548581672714,
    0.008317946671781958,
    0.006788077889498391,
    0.009964443434565238,
    0.0171362185159505,
    0.0069112699847803565,
    0.025463310643493536,
    0.00621651419373271,
    0.017051327729086598,
    0.01095660011194308,
    0.005558251823604487,
    0.005337225604837287,
    0.00684415447926578,
    0.017561153361792176,
    0.006619961921728957,
    0.0029357391123082835,
    0.00571429976988966,
    0.1131814787529157,
    0.0049370783319967184,
    0.01757384266163487,
    0.005635756921644109,
    0.03100106392603588,
    0.004617753292537561,
    0.013971994426355125,
    0.00590465343223731,
    0.004858707565263506,
    0.006922167891814812,
    0.03116989050131542,
    0.02683283803699891,
    0.010644063959813167,
    0.004093479729709341,
    0.010847440255328555,
    0.008800900039180645,
    0.007011237545315591,
    0.01264566951771068,
    0.007596382672169089,
    0.007002337019534553,
    0.01571897582076832,
    0.006545359217321344,
    0.012554111209995913,
    0.016616545402081007,
    0.00685366531596758
  ],
  "cosine_matrix": 0.3988732297942279,
  "spearman_matrix": -0.09942705468330605,
  "js_divergence_matrix": 0.37706504346469527,
  "matrix_dispersion_js": 0.0890321337882597
}