{
  "semantic_entropy": 2.995732273553991,
  "cosine_vector": 0.1500563033859108,
  "spearman_vector": 0.04604878648989511,
  "js_divergence_vector": 0.5067804804476861,
  "vector_dispersion_js": 0.07312778691111532,
  "vector_elements": [
    0.010677318224352616,
    0.010032961928224924,
    0.05353118519148368,
    0.06126990903346863,
    0.012171255348598566,
    0.021305730923080482,
    0.01350164256556384,
    0.018067277020165824,
    0.01403819253249096,
    0.007771513221568228,
    0.011305162328387802,
    0.015178071224006825,
    0.0036415171818628355,
    0.01284075888744927,
    0.006976711584261229,
    0.009895650427923066,
    0.013716967045155298,
    0.0032209371471685305,
    0.011468620833419771,
    0.017628867821289758,
    0.019973528392351808,
    0.0061413596812463535,
    0.014146251682168981,
    0.004876761184078678,
    0.011666976201965568,
    0.00948812664131872,
    0.01640379292305266,
    0.01248469978145498,
    0.005210270620829781,
    0.010414973769476182,
    0.004682624539355979,
    0.006606971998049787,
    0.005932771036992235,
    0.01708447614839161,
    0.009377690846343344,
    0.012274582670138211,
    0.015334603024389513,
    0.011020884069079391,
    0.003405817041340338,
    0.005839639222912931,
    0.00508736704208453,
    0.014896510478348928,
    0.0203696342007301,
    0.008626003542920592,
    0.03246493134606754,
    0.024173348720880207,
    0.0062014854921683925,
    0.01433778656180036,
    0.01921755783757553,
    0.006914451664955281,
    0.03595122511022614,
    0.01471457879022908,
    0.027497388615246768,
    0.04707749935420694,
    0.01780346150518317,
    0.03333120912765305,
    0.11692017895416494,
    0.023808329710699263
  ],
  "cosine_matrix": 0.5028583864938841,
  "spearman_matrix": 0.7134222880214809,
  "js_divergence_matrix": 0.34574544970631504,
  "matrix_dispersion_js": 0.015227233314629567
}