{
  "semantic_entropy": 2.995732273553991,
  "cosine_vector": 0.44634022381884125,
  "spearman_vector": 0.3880031305903399,
  "js_divergence_vector": 0.535367345721756,
  "vector_dispersion_js": 0.048410376423590584,
  "vector_elements": [
    0.007939321271382313,
    0.003261924164187064,
    0.007269386224927281,
    0.007771955343452678,
    0.00559243770005071,
    0.012088999514763717,
    0.006691760338865332,
    0.005219845874726037,
    0.015700487301468682,
    0.01009597107961734,
    0.022649563219971466,
    0.0067307001505870715,
    0.014651441269507997,
    0.004505941318951563,
    0.023204419508087205,
    0.005742665133099023,
    0.010932626090185417,
    0.003241208378146111,
    0.019207937087884087,
    0.014483635597645969,
    0.0082082790939816,
    0.014631900601486024,
    0.006778297641823725,
    0.006422005614017545,
    0.006213662754192466,
    0.010852636064742271,
    0.023047015435905777,
    0.010469318779102703,
    0.010305493538933877,
    0.010295419707485915,
    0.00978416389560804,
    0.008779105621393007,
    0.007503840327492832,
    0.018747565059648256,
    0.008216602004972305,
    0.0047045571461831704,
    0.005291233893753841,
    0.0036462781217239046,
    0.006203858906085179,
    0.004939257711527413,
    0.009635294495342037,
    0.0039115145428888914,
    0.011319609822859228,
    0.005438346748194831,
    0.006919280915113804,
    0.006253121318243358,
    0.004542534343615048,
    0.004729551934378435,
    0.010198330749793635,
    0.00826801293232847,
    0.004324292578065959,
    0.012228941951138972,
    0.005717836739443647,
    0.04679029583873148,
    0.017023148672477954,
    0.004285135851473964,
    0.00509057660779832,
    0.008397720583548271,
    0.0075594115384150454,
    0.0023336066995555305,
    0.0055723676763512605,
    0.00534691792084019,
    0.005876025387177004,
    0.005674690463693572,
    0.0037855838645936453,
    0.007578678698333788,
    0.004273294248298231,
    0.01400828149926951,
    0.007685011222690616,
    0.005142239893239271,
    0.0023876311053932235,
    0.0054910815355417916,
    0.0025988734111991366,
    0.002205468793322254,
    0.004875462613730279,
    0.004029441634574254,
    0.006532011309568009,
    0.003196152437971435,
    0.010737335229067712,
    0.0060698449040787975,
    0.002449002376589364,
    0.003762284457295862,
    0.001881142228647931,
    0.0029607905201309444,
    0.005033675788781197,
    0.005165674342109001,
    0.004965966602726134,
    0.004406028815309828,
    0.002060281868027337,
    0.004951132547080143,
    0.004870954400512399,
    0.005398692835949835,
    0.009086756466593345,
    0.0037022877954692363,
    0.004266108722337571,
    0.0020208898573565058,
    0.005030330579227298,
    0.0022019607967666997,
    0.0027262588167579842,
    0.007054515497752373,
    0.0052834496535786426,
    0.002372968033752677,
    0.0036678120023935314,
    0.0081405773491255,
    0.0036430038592592828,
    0.004448240546495827,
    0.004068275469496461,
    0.008194973742038281,
    0.006064598325850619,
    0.0027447148344322742,
    0.003940577362866775,
    0.0019702886814333873,
    0.007157867761997603,
    0.005057017840466419,
    0.004736053611470949,
    0.0061420772764276006,
    0.004892832554409828,
    0.0022105598554938628,
    0.007074968149181357,
    0.004965477869935871,
    0.004544653529249987,
    0.002931695598940689,
    0.009940752249907257,
    0.024106830014920387,
    0.00550315548153743,
    0.0078083083775196665,
    0.012515695821632674,
    0.0433794162890288,
    0.018442745341827518
  ],
  "cosine_matrix": 0.651689395417271,
  "spearman_matrix": -0.10741445269061548,
  "js_divergence_matrix": 0.2149775114925439,
  "matrix_dispersion_js": 0.08655388079759417
}