{
  "semantic_entropy": 2.995732273553991,
  "cosine_vector": 0.11121430601107223,
  "spearman_vector": 0.12577334083239594,
  "js_divergence_vector": 0.49725554721039034,
  "vector_dispersion_js": 0.13279994992500566,
  "vector_elements": [
    0.008259217208522919,
    0.004382980066334216,
    0.0066575561356010185,
    0.009164291704239566,
    0.018183399952509508,
    0.008927369523426132,
    0.005824552642765129,
    0.006467051197126451,
    0.006219488686713524,
    0.004014459458856845,
    0.0027152909776631726,
    0.007363901323649114,
    0.0020383746910380696,
    0.001650389269846009,
    0.004825225456734681,
    0.004946171416147651,
    0.0045522753014411894,
    0.006849845451086659,
    0.0028876172846253397,
    0.0028876172846253397,
    0.02910402286413413,
    0.006654397705856624,
    0.007174547709705207,
    0.007043289446630493,
    0.0027986113520380535,
    0.0036404575918802464,
    0.0023359966753445324,
    0.0017511523763699454,
    0.0027216816632594466,
    0.0023757518816516377,
    0.009723717984978666,
    0.00409513611863294,
    0.004398702940328406,
    0.003238486236297033,
    0.007576999084730144,
    0.004608848724632513,
    0.0025663844439426093,
    0.0022093021180714014,
    0.0012612595748163708,
    0.0063010614054916925,
    0.010230204976006279,
    0.007631373560213452,
    0.0033250578875045705,
    0.012026656408754687,
    0.23292864499120283,
    0.004955601972830901,
    0.004224010914288723,
    0.0037574359025119427,
    0.004970167940207431,
    0.001435202537468532,
    0.0031349066921732838,
    0.0033985016507659532,
    0.0045547060889003154,
    0.004648580207694829,
    0.0025780501771957985,
    0.0027576892312603622,
    0.0027877495854939324,
    0.0024112022843085427,
    0.0013285139623601244,
    0.007034563065981319,
    0.0025585814297281817,
    0.00575833987938648,
    0.011446631337688714,
    0.05878218822917874,
    0.0029345262738099355,
    0.003251688620204526,
    0.002399667946847178,
    0.001561912079467198,
    0.005823192136608592,
    0.009517746698541676,
    0.00482033917634686,
    0.004449944689178673,
    0.006726641154785205,
    0.03128196891053852,
    0.003747726262238877,
    0.0036507431793048177,
    0.0035566753204085855,
    0.005911813950712158,
    0.0184898341026931,
    0.004037143882689226,
    0.005081981184545947,
    0.005271014130838915,
    0.004234872931394211,
    0.004141026754859155,
    0.0044673519741747466,
    0.0036184269962556775,
    0.00179029219803445,
    0.003970370902689088,
    0.0019556814592349286,
    0.0016599548253074035,
    0.0034167029237107704,
    0.00314824259738415,
    0.004255309810870645,
    0.0020222426010162555,
    0.0034987395569268556,
    0.002788623858705049,
    0.006819870910562,
    0.002806002959572799,
    0.006785945827849097,
    0.004906007265328996,
    0.0019940765924305903,
    0.0032654698967486875,
    0.0016327349483743437,
    0.0038224108840440255,
    0.0028021920021208493,
    0.0026501760874225156,
    0.004065191446833608,
    0.003612784614836224,
    0.004536807862016119,
    0.006039287274727058,
    0.005526088160650001,
    0.010184108349293824,
    0.004008271101047432,
    0.0041952982045091744,
    0.00414779194871769,
    0.011107328663077735,
    0.008030176618996947,
    0.00421454025610023,
    0.004328721155871655,
    0.006327756934297935,
    0.02023840502249064,
    0.006080200177232342,
    0.003338821280803429,
    0.005242565846224,
    0.009620941754068458,
    0.03495480669331166,
    0.00617137632526592
  ],
  "cosine_matrix": 0.4925633931972549,
  "spearman_matrix": 0.26989595050618675,
  "js_divergence_matrix": 0.3584810469890979,
  "matrix_dispersion_js": 0.012079342793382361
}