{
  "semantic_entropy": 2.995732273553991,
  "cosine_vector": 0.1923905056203611,
  "spearman_vector": 0.38165809481216456,
  "js_divergence_vector": 0.5319278521149977,
  "vector_dispersion_js": 0.017013096409852047,
  "vector_elements": [
    0.00831928667248674,
    0.003832324411629184,
    0.007323285448067817,
    0.007651880559075031,
    0.006016395974721745,
    0.010943039451190403,
    0.0062686791678524464,
    0.005782036275892976,
    0.02018766698026162,
    0.011491784638353998,
    0.028656116737810534,
    0.00786242684296595,
    0.014905369521896321,
    0.004897084518735198,
    0.0245180251384445,
    0.0062058295345938696,
    0.010502387980448424,
    0.0035139646262774956,
    0.020362876628674084,
    0.015659713026659958,
    0.007265060544081068,
    0.015988140793973822,
    0.007878638927100421,
    0.007650985142443921,
    0.006758242144542374,
    0.011155526859948042,
    0.020726523782590378,
    0.010639058620419539,
    0.009456513871308745,
    0.009909886044427838,
    0.009703593599914405,
    0.00820600249653658,
    0.006717392340023227,
    0.016067414041812805,
    0.007707603249883809,
    0.004536416362973624,
    0.0054176413706056884,
    0.0037979219354184004,
    0.006052071360376797,
    0.004875453453656652,
    0.008828513644064291,
    0.003908943403118939,
    0.010428937504408304,
    0.005309503274156977,
    0.006223562556908741,
    0.005634917327956999,
    0.004348310699922466,
    0.009571999196582286,
    0.009076830858287562,
    0.007643575182327569,
    0.004074936206906844,
    0.011877803538707068,
    0.005905098111414845,
    0.0495419339025823,
    0.017240342988693844,
    0.004295809264869943,
    0.00532562784295074,
    0.008232066661266227,
    0.007323609271709611,
    0.0026577906268262885,
    0.005432156880794726,
    0.005059733941564173,
    0.005655192441838013,
    0.005473747875038356,
    0.0038719275018764764,
    0.006953853460598195,
    0.003998550615140768,
    0.011798808124025253,
    0.0069618297528809304,
    0.004976733556905201,
    0.0026718779424130864,
    0.0053067663344381465,
    0.0027735667637298583,
    0.0025092358483008127,
    0.00494142146079118,
    0.004217810406680268,
    0.006568019350613419,
    0.00323758711017557,
    0.009244191538106237,
    0.005869170119830527,
    0.0026426312847941647,
    0.0037381067217326434,
    0.002109285019460383,
    0.0029456294693854844,
    0.004921071656055803,
    0.005145368139011324,
    0.004792135889782687,
    0.0042556514906009575,
    0.00226674359274313,
    0.004606957526832335,
    0.004629925042679262,
    0.00503748857548216,
    0.008509563429441803,
    0.0036194228271610985,
    0.004246540261248389,
    0.0023825641840632744,
    0.0049630490029578065,
    0.002396126090384559,
    0.002897679558214895,
    0.006325580971288571,
    0.005159992818170264,
    0.0025460881299071494,
    0.003662116771029914,
    0.007453840203144842,
    0.003714105179230386,
    0.004330664816478445,
    0.004104711988393515,
    0.007388730740414461,
    0.005710571221737039,
    0.002920197632359769,
    0.003956151410592442,
    0.002218307363890282,
    0.007020266774984193,
    0.004880512955307191,
    0.004714254059874868,
    0.005932907817129413,
    0.004840298748397034,
    0.00249206055616435,
    0.006929170584687216,
    0.004903758188310722,
    0.0044197255713792506,
    0.002987251508642149,
    0.00863667548177395,
    0.021218140925116806,
    0.005277034294819683,
    0.008214786705901188,
    0.011534599915929172,
    0.04142325526723789,
    0.018595747468196252
  ],
  "cosine_matrix": 0.4688968348273385,
  "spearman_matrix": 0.029124510581564112,
  "js_divergence_matrix": 0.34464582332287697,
  "matrix_dispersion_js": 0.10451358033723653
}