{
  "semantic_entropy": 2.9264175554979963,
  "cosine_vector": 0.2012401289611068,
  "spearman_vector": 0.31237183868762813,
  "js_divergence_vector": 0.45130295174011037,
  "vector_dispersion_js": 0.09606346090614615,
  "vector_elements": [
    0.015527766181690777,
    0.009544119617295593,
    0.01662510230170138,
    0.047747631236065666,
    0.019363958529096194,
    0.011081669855403847,
    0.010260768328866843,
    0.009823711640741377,
    0.012368394702546776,
    0.006237883302454297,
    0.018682124370899885,
    0.00493204491429475,
    0.020500364780517356,
    0.005893562550136868,
    0.007831877604395944,
    0.013470073004429256,
    0.009168194071016515,
    0.012789047233212529,
    0.0033905479031730544,
    0.0063593750919660776,
    0.005146458763588911,
    0.013044351972197785,
    0.007523172386520693,
    0.007021717610415551,
    0.019763192686637086,
    0.0043907259030037515,
    0.0156969179206044,
    0.007666876910788061,
    0.008067882399548709,
    0.0041070862885108275,
    0.007232291389159697,
    0.003355023964913421,
    0.003393080633322752,
    0.01099634925732552,
    0.004142326378661373,
    0.009480018684775247,
    0.006297624490781459,
    0.00274708449275996,
    0.004648843244856687,
    0.007640900667938187,
    0.006608600005621409,
    0.002793455420803894,
    0.009284230175672445,
    0.005868394507475252,
    0.003448046140098274,
    0.0068277351470951856,
    0.009019045852869261,
    0.0033681240506429786,
    0.010093529490897741,
    0.004121111732882958,
    0.010041056049930107,
    0.007719009212425367,
    0.005418566029061503,
    0.004102117645959898,
    0.009303777711850434,
    0.0069402312366402055,
    0.007924420286041598,
    0.008596116188962,
    0.007993771509258042,
    0.013352264565706738,
    0.010498940145693475,
    0.007322968517481716,
    0.015143473981313745,
    0.004306450532608544,
    0.013826589751343639,
    0.011355555480275724,
    0.005458516381232447,
    0.007923806948766642,
    0.0040225955084887376,
    0.01530575707145887,
    0.04182317810017323,
    0.16416158115169052,
    0.01016384577533954,
    0.012854359995867431,
    0.036971203807392994,
    0.06392820751604124,
    0.01814922310872096
  ],
  "cosine_matrix": 0.591769471667537,
  "spearman_matrix": 0.42258681168455603,
  "js_divergence_matrix": 0.28651616493219284,
  "matrix_dispersion_js": 0.012107301620934185
}