{
  "semantic_entropy": 2.7877881193860072,
  "cosine_vector": 0.24313754721136,
  "spearman_vector": 0.06733666896710375,
  "js_divergence_vector": 0.5117621838847484,
  "vector_dispersion_js": 0.038455739263106636,
  "vector_elements": [
    0.008301890696421869,
    0.005160787713671241,
    0.00605120051927723,
    0.004519700772675732,
    0.006374130827073609,
    0.004761310265676043,
    0.031225147141588503,
    0.009542794572124749,
    0.006076603962700212,
    0.0061758831627446225,
    0.005964778876154018,
    0.006933737358909671,
    0.0071576768283329135,
    0.008659227177265227,
    0.006453212234559666,
    0.01149765313209554,
    0.007267086912264217,
    0.005128177564124213,
    0.003917591554268246,
    0.0028128725045792665,
    0.004320701137502355,
    0.004432823846126651,
    0.005379249441297848,
    0.0015286549503406213,
    0.003912865542025577,
    0.007691998979501341,
    0.0025888291798023544,
    0.0038832437697035303,
    0.0040952425947454974,
    0.002431777226427517,
    0.010988096135944809,
    0.004444177810266995,
    0.00667267250860803,
    0.008266510816515908,
    0.0039933367797612826,
    0.0035391596475019657,
    0.006976161991587053,
    0.004286657468082423,
    0.008792577869024739,
    0.007867835527006662,
    0.008104520614248096,
    0.002688420130023804,
    0.005377877446385674,
    0.0016744498543125655,
    0.005491086528361068,
    0.002992723789249334,
    0.0019220724868074675,
    0.004627257139052676,
    0.00464363674483386,
    0.0019949282908204038,
    0.005078614244805943,
    0.005814901676205526,
    0.007698763410882331,
    0.003645688459785094,
    0.004363109400598214,
    0.002181554700299107,
    0.0018310800579579556,
    0.004928491045702559,
    0.0035670158650881376,
    0.01779224344791795,
    0.006137793179145919,
    0.006223637008163791,
    0.005943506359710487,
    0.005832532530263784,
    0.006747247605591759,
    0.00589697341126518,
    0.007776317667410568,
    0.004897156943730246,
    0.003088039234124949,
    0.0041038136787276865,
    0.005660838675848706,
    0.007527802654296667,
    0.0021895227744677752,
    0.02123751788421339,
    0.0050812313313008855,
    0.005927885169484727,
    0.0046839363951975375,
    0.0029755433170042815,
    0.0035164932408257962,
    0.010063597170992172,
    0.005542969218455273,
    0.0035693973572083456,
    0.008459050720998009,
    0.004784149093314244,
    0.003764507742622122,
    0.013321298681740519,
    0.003815513174798711,
    0.00644807766615636,
    0.006299314168771438,
    0.003216791036314526,
    0.0018216281259511842,
    0.006919225250633097,
    0.0034847424246628967,
    0.006052483557511985,
    0.003816169433555286,
    0.0024864463921017914,
    0.00407023051855266,
    0.003138996770729554,
    0.006848592591998809,
    0.0052495612459780685,
    0.0052040560146264635,
    0.0048365380277868965,
    0.00988425349987018,
    0.02144667806934087,
    0.006497124533862523,
    0.003986444687074785,
    0.004364678780966673,
    0.004548769477590548,
    0.010023166746945476,
    0.005107056723470578,
    0.006704689488763663,
    0.0038141665179799895,
    0.0037932725653836686,
    0.004598698515142552,
    0.0027647327073053083,
    0.003794386075574521,
    0.0032446904063747023,
    0.0035821103643307473,
    0.004116060469429131,
    0.002315454139193666,
    0.007981516235221559,
    0.005497535971446815,
    0.00438412348983096,
    0.005015077957734335,
    0.007395948530697121,
    0.013111340919065422,
    0.0018385392492395113,
    0.0023412457643279816,
    0.003918923589108137,
    0.017922564931454513,
    0.0035567870890227658,
    0.004209424473961762,
    0.0017346679379008087,
    0.007750752785324597,
    0.0038052451703144232,
    0.005316495989398163,
    0.003951447214869356,
    0.006881926192436318,
    0.003229078678616174,
    0.003343587577917228,
    0.0027506672773135094,
    0.001413417760654239,
    0.016694465158582337,
    0.002943227130428272,
    0.006336771214693733,
    0.010183570078683797,
    0.04888643435361069,
    0.003032279813361094,
    0.0034414619593983783,
    0.0027859445631865255,
    0.0015641126855214938,
    0.004950327726251294,
    0.019529997103111093,
    0.005200526103067588,
    0.005318510918999655,
    0.004079757708908011,
    0.0075259991268347625,
    0.003486209151609864,
    0.016867835269247143,
    0.013820381277044968,
    0.006261842325151559
  ],
  "cosine_matrix": 0.5263950808791173,
  "spearman_matrix": -0.034418890252864855,
  "js_divergence_matrix": 0.2604862039756742,
  "matrix_dispersion_js": 0.07912399720999927
}