{
  "semantic_entropy": 2.5536815580297962,
  "cosine_vector": 0.072042528633069,
  "spearman_vector": -0.278343755691822,
  "js_divergence_vector": 0.6098032671530502,
  "vector_dispersion_js": 0.04938145997762611,
  "vector_elements": [
    0.015785113511311864,
    0.004686976679770283,
    0.004754562706064446,
    0.008625768478809906,
    0.004881395140652541,
    0.0052397041008864905,
    0.005782917846590266,
    0.003500263457352609,
    0.0022289179997251407,
    0.00765296713819793,
    0.004332505765005113,
    0.0017873109648584736,
    0.005404595678265933,
    0.004034807968520907,
    0.00303107958374387,
    0.003710952581357132,
    0.0028844911740578067,
    0.002983782005646655,
    0.0018856437553283777,
    0.0033702115714966878,
    0.001838396841313267,
    0.0016938532979018078,
    0.0036331481962695133,
    0.002799700870496436,
    0.0017411170025659545,
    0.0019038422991414583,
    0.0028868963608299518,
    0.0024448560952221154,
    0.004148325393334319,
    0.0034007887370525593,
    0.002004227219822313,
    0.002416812141743189,
    0.0016348265055445928,
    0.001833304705519033,
    0.004440395390328142,
    0.0038244993942727385,
    0.0017470418021767252,
    0.002354136783308062,
    0.0022598704105790935,
    0.00588122607324934,
    0.0023079533194912717,
    0.0030159035125109346,
    0.0023827810841717547,
    0.0031765501076103293,
    0.0021694076930800638,
    0.001739303709171652,
    0.0020940990207610256,
    0.003015293392080918,
    0.00380283864731627,
    0.0018522772489696668,
    0.0030437691095480347,
    0.001779739339457415,
    0.0033312531685245838,
    0.002579583085564169,
    0.0024550832046318855,
    0.002043976233818194,
    0.004683874845499911,
    0.0021415309194352788,
    0.002650459359066477,
    0.0018888024914237816,
    0.0028141048688443563,
    0.002508566409143868,
    0.0021742000265163276,
    0.003282868372374753,
    0.003122918069099285,
    0.0036569283538165037,
    0.0025222609544383115,
    0.0024922677070578743,
    0.008597565185670742,
    0.0023070797491228524,
    0.00279384541331675,
    0.002368906298913206,
    0.004214450160611851,
    0.001956221578912772,
    0.00587361132908121,
    0.0020171853956749432,
    0.002223596259057397,
    0.001540796226282125,
    0.002622467070950931,
    0.0036110282812633716,
    0.0019475915107452473,
    0.003421847461030102,
    0.0036548886864043516,
    0.001955760212656752,
    0.1352748437266401,
    0.002142126064539003,
    0.09227465633981587,
    0.0021394722785004743,
    0.0025541457780741002,
    0.0022507815018216275,
    0.0027502835393917358,
    0.00387070969250221,
    0.002917922341725036,
    0.003961542654000062,
    0.0035352022904165973,
    0.00238798905435922,
    0.004322505932909354,
    0.003965684039772978,
    0.0037652125456792305,
    0.003921201743295709,
    0.004491792019178191,
    0.00613074814865097,
    0.018010745655766595,
    0.00480695943381826,
    0.0050119443077333466,
    0.008699428006707578,
    0.004087840320633515,
    0.003674233426779787,
    0.0065863157364294865,
    0.004236445824031276,
    0.0021149552767844256,
    0.0033242143695276518,
    0.002378504720939749,
    0.00586468771280687,
    0.0030968565876361904,
    0.004637602420084164,
    0.0033136762426093404,
    0.00248787537212074,
    0.006506227520362461,
    0.0035483326484947626,
    0.005041947289215758,
    0.004141529697007426,
    0.0018669140867906093,
    0.0036781447254404156,
    0.005691103836946989,
    0.026336214839983597,
    0.00287364687347963,
    0.00574575884582335,
    0.0023014106188869172,
    0.0061503731493486955,
    0.003450050356613948,
    0.0067791059245654,
    0.0035339769707450727,
    0.006946252132898151,
    0.0018454276814869478,
    0.003863654521007714,
    0.0029842312376579905,
    0.01273560204367258,
    0.003071302285496262,
    0.0038950252047272494,
    0.0021119616839296715,
    0.00361119055585727,
    0.002013843750286186,
    0.0017173163014493774,
    0.0030521720408194578,
    0.0027731254076696025,
    0.005875682836581504,
    0.002047305301132934,
    0.00514599400164112,
    0.00275537022420751,
    0.003928175449748355,
    0.0035585242560647544,
    0.002125020181175468,
    0.002771753232392411,
    0.0018122970508692036,
    0.0020434288506631817,
    0.0028022318565760116,
    0.0020529542127930645,
    0.005085405224695438,
    0.0026034996328235752,
    0.007335164711121812,
    0.00269038784732976,
    0.002886834780280595,
    0.0029386988180837145,
    0.002549472667126086,
    0.00862035742104112,
    0.004095359800948598,
    0.021845927786412707,
    0.03282056144017138,
    0.0036840500394683274,
    0.004031260180418069,
    0.00273744012188376,
    0.0040667470424237745,
    0.004788660272422003,
    0.027815052381897628,
    0.002855257866608395,
    0.0028569789966769715,
    0.005597088933295568,
    0.007573713753087178,
    0.016192509297038485,
    0.0068692174931220705
  ],
  "cosine_matrix": 0.3279475650310257,
  "spearman_matrix": 0.022736810755281937,
  "js_divergence_matrix": 0.2743196712339541,
  "matrix_dispersion_js": 0.1640512967538689
}