{
  "semantic_entropy": 2.995732273553991,
  "cosine_vector": 0.26193824796055204,
  "spearman_vector": -0.03721674328182905,
  "js_divergence_vector": 0.516493427210841,
  "vector_dispersion_js": 0.08076604332610238,
  "vector_elements": [
    0.0093615698811764,
    0.00871023373479585,
    0.016209620884091593,
    0.030897161040286808,
    0.007835433133944527,
    0.010194760106840626,
    0.006985359646103302,
    0.005663938878452538,
    0.0056991562185306115,
    0.00733465491369607,
    0.008445175942602166,
    0.004513874941290618,
    0.014845511834072282,
    0.02283864144739081,
    0.004190011649757376,
    0.01029263812692191,
    0.019198202891636564,
    0.008657882186926851,
    0.003078058814770194,
    0.008168954715310588,
    0.003230136329587358,
    0.0021974330737785015,
    0.005562752029041787,
    0.004951808257412532,
    0.005254458814514676,
    0.0029121583714849307,
    0.006210924354152051,
    0.005834842170412664,
    0.00885547010854104,
    0.008077510406737598,
    0.003244307585667672,
    0.003956301410694667,
    0.0019781507053473336,
    0.002970062614868619,
    0.005674169406804118,
    0.001895062431232201,
    0.005473039504121964,
    0.002927430002455059,
    0.0019424581025181999,
    0.004313742179682356,
    0.003703369028659027,
    0.006278281410886197,
    0.002506489236512808,
    0.008927805151595901,
    0.0043272970734761365,
    0.006822628554801584,
    0.0040905537257473505,
    0.0027421139095615676,
    0.003611210430417458,
    0.001805605215208729,
    0.002763048124418645,
    0.004671973514987863,
    0.0035100438100055583,
    0.007584482608812246,
    0.0027781569630786593,
    0.004495579652644056,
    0.0039100459615702635,
    0.005172488182396892,
    0.003757950205291176,
    0.007980990372319509,
    0.008644674779915231,
    0.002991309936148496,
    0.012180207926114267,
    0.016272174856346123,
    0.0035975669597940216,
    0.004039882367962879,
    0.003004797428929437,
    0.005881456262736036,
    0.004686126829386646,
    0.01736929609784494,
    0.0044196366132371314,
    0.005003939369030427,
    0.002893836243676873,
    0.0026530963627386392,
    0.004798664626745554,
    0.004198197202130568,
    0.0064510369509785705,
    0.0034880677097845437,
    0.13523263442689645,
    0.004070617783640931,
    0.005331182606773252,
    0.006418290365951806,
    0.005651514810817247,
    0.010156101936766613,
    0.024602492292418957,
    0.003822536181694002,
    0.008343043273554434,
    0.0029180095636235697,
    0.004969435040099059,
    0.002889008015498268,
    0.007667388207224011,
    0.0041129051735503425,
    0.006679080263511971,
    0.0036542612068944155,
    0.0066632763651093,
    0.004296681284440305,
    0.003090108494921586,
    0.008422147004660062,
    0.006328358822601635,
    0.004069541852082214,
    0.031379276648045,
    0.00358193535436613,
    0.010091761813760107,
    0.011845406860423622,
    0.01352686654229535,
    0.028727913560784243,
    0.00392874342252942,
    0.004034073057576523,
    0.003975145803889838,
    0.00901673699306313,
    0.013932505102951293,
    0.038759950905333976,
    0.03701036069932169,
    0.016203567759384297
  ],
  "cosine_matrix": 0.4219864516309465,
  "spearman_matrix": -0.06495737226868634,
  "js_divergence_matrix": 0.332817790094209,
  "matrix_dispersion_js": 0.04900538250081943
}