{
  "semantic_entropy": 2.995732273553991,
  "cosine_vector": 0.26672104585486817,
  "spearman_vector": 0.033744536461927765,
  "js_divergence_vector": 0.5196980360965773,
  "vector_dispersion_js": 0.015807655678117705,
  "vector_elements": [
    0.013643909654450784,
    0.007732615154238058,
    0.00840467476691608,
    0.005684146652869988,
    0.0077725675044598925,
    0.006002502273977752,
    0.028375936770932142,
    0.010834631832024452,
    0.0073263125278289236,
    0.006022017806705282,
    0.005421763967992431,
    0.005941282633817832,
    0.005615726986474041,
    0.006665997225386404,
    0.0053851571905184845,
    0.00862496731575709,
    0.007777082258340511,
    0.004941772512038052,
    0.0051089419608626955,
    0.0032807193122673262,
    0.004972170895507989,
    0.005606670862249108,
    0.006880703739598227,
    0.0021400710190927503,
    0.005217040241052894,
    0.010482909822451085,
    0.00329197350470555,
    0.004790377662249457,
    0.004200706860276581,
    0.0025606073183561673,
    0.008278182250858867,
    0.0036776372185513594,
    0.005210639806661929,
    0.0070829002332688865,
    0.004407112186560713,
    0.004060883313927686,
    0.0065846858137498165,
    0.0043969395428494935,
    0.00822161957668566,
    0.008059657208990958,
    0.006561686163159401,
    0.002518068733121759,
    0.004018900620696314,
    0.001805904726992292,
    0.004996824590939003,
    0.0024499271464348644,
    0.0017810453158552749,
    0.0031167404015854964,
    0.0035589410128711615,
    0.0019578412782609005,
    0.003964845218318423,
    0.004034947434425585,
    0.0052138089391164455,
    0.0028040814871078644,
    0.003786446479988978,
    0.0020408058348033564,
    0.0019493288482623854,
    0.004791378098117982,
    0.003688072369617047,
    0.014584316807994454,
    0.006526947463721684,
    0.0059104760578251175,
    0.00495808193471676,
    0.0036786822016370516,
    0.004838207893980719,
    0.0037836090313990265,
    0.007557293472024071,
    0.0054154356291290385,
    0.003401798219607088,
    0.004437211685278814,
    0.0058114537333947254,
    0.007338836557654993,
    0.0022606275103081693,
    0.015914172525921366,
    0.004361771473391248,
    0.005148806095065742,
    0.003690385322086655,
    0.0023337848422113516,
    0.002593767261917402,
    0.006328919813235547,
    0.004044640821546659,
    0.002767057537650762,
    0.0061999322448184685,
    0.005289875815169138,
    0.004075705234718613,
    0.01308065608408402,
    0.003770895256358023,
    0.006025724975270144,
    0.006662739634243812,
    0.0031735051076403308,
    0.001932678919108887,
    0.00682516915465243,
    0.0035207715207174733,
    0.006368938629701053,
    0.003429764752609306,
    0.0020389541253940315,
    0.0032470779819906534,
    0.0025157422152380297,
    0.005495595273602018,
    0.004178517500866495,
    0.0045316395410654985,
    0.005491431250400726,
    0.011106267601576484,
    0.020804243293598926,
    0.006673850320739763,
    0.005279729657911285,
    0.00592204579570946,
    0.005865165483998819,
    0.010291262887034643,
    0.006085773156914022,
    0.007380670817398433,
    0.0043398430416759625,
    0.004019983440419122,
    0.004571812124393624,
    0.0027448370041211314,
    0.0036526638071245274,
    0.0031320373564295966,
    0.0034108347782097655,
    0.004753081918482448,
    0.002672325701250273,
    0.00855851373496145,
    0.005801542321077052,
    0.004927168082475155,
    0.005523697292514326,
    0.007969657032434877,
    0.013859345747107893,
    0.0022763159681905873,
    0.0026511107067854426,
    0.004328702244427491,
    0.017803196508775952,
    0.0039088626034986754,
    0.004737715624980618,
    0.0021337961619424003,
    0.007918718748158802,
    0.003852984549541612,
    0.004870934638963346,
    0.004170620819557162,
    0.007209745474697322,
    0.00347424518257975,
    0.0033640226822440255,
    0.002991727092339777,
    0.001681070963925766,
    0.021996946436773104,
    0.003067585022947891,
    0.005714348356818587,
    0.008914407549142685,
    0.0459779432406674,
    0.003404646060452791,
    0.0035973483765472996,
    0.0031408575298366593,
    0.0019002715337132397,
    0.00526214059641041,
    0.01878366888922799,
    0.007023198469992184,
    0.006498365412563426,
    0.005241780232543183,
    0.009830393177680877,
    0.00450645655937306,
    0.018723771564910095,
    0.019678983653828162,
    0.008749355773877735
  ],
  "cosine_matrix": 0.6325699200694183,
  "spearman_matrix": -0.08663008854335386,
  "js_divergence_matrix": 0.20750330034231082,
  "matrix_dispersion_js": 0.10711548658809952
}