{
  "semantic_entropy": 2.995732273553991,
  "cosine_vector": 0.3670096072017043,
  "spearman_vector": 0.13229788388497019,
  "js_divergence_vector": 0.4976498769578859,
  "vector_dispersion_js": 0.012416016008675257,
  "vector_elements": [
    0.007912952582463984,
    0.00785723951836421,
    0.008146862057088805,
    0.06899347651163709,
    0.017713109023685714,
    0.009166556122923832,
    0.010649772198607674,
    0.009810984468570599,
    0.004609632663624566,
    0.006246872359440982,
    0.0034224340460731572,
    0.006873607572582729,
    0.005872932541712243,
    0.015754778446240184,
    0.008469772765281242,
    0.006522651082905088,
    0.0061668942136827104,
    0.006786517287900934,
    0.01268968393656096,
    0.005263408348378103,
    0.01778781402088473,
    0.009583425200595675,
    0.002915827290596535,
    0.009660925845864138,
    0.011841426868056216,
    0.0072583549963712605,
    0.010037870041017976,
    0.012366588182055025,
    0.003967853632932948,
    0.005862748217205982,
    0.004827831809935889,
    0.01628877904143864,
    0.0050819948628698305,
    0.009504662476685759,
    0.007252264270570092,
    0.0057665151069768265,
    0.004892051104124495,
    0.00783869886886529,
    0.005427570491523757,
    0.009186496799636018,
    0.010615944509520529,
    0.006982480743541329,
    0.0030821483504455587,
    0.006701874681310505,
    0.003125360857190019,
    0.002703567296838736,
    0.006328904476812427,
    0.004721228233040571,
    0.0024563233878621845,
    0.0025652788382577742,
    0.009400784972834307,
    0.00432443496423733,
    0.008011026531785084,
    0.006669557235312078,
    0.003067560677695462,
    0.00399631219296076,
    0.002172810036005181,
    0.0043197411003459574,
    0.006621122391811232,
    0.008801960402312707,
    0.002242457070209236,
    0.09395468234881511,
    0.10742992475982432,
    0.011129958125363425,
    0.004352185757434956,
    0.005349767028090535,
    0.004933539684032746,
    0.004519880570593134,
    0.003296598132834267,
    0.010451199750344772,
    0.004896923210672964,
    0.007354378181023181,
    0.009718836337982284,
    0.009235869127445466,
    0.0056434112572819805,
    0.004298915412036944,
    0.006251364291731536,
    0.004836386523273534,
    0.006994915246479661,
    0.004778965849462864,
    0.014567203554394427,
    0.005453748450230015,
    0.0075010370601624275,
    0.014202896140151054,
    0.006450444315272031,
    0.006151157692340333,
    0.0031617354282048172,
    0.007137021829052414,
    0.020195451851753816,
    0.005507740429248276,
    0.009573769843362716,
    0.008622382596752264,
    0.006351101287089426,
    0.013432531548439356,
    0.037254743883844844,
    0.019818616668717308
  ],
  "cosine_matrix": 0.5222498129181302,
  "spearman_matrix": -0.17050713123013722,
  "js_divergence_matrix": 0.21648166319796433,
  "matrix_dispersion_js": 0.1163937749319885
}