{
  "semantic_entropy": 2.9264175554979963,
  "cosine_vector": 0.04739573805806121,
  "spearman_vector": 0.09181134654818865,
  "js_divergence_vector": 0.6248194994452896,
  "vector_dispersion_js": 0.13507461917692165,
  "vector_elements": [
    0.017386338784133825,
    0.004724890645402363,
    0.0059512263332307065,
    0.03366572418179377,
    0.012012701576153164,
    0.005074546291785387,
    0.006085762134749661,
    0.021131110575039278,
    0.005226361331066604,
    0.0020562627991949074,
    0.0031546549225478352,
    0.014752083334221159,
    0.0018317042862676834,
    0.2572962553486642,
    0.00359938899109906,
    0.004842247984792161,
    0.0032831056771789424,
    0.0023477052883151862,
    0.007269129412773331,
    0.0013757588843893494,
    0.047998038931704484,
    0.0024852513236568933,
    0.035760669300857,
    0.005048761057920117,
    0.004791166960534708,
    0.007374787262511384,
    0.007115370272576921,
    0.001824563387774248,
    0.015303687153615434,
    0.0023313693125094565,
    0.0070552504074186595,
    0.004928282409879673,
    0.0040187872606282085,
    0.008519870170578623,
    0.0013350047826427125,
    0.061923446746480426,
    0.0026646283360040888,
    0.015456223105393655,
    0.004646743586442492,
    0.004683037719495122,
    0.0010107212998383746,
    0.03545630852011599,
    0.0023484395546129484,
    0.012493022612295185,
    0.0025921942218518792,
    0.00971752286959029,
    0.0041126242444624195,
    0.0030901695228604392,
    0.005806374967538116,
    0.0018189138918801467,
    0.004407241587038472,
    0.002816508999586453,
    0.0050229569614814755,
    0.0016083708331108967,
    0.012690632339330798,
    0.002182069440341621,
    0.005733239848719782,
    0.0031058767384956874,
    0.0030331123854393334,
    0.00908220094934886,
    0.0010246443249620927,
    0.03900845714502677,
    0.0023504883352116067,
    0.017563699424761558,
    0.0033091916849849862,
    0.005359563542166504,
    0.0011680108938345384,
    0.06909135975678092,
    0.0025786767897709524,
    0.016160737891328898,
    0.0032459136031680893,
    0.002977342435887512,
    0.00859871127251214,
    0.012673779917780875,
    0.015735709345786185,
    0.012693313576674185
  ],
  "cosine_matrix": 0.824533511988807,
  "spearman_matrix": 0.04702275168440582,
  "js_divergence_matrix": 0.0904649242161284,
  "matrix_dispersion_js": 0.11896446087396757
}