{
  "semantic_entropy": 2.995732273553991,
  "cosine_vector": 0.10566541833309147,
  "spearman_vector": 0.3016773357102342,
  "js_divergence_vector": 0.5097979989008588,
  "vector_dispersion_js": 0.2098562868614673,
  "vector_elements": [
    0.014020797395078917,
    0.014079907201134754,
    0.026249255009292177,
    0.041413693664528996,
    0.013098525568640225,
    0.016038847952248407,
    0.01629338009936341,
    0.015002363029190178,
    0.005087470360693836,
    0.013832306462389874,
    0.004591062857055257,
    0.010730195754607905,
    0.004675323597070568,
    0.003917873943957714,
    0.015128653542994915,
    0.009304316072132396,
    0.003955178862472258,
    0.0056156983610464485,
    0.012904136281779058,
    0.012169850160693971,
    0.004302248662645916,
    0.0068855006696208415,
    0.0034427503348104208,
    0.004195788507471404,
    0.006052794436899976,
    0.0037374701776165696,
    0.010394364537905302,
    0.00676772085525034,
    0.004681883640692467,
    0.005549438790889287,
    0.012035052996949711,
    0.00853641783412393,
    0.015871085408677647,
    0.015531856764108691,
    0.023331817155931127,
    0.05973961503080231,
    0.005837720252077303,
    0.008000240629068015,
    0.015820640102865276,
    0.0256774922736779,
    0.4766500740601141,
    0.01884919070143019
  ],
  "cosine_matrix": 0.2847849754065082,
  "spearman_matrix": 0.06186244586698359,
  "js_divergence_matrix": 0.47836343376521534,
  "matrix_dispersion_js": 0.11223868605939034
}