{
  "semantic_entropy": 2.995732273553991,
  "cosine_vector": 0.08585549104438396,
  "spearman_vector": -0.13423381462505823,
  "js_divergence_vector": 0.5815949716409827,
  "vector_dispersion_js": 0.09702478330610287,
  "vector_elements": [
    0.009049876164254997,
    0.008316785619528748,
    0.011836491110603533,
    0.028741179107268866,
    0.007017696917626345,
    0.009674415191632396,
    0.007550181358694819,
    0.005103357837469248,
    0.006001865837611598,
    0.008453737837769825,
    0.006869705721489069,
    0.004028935061256944,
    0.011758463735687855,
    0.02250132006523945,
    0.003534650574508228,
    0.008711967809643851,
    0.01797581611435831,
    0.008020986863100812,
    0.003244225867545314,
    0.008204681607275652,
    0.003503739027388334,
    0.0023794930482560544,
    0.006049712006650394,
    0.004963033794335754,
    0.005035984151192958,
    0.0030826583474969417,
    0.007462990831487224,
    0.0060606700044834845,
    0.00977632839131503,
    0.0075584599225580265,
    0.0035143303690655836,
    0.004714227596390837,
    0.0023571137981954187,
    0.0033571727723559976,
    0.005736590863323694,
    0.002229691589878996,
    0.006283061726194492,
    0.003296582758910312,
    0.0022631708410116892,
    0.005189225564814591,
    0.004235152931845632,
    0.00794921821198322,
    0.0027814302260925385,
    0.011278524290077597,
    0.005167788806983868,
    0.00902427301544284,
    0.0048472982205653775,
    0.0032713653287116096,
    0.004516526532650976,
    0.002258263266325488,
    0.003018075748988612,
    0.004594832877089147,
    0.003528407381512015,
    0.007983822442531851,
    0.003100159357709767,
    0.004947581295079084,
    0.00396660265614832,
    0.0062132334863674605,
    0.004172990297865744,
    0.008727301225483822,
    0.007848883070607743,
    0.0031306535321977357,
    0.010165006234053146,
    0.018988553505444598,
    0.00380442838561798,
    0.0040630080415525625,
    0.003156734651291387,
    0.006995422357853618,
    0.004971915244773531,
    0.01870344589905406,
    0.00494617409188481,
    0.006163072702621982,
    0.0034516357241698545,
    0.0034728040655272966,
    0.0054432846688317205,
    0.004417857435597707,
    0.00802217178487466,
    0.00408673538044231,
    0.1944378076208393,
    0.004840608911075388,
    0.006521928976277733,
    0.006838554819471705,
    0.005332461775008056,
    0.008590065876428275,
    0.013076920963135097,
    0.004279929801740136,
    0.007762328567252766,
    0.0028452262344664044,
    0.004785409315912227,
    0.0030604139123763347,
    0.007659032757621096,
    0.00404631586309276,
    0.007836098609689892,
    0.0041630441821591205,
    0.008019739405712616,
    0.0050006614330181465,
    0.0032483788918028526,
    0.008362934362975999,
    0.005780165800948248,
    0.003717121466733883,
    0.02711931904988073,
    0.0031094808513665623,
    0.007403874347507439,
    0.009523473400232397,
    0.009901863117626215,
    0.014190158892697945,
    0.00390956391116287,
    0.004224860761776298,
    0.004044223412415749,
    0.006896619323821301,
    0.010268495551132772,
    0.03344277577358618,
    0.016134658318435205,
    0.010800271556896982
  ],
  "cosine_matrix": 0.6090071571046145,
  "spearman_matrix": -0.017153066069045902,
  "js_divergence_matrix": 0.1612235068675067,
  "matrix_dispersion_js": 0.11030100627566192
}