{
  "semantic_entropy": 2.995732273553991,
  "cosine_vector": 0.3474346930104445,
  "spearman_vector": 0.10463728328011698,
  "js_divergence_vector": 0.4583860685539718,
  "vector_dispersion_js": 0.012212856602173083,
  "vector_elements": [
    0.011467203249319503,
    0.01082871259567662,
    0.01580274847674429,
    0.08133127484383335,
    0.02397894377042265,
    0.012016437232592226,
    0.012078766329544691,
    0.010472566192172081,
    0.0068401813327539146,
    0.010505515049244237,
    0.008821030604487804,
    0.003958781842884271,
    0.011635186600960683,
    0.006004039854319142,
    0.014768225469378853,
    0.03029260810022004,
    0.0041937351652402335,
    0.010030299886890642,
    0.0100377657321471,
    0.00915778616749953,
    0.004380174838450332,
    0.007743921655090281,
    0.00389070557921745,
    0.0034155936537711715,
    0.008987983870302316,
    0.007031742448259835,
    0.01011675466136206,
    0.006428472853801874,
    0.004198122975738356,
    0.009369408097599041,
    0.007163219058355753,
    0.0035291122282257474,
    0.004852533294102822,
    0.007796122307425303,
    0.007818117947394716,
    0.0039002822145903517,
    0.012359892085579676,
    0.006425066809194066,
    0.0037826346961635014,
    0.009914349879273832,
    0.004290641446365061,
    0.003079066525752035,
    0.008145701347813466,
    0.005520696735051239,
    0.017275133686894907,
    0.006392823637145801,
    0.0068908157942148395,
    0.0062916378179199055,
    0.005607751137446346,
    0.007310188304760964,
    0.007359924293086986,
    0.006695673973105322,
    0.020106479066982052,
    0.005085560802540372,
    0.0030207246786375748,
    0.004604254912962057,
    0.01698107144058908,
    0.004077482621037677,
    0.005303045993734933,
    0.00298175886812803,
    0.004685998545920901,
    0.0034293743779789205,
    0.029482984279770138,
    0.003484767637686838,
    0.007121824116892744,
    0.0036806673253620605,
    0.032817072059904744,
    0.006696080392650865,
    0.005175614781434631,
    0.02365922804281647,
    0.003738606411512411,
    0.007596912671007213,
    0.008014344099069435,
    0.010185696748999088,
    0.009785051133570788,
    0.005212935491423474,
    0.005550151013946877,
    0.008208397317537619,
    0.004327170984221732,
    0.006058047843173841,
    0.0040526043250854755,
    0.03351572900035993,
    0.008612968990401294,
    0.004469737337160796,
    0.017427782296281023,
    0.029399900840280862,
    0.005542458773315169,
    0.007108913048182608,
    0.007781641046566018,
    0.014639275839816316,
    0.016663226765914228,
    0.05597103134091311,
    0.02155735238644357
  ],
  "cosine_matrix": 0.4775206776262979,
  "spearman_matrix": 0.06041680496017451,
  "js_divergence_matrix": 0.33906285821865584,
  "matrix_dispersion_js": 0.11168975947984762
}