{
  "semantic_entropy": 2.995732273553991,
  "cosine_vector": 0.23858505807669753,
  "spearman_vector": 0.1294649518068694,
  "js_divergence_vector": 0.5103092790264383,
  "vector_dispersion_js": 0.11069476281646118,
  "vector_elements": [
    0.009557649132752795,
    0.008290939498579723,
    0.01738257230281992,
    0.09598633851799841,
    0.020717146703715883,
    0.009961752060008997,
    0.010318985722612414,
    0.010468924608682748,
    0.006173698014339518,
    0.010123826681414155,
    0.007847346905557736,
    0.003014786323339931,
    0.01207561706557579,
    0.00526460901618892,
    0.013780823490885297,
    0.02975085724334128,
    0.003003186647643645,
    0.009007415031648622,
    0.010212104792569565,
    0.007315143553610967,
    0.003117943153015128,
    0.00621594609941201,
    0.00281026707613874,
    0.0023652649698686057,
    0.007581932297576215,
    0.005524799288794466,
    0.008797004554546385,
    0.005232107884033873,
    0.0034594121624865063,
    0.008990181493319871,
    0.005642809215884568,
    0.002495358976719877,
    0.0035869179476737357,
    0.006410000185984885,
    0.006192971064103683,
    0.002776801960442036,
    0.011313787011538786,
    0.005419002943568444,
    0.0034024463086746544,
    0.009613594564227357,
    0.0031931907611285927,
    0.0021136721272871917,
    0.007892180391052687,
    0.004218127365603829,
    0.01470368846825708,
    0.005109817664107023,
    0.005981250740066499,
    0.005829954630936064,
    0.004518687080689286,
    0.005992347476762019,
    0.006083926861960312,
    0.005366390664686893,
    0.019138522959865716,
    0.0037011126680983665,
    0.002003723890217702,
    0.0033758434089725424,
    0.016694329459636635,
    0.0031397663133449372,
    0.004083400660440591,
    0.0019199919880470372,
    0.0033535114719017113,
    0.0023016369826460857,
    0.02697396848358676,
    0.002360068855946726,
    0.007711562148933305,
    0.0025843584284805867,
    0.03213137994486791,
    0.005628692712871832,
    0.0048366392161881865,
    0.02185996347187538,
    0.0026486702611910073,
    0.006360549085952078,
    0.007749718485153819,
    0.009969874336382559,
    0.011447992498270117,
    0.005723996249135058,
    0.004639380152509349,
    0.0072645069534114535,
    0.0036276551410186976,
    0.004725652125073914,
    0.003001567807402666,
    0.039461869397430675,
    0.007450935394572255,
    0.004675000405474653,
    0.020549866754456397,
    0.03598531565184493,
    0.004488226788121885,
    0.006529263072357365,
    0.0076387968736157715,
    0.01326250738372099,
    0.022322087140995647,
    0.10614416382134095,
    0.01832842445081202
  ],
  "cosine_matrix": 0.5435713701252979,
  "spearman_matrix": 0.33426524126406254,
  "js_divergence_matrix": 0.30367611354596113,
  "matrix_dispersion_js": 0.026782278060420453
}