{
  "semantic_entropy": 2.995732273553991,
  "cosine_vector": 0.16784594280204082,
  "spearman_vector": 0.08138613861386139,
  "js_divergence_vector": 0.560016832447046,
  "vector_dispersion_js": 0.018628656803791444,
  "vector_elements": [
    0.02860647082571515,
    0.009053505505125762,
    0.015879259164850546,
    0.010703270950511715,
    0.00390961023789006,
    0.006900412224342725,
    0.005149915352285288,
    0.006770459398505481,
    0.008355617549613096,
    0.007063546939588528,
    0.01273056255492293,
    0.010339736225441095,
    0.012780136304213333,
    0.007909157672012388,
    0.007128537529195967,
    0.006145191119684477,
    0.006750219183703849,
    0.00840766191830765,
    0.03879066092530698,
    0.009311460811466856,
    0.010500103586058998,
    0.004760471443459852,
    0.008313642858838158,
    0.004732391441025635,
    0.006261566274855009,
    0.003604867491992089,
    0.006038216727543733,
    0.00804646830899258,
    0.008712760643450234,
    0.004284412457546514,
    0.007199644857899551,
    0.0053261632236703375,
    0.005428810661297804,
    0.004120149396039162,
    0.007912910754834907,
    0.0036874817070750607,
    0.006173499910927908,
    0.006770403757669161,
    0.003399888409934644,
    0.007399464775583258,
    0.01676452054674523,
    0.008277800248824884,
    0.004587396928034388,
    0.005015315029461209,
    0.002951820133133288,
    0.005444946747062775,
    0.0044025965131489425,
    0.006342253231150427,
    0.0029121533664649814,
    0.006409577141260241,
    0.00548027478963635,
    0.0028435304272830483,
    0.006375988571198064,
    0.007969572381674374,
    0.005100817773704345,
    0.02204077723750969,
    0.005461303949609203,
    0.00489644751933588,
    0.004312348996419239,
    0.008845144236817957,
    0.01220007832158776,
    0.004034733500542146,
    0.004360296560226233,
    0.002545927632318638,
    0.01570682752175053,
    0.0039408328960229,
    0.006351223680713775,
    0.0047965570831020555,
    0.00642450800432091,
    0.004862122131591882,
    0.0059462654560183655,
    0.005075769625424234,
    0.00710918303639416,
    0.0032108465542365987,
    0.09411510290797323,
    0.004529759355020574,
    0.013144767875497418,
    0.004376456913225646,
    0.007762700041546811,
    0.010816779641731897,
    0.004263477582804993,
    0.009753412937643795,
    0.008367704436393546,
    0.0051062706076321004,
    0.016452587213723124,
    0.009662314960773202,
    0.01438260362173131,
    0.006405064854373998,
    0.04159156457984598,
    0.0055745980840745755,
    0.01258362160157381,
    0.005539256355142185,
    0.00696374120510394,
    0.00878129436331733,
    0.06604081077068324,
    0.006386210207221701,
    0.01984327951325832,
    0.007407800908391303,
    0.010882782249564793,
    0.017162666370113232,
    0.013744901987534957
  ],
  "cosine_matrix": 0.48887948172924395,
  "spearman_matrix": 0.03851798754536088,
  "js_divergence_matrix": 0.3043221857432556,
  "matrix_dispersion_js": 0.09662662061452582
}