{
  "semantic_entropy": 2.7877881193860072,
  "cosine_vector": 0.15464441569350687,
  "spearman_vector": 0.03542385553255119,
  "js_divergence_vector": 0.5375316759334163,
  "vector_dispersion_js": 0.044388244683311484,
  "vector_elements": [
    0.010302568373928253,
    0.005355580914023976,
    0.005878473113019147,
    0.004938483251006112,
    0.007646384270843367,
    0.004777083234718793,
    0.03183946297152329,
    0.0068260411462424874,
    0.006385154509730119,
    0.004734939872000246,
    0.004314529147685123,
    0.004953431555462959,
    0.005221047980896395,
    0.005609341424893599,
    0.0058230693904255705,
    0.009142438631509512,
    0.005881705922721055,
    0.00560391949357768,
    0.0039053392894051863,
    0.0029798097825388245,
    0.004780413190261127,
    0.004926715382089781,
    0.005236273083725964,
    0.0015669955408330052,
    0.0038057428681352056,
    0.00832152670672535,
    0.0028433641458444734,
    0.00426504621876671,
    0.0033359170069302267,
    0.002276877685122169,
    0.007852650377234741,
    0.0032997490262769045,
    0.005774372823829953,
    0.008148869540750692,
    0.0039076049153161955,
    0.00336004155286445,
    0.006263180079266583,
    0.0047555774353558716,
    0.00847420571638164,
    0.010135818896905804,
    0.0075953699122947626,
    0.002903253609493111,
    0.003514296205155046,
    0.0015453271564070808,
    0.005074416936274376,
    0.0025241265859784617,
    0.0016019106667628609,
    0.0031783476770265483,
    0.0033243550739810784,
    0.001926565712606299,
    0.004019688221360686,
    0.00444317078491002,
    0.006051220407125354,
    0.0031283270879696947,
    0.004114117953310143,
    0.0020570589766550715,
    0.0019148153622780043,
    0.004476881866901223,
    0.003482379971349805,
    0.015288932863696487,
    0.005124476280050405,
    0.005084299272846426,
    0.004705345719431994,
    0.004254995575565237,
    0.00487696335634461,
    0.004948672157214208,
    0.008969774711948873,
    0.004247460723129894,
    0.003007855358550191,
    0.00402200185893331,
    0.005305829109700325,
    0.006422561379552956,
    0.0015928261394975672,
    0.01345998624428562,
    0.0032130926291717133,
    0.0047987767964664295,
    0.003153107720336325,
    0.0021883169393366814,
    0.0026671131869984827,
    0.006748225171138021,
    0.003577419626585236,
    0.002915078040961722,
    0.006351084401188837,
    0.004461188562626638,
    0.003494163649315484,
    0.011443804194909833,
    0.003292415228890377,
    0.0053222461105719675,
    0.008926856183024617,
    0.002938193020895792,
    0.0016504252442840703,
    0.006522751466725992,
    0.003054766783122269,
    0.005850062695099446,
    0.0037390900551703176,
    0.0021807449277650064,
    0.003814664868547087,
    0.002906990443964508,
    0.006618423987230762,
    0.004745634305247606,
    0.003554516505387198,
    0.004140753103013409,
    0.009704208876713416,
    0.022769163807157766,
    0.0040918054149612516,
    0.004236003389225914,
    0.004661128246516901,
    0.005372793497216714,
    0.011353766020674864,
    0.005144020797439735,
    0.0066884223126063465,
    0.003687417818507783,
    0.003851179198436077,
    0.004551567044809552,
    0.002709888176944997,
    0.00369832383930508,
    0.003241384506865866,
    0.004127998143068013,
    0.004463277703963094,
    0.0030089963613319335,
    0.00891531225222238,
    0.005956681228195395,
    0.004892045599920994,
    0.005289762689708488,
    0.007275193618455089,
    0.012851268813243236,
    0.001844143316633768,
    0.002396517506516164,
    0.0038916519950203013,
    0.01768009053193676,
    0.00393411958024694,
    0.004634748957105554,
    0.001882799992593175,
    0.008170324196928425,
    0.004037017699098826,
    0.005713900289571227,
    0.004779521310566786,
    0.007450758540987029,
    0.003568210530329117,
    0.0036453993222583725,
    0.002969043375741612,
    0.0016331266199609464,
    0.019746793322158507,
    0.0034483788788822016,
    0.007884366511414288,
    0.012060188949323637,
    0.04793792517556318,
    0.0037270581403316336,
    0.004240902736150975,
    0.0033407037687003195,
    0.002006970708716936,
    0.005547234164704699,
    0.014949943040425982,
    0.007328695820472188,
    0.006615299131302445,
    0.005411804735404558,
    0.009918969379404922,
    0.004733573757259124,
    0.028029771343902287,
    0.046362303460869246,
    0.00802887061669472
  ],
  "cosine_matrix": 0.7372705974113879,
  "spearman_matrix": 0.5197082237291752,
  "js_divergence_matrix": 0.1765774478701846,
  "matrix_dispersion_js": 0.007665503939539429
}