{
  "semantic_entropy": 2.995732273553991,
  "cosine_vector": 0.4129188775766671,
  "spearman_vector": 0.40139758497316635,
  "js_divergence_vector": 0.5254531934121203,
  "vector_dispersion_js": 0.05801913032652806,
  "vector_elements": [
    0.008035380751195264,
    0.00382838435284566,
    0.007834824477034603,
    0.00810041372549248,
    0.005858863810172172,
    0.009667813932752328,
    0.006232524650729406,
    0.0036032797909663957,
    0.02018841317854472,
    0.011249448766207815,
    0.03566902549268264,
    0.007370422670974055,
    0.012987390760439395,
    0.0041255932114198,
    0.02118218621874702,
    0.005427981613814447,
    0.007962950027298396,
    0.0029304694291396828,
    0.011604333156556516,
    0.008215793449259845,
    0.005034218468165302,
    0.014466989702031748,
    0.009394289324203081,
    0.008918287461388006,
    0.007107272778827838,
    0.011778157085146467,
    0.021503551935512264,
    0.011116841271213219,
    0.01060792030636741,
    0.011138737343911674,
    0.010576296548993232,
    0.008178201578710919,
    0.0068136341282540435,
    0.013880821463160924,
    0.008000273287100915,
    0.003884945744331907,
    0.006119317169093807,
    0.004104455968181985,
    0.00703678211889953,
    0.005576905967137744,
    0.010176074794065492,
    0.004108484603475845,
    0.011561745196911612,
    0.005801132139225253,
    0.00644209447843849,
    0.005697428677312994,
    0.0048069980739065205,
    0.012296541110212736,
    0.009858399362548554,
    0.008068254577755696,
    0.0032454597954061077,
    0.013705153286303598,
    0.00709329665312496,
    0.059575283034925035,
    0.02000623775527611,
    0.004292548865759222,
    0.005614101061845104,
    0.008769602767952897,
    0.007772184284467724,
    0.002553593390725076,
    0.006048486509238484,
    0.0053184865307487495,
    0.006175231850320863,
    0.006256735868374034,
    0.0044596493239644755,
    0.007632893006643457,
    0.003472330027077603,
    0.011046172446215788,
    0.007456270355975681,
    0.005156751874958222,
    0.0027287258419518385,
    0.006195334471694271,
    0.0028408995699333536,
    0.0024256642238816304,
    0.0054946852661735095,
    0.004758917879194281,
    0.0068820847041132175,
    0.00319204544143019,
    0.008563707292243622,
    0.006112452357098183,
    0.002771994351248162,
    0.004158728867948397,
    0.0020793644339741984,
    0.002644286063867533,
    0.00550372638545033,
    0.005447691735955026,
    0.005304447516458528,
    0.004472669475602537,
    0.0021396346841447297,
    0.005075284433613529,
    0.004895046686591701,
    0.0054617329709949515,
    0.007810153267101804,
    0.003704108223860127,
    0.0044574751646307585,
    0.0024688300432101494,
    0.005957441527928633,
    0.002515380087239176,
    0.0028212759382789027,
    0.006295398601529185,
    0.0056345702238284005,
    0.0026959020505365277,
    0.0038642729400797664,
    0.007923949312193607,
    0.0039682281712528095,
    0.004840782748071131,
    0.0047176487355747995,
    0.009176117118608034,
    0.006326616397472375,
    0.003062179451026249,
    0.004348532226459865,
    0.0021742661132299326,
    0.007009318176040946,
    0.00535872534108705,
    0.005033099638832375,
    0.00631424285764943,
    0.0048176632481336246,
    0.002271792226792712,
    0.006870282219286202,
    0.005134887292697929,
    0.004877824654681995,
    0.0026629891857318246,
    0.0076966962668696525,
    0.01794171225518462,
    0.004870118372860855,
    0.008260227865184704,
    0.010483324716021428,
    0.02738124493765696,
    0.017322582929550787
  ],
  "cosine_matrix": 0.6894121499908021,
  "spearman_matrix": -0.1038025061923765,
  "js_divergence_matrix": 0.19220963266663046,
  "matrix_dispersion_js": 0.07812263676462054
}