{
  "semantic_entropy": 2.995732273553991,
  "cosine_vector": 0.09299602165544972,
  "spearman_vector": 0.1633478024959306,
  "js_divergence_vector": 0.5788261347866555,
  "vector_dispersion_js": 0.10710719050879547,
  "vector_elements": [
    0.008264283309793096,
    0.008444303535658471,
    0.008555020827095427,
    0.0732847959746405,
    0.019183660122085142,
    0.009412241589372972,
    0.011011294794673209,
    0.009310121799019402,
    0.004246045638502622,
    0.006423619346576565,
    0.0032224373622423805,
    0.006995548013648901,
    0.005856989552378543,
    0.017162460055882577,
    0.009592140364391353,
    0.005544119526709791,
    0.006406992272347247,
    0.0072959227653735395,
    0.010675231777156853,
    0.005145539914495421,
    0.0188623193999807,
    0.009410489848638312,
    0.0026189226741081257,
    0.00986054710113983,
    0.01228911870773158,
    0.006935420936629899,
    0.009839361006435926,
    0.011783655571293485,
    0.0035745146180899143,
    0.005699284726901352,
    0.004540955517956469,
    0.016483072914826192,
    0.00477706733267223,
    0.009227955179378211,
    0.006833710933066882,
    0.0055614998054212906,
    0.004552101552499574,
    0.007915055840447573,
    0.005047433748469245,
    0.008942010276043593,
    0.009309355538973735,
    0.0070626734415617795,
    0.002805952844348922,
    0.006528576623587795,
    0.002883720490241117,
    0.002347097695719742,
    0.006021656077729708,
    0.004417902186255648,
    0.0022155674169587114,
    0.0023010818497174613,
    0.008334855410877251,
    0.004088002381119623,
    0.008345856601288674,
    0.006629825353343465,
    0.002835706299407839,
    0.003869256061297446,
    0.001934628030648723,
    0.003847007373783335,
    0.0064534521179198355,
    0.008385830841575488,
    0.0019381715821200764,
    0.09511776872066541,
    0.14321215955612918,
    0.011240777644548266,
    0.004055256864896128,
    0.005210430807880894,
    0.004684428422040952,
    0.004290544602632736,
    0.002899608792944074,
    0.00993011387725242,
    0.004680222697182757,
    0.006851343518501709,
    0.009543611970199095,
    0.008746973613154699,
    0.0053944531277390914,
    0.003987846728002682,
    0.006174811144175374,
    0.004355805176311709,
    0.006721203734166274,
    0.004281864031528899,
    0.01408925534546914,
    0.005006643277939287,
    0.00704994282130486,
    0.011503639504069574,
    0.006119564233528015,
    0.005934638548257428,
    0.0026656383071552658,
    0.006309600058164739,
    0.017628395187971983,
    0.004884777178147869,
    0.008706134744521725,
    0.00758744323920496,
    0.005419310758035773,
    0.011807922404004781,
    0.02201151016319529,
    0.018552916746826104
  ],
  "cosine_matrix": 0.5020201466411146,
  "spearman_matrix": -0.19307219277376633,
  "js_divergence_matrix": 0.20137367631367148,
  "matrix_dispersion_js": 0.12972632290437439
}