{
  "semantic_entropy": 2.995732273553991,
  "cosine_vector": 0.43466738169383806,
  "spearman_vector": 0.2063203127331324,
  "js_divergence_vector": 0.4672663599649942,
  "vector_dispersion_js": 0.07647714957333207,
  "vector_elements": [
    0.010236732475326008,
    0.009840547053971617,
    0.01368873714873836,
    0.08167599859691468,
    0.02224184145127128,
    0.012246788603963233,
    0.012279698152186918,
    0.010051675898175539,
    0.006830459989381124,
    0.010281954471018404,
    0.008681123457034699,
    0.003491327500339291,
    0.011701512721865382,
    0.00618704028905282,
    0.016340582521070866,
    0.0336140052099341,
    0.004086234182491407,
    0.011052476662242277,
    0.01063159925605539,
    0.009472050604077065,
    0.004067977409974915,
    0.007835475976715196,
    0.003741232996906472,
    0.0031399519517490704,
    0.009607192261486422,
    0.007269553226384032,
    0.010865514539382502,
    0.006606823144584142,
    0.004018772273581949,
    0.009877064429303525,
    0.00728071376041097,
    0.0033237443930387188,
    0.004752287132887215,
    0.008305671983810435,
    0.008111045011955302,
    0.0036863510203567155,
    0.013270552407423657,
    0.006634708538784991,
    0.0035432289021624466,
    0.010531655190537248,
    0.004212846489950557,
    0.0027468161858597647,
    0.008596366594706212,
    0.005587361756601478,
    0.019551422760306233,
    0.006883505228070079,
    0.007556295053432669,
    0.006487769653223068,
    0.005700785014370601,
    0.007684637730320454,
    0.007800755577341841,
    0.006904371296826805,
    0.02198430665038345,
    0.0051244541152448584,
    0.002816847458633529,
    0.0046759199231210845,
    0.019351521873334995,
    0.004120187400735043,
    0.00551432365883805,
    0.0027490950400062,
    0.004835372663532387,
    0.003264465063062493,
    0.03353649110054505,
    0.003384487396151193,
    0.006841856755190864,
    0.003671655256714153,
    0.04276830419042801,
    0.006856099705483371,
    0.004892390402526243,
    0.02586062018065261,
    0.003428847768172297,
    0.007995423617619233,
    0.007807024686150528,
    0.010249451148618494,
    0.009714144726606932,
    0.004857072363303466,
    0.005426048387765756,
    0.008456141842511582,
    0.00425754510858398,
    0.006124712500760978,
    0.0037522256137479774,
    0.03245945362079851,
    0.009129637281690457,
    0.003812818711793474,
    0.0185502608234059,
    0.022408714871581817,
    0.005342132496302322,
    0.007112379678533541,
    0.007161029703404908,
    0.012438619995956407,
    0.015169561154129752,
    0.04214864987750617,
    0.01913486904891578
  ],
  "cosine_matrix": 0.5049529612889803,
  "spearman_matrix": 0.06751757319533397,
  "js_divergence_matrix": 0.3531468125808055,
  "matrix_dispersion_js": 0.08391376877155175
}