{
  "semantic_entropy": 2.995732273553991,
  "cosine_vector": 0.20091759700945416,
  "spearman_vector": 0.06009984639016897,
  "js_divergence_vector": 0.5495722297728252,
  "vector_dispersion_js": 0.020845530454326244,
  "vector_elements": [
    0.03407772439137252,
    0.013448405166829559,
    0.0413385107898801,
    0.02843948458069954,
    0.017802657778677084,
    0.021593514290874395,
    0.01817260471152445,
    0.014124672030131489,
    0.015812841774385467,
    0.010293625436242505,
    0.019862672186778476,
    0.009907381873120383,
    0.017797080470522402,
    0.010866557181623207,
    0.006326762486169014,
    0.0130013554969237,
    0.010396740460877216,
    0.02338436127647099,
    0.010452381077703585,
    0.018683650418625623,
    0.008050365423441265,
    0.019206179320554236,
    0.010617916693487344,
    0.007484651207141598,
    0.006449770764898475,
    0.01132993197605923,
    0.012793858163715734,
    0.010571539254965779,
    0.008614635901973545,
    0.012188251000395778,
    0.00864013013902488,
    0.02344036492034599,
    0.016275241222119496,
    0.015566896676365544,
    0.006591476475190248,
    0.005918069141151592,
    0.006461409034238906,
    0.011802209657247195,
    0.008897502594206925,
    0.010800567581892519,
    0.05218430476552553,
    0.010732075618689184,
    0.005787394955055581,
    0.012226489951376715,
    0.0072939163811747134,
    0.012421856202628227,
    0.008978600972347688,
    0.006290291895885325,
    0.01717631099829548,
    0.008370477264101337,
    0.028130015291079568,
    0.035619816633501486,
    0.009434086020604863,
    0.005006004641252911,
    0.012581270434559803,
    0.016202396787844145,
    0.007838779438512335,
    0.053644489717939364,
    0.021159200316799086,
    0.01573153650938245,
    0.009460020927107982,
    0.04256194072148516,
    0.02368477252700304
  ],
  "cosine_matrix": 0.4519022589832709,
  "spearman_matrix": -0.0983915278270117,
  "js_divergence_matrix": 0.36754413086082327,
  "matrix_dispersion_js": 0.06297015637606222
}