{
  "semantic_entropy": 2.9264175554979963,
  "cosine_vector": 0.1704364404699831,
  "spearman_vector": 0.12728730772034702,
  "js_divergence_vector": 0.5057300872986312,
  "vector_dispersion_js": 0.09574513566193943,
  "vector_elements": [
    0.02874258682189902,
    0.04479451835575938,
    0.007938594064406152,
    0.007427931268486271,
    0.007263900736509045,
    0.0042291801207811055,
    0.003482326344102442,
    0.00600778423144832,
    0.0035972377043236386,
    0.0031396352392150497,
    0.007115522286993948,
    0.004371913302838224,
    0.003779556557212874,
    0.00945953652517536,
    0.007643076466748782,
    0.0024985057310118472,
    0.005059564053565221,
    0.005266084759654908,
    0.009377110471268517,
    0.0022035911144838594,
    0.008556457502003503,
    0.004368777312352283,
    0.039102973923677946,
    0.004449385611165192,
    0.009256696870410383,
    0.0016091625990960392,
    0.03317622211312765,
    0.0052149117563400245,
    0.019658985582296725,
    0.003376320225443483,
    0.009483729748296595,
    0.001633658215937795,
    0.016425856507227003,
    0.004201730392567859,
    0.004798383250350628,
    0.006942791014780307,
    0.011146724483951827,
    0.0019348613039633436,
    0.03059913059873396,
    0.020005767224304107,
    0.00534691193524308,
    0.007723170224702436,
    0.007581778847866858,
    0.015197881175190357,
    0.012072396453270818,
    0.0024548152317038683,
    0.0069516379601674795,
    0.006483430124410438,
    0.008369610028663262,
    0.012700738686887496,
    0.004073966030732944,
    0.02800473497560511,
    0.005028358020256214,
    0.01231562991228371,
    0.006877602147277145,
    0.004203325425551446,
    0.0054274868916607735,
    0.005652560971167853,
    0.011899031614038635,
    0.005478680263153424,
    0.002378920815827019,
    0.004748935686243919,
    0.1486282977511487,
    0.0040511687737380545,
    0.0121828591140857,
    0.0031466173074173585,
    0.06362794312574716,
    0.004406154870993906,
    0.011964384735204945,
    0.004657900118714336,
    0.0039685406417703,
    0.006985757459602594,
    0.024960168224513316,
    0.019270870762639912,
    0.008666682509471677,
    0.0029547447308285357,
    0.00873372981454006,
    0.007715917867683223,
    0.005975864854668628,
    0.00890048614463713,
    0.005913445538485992,
    0.004060309410505787,
    0.01926433865814093,
    0.005439468038051113,
    0.007936545945590815,
    0.01113120188994142,
    0.005144315898063446
  ],
  "cosine_matrix": 0.4221131292119301,
  "spearman_matrix": -0.08172535296833612,
  "js_divergence_matrix": 0.3103266344094607,
  "matrix_dispersion_js": 0.10427372744034256
}