{
  "semantic_entropy": 2.9264175554979963,
  "cosine_vector": 0.7279493752282209,
  "spearman_vector": -0.113965744400527,
  "js_divergence_vector": 0.06937498348980986,
  "vector_dispersion_js": 0.0381127757639792,
  "vector_elements": [
    0.07088835905203103,
    0.019605471467538008,
    0.029202373805196004,
    0.07706723995297843,
    0.035042251036025755,
    0.024570661000664434,
    0.018719418347311605,
    0.013271711431979485,
    0.01765049642773356,
    0.012626441113404935,
    0.01639720315531122,
    0.024495551677004738,
    0.006942850703455671,
    0.027303371789674697,
    0.017901427702125838,
    0.017955471192672684,
    0.008092490368180764,
    0.01620812202497167,
    0.00670764123114264,
    0.005413490986089983,
    0.012949644915797691,
    0.012419765581212968,
    0.01686550201766314,
    0.006252181287448737,
    0.016723752095005998,
    0.01137048020093934,
    0.021648612305518965,
    0.014274287285030609,
    0.006947620494496575,
    0.009826382115592133,
    0.0049131910577960665,
    0.007421932692677741,
    0.017255615974094866,
    0.008751081635391874,
    0.013155850922302297,
    0.012608005344058312,
    0.012297340484395406,
    0.014713802563717564,
    0.019863075501302344,
    0.0730891131911077,
    0.015711562295948518,
    0.02476229892376872,
    0.03860496845368726,
    0.1099494932719541,
    0.03156239492359802
  ],
  "cosine_matrix": 0.7093755922761371,
  "spearman_matrix": -0.10263504611330698,
  "js_divergence_matrix": 0.07482848863542617,
  "matrix_dispersion_js": 0.013444008069973812
}