{
  "semantic_entropy": 2.8309404302537744,
  "cosine_vector": 0.2530122433825805,
  "spearman_vector": 0.0736451048951049,
  "js_divergence_vector": 0.5177685693286098,
  "vector_dispersion_js": 0.010017340520551699,
  "vector_elements": [
    0.03903152478670008,
    0.01655722773338187,
    0.020736964286749364,
    0.11059792973386276,
    0.026251171797393877,
    0.01659458028627721,
    0.005693298887621924,
    0.011592416369915554,
    0.010066803386421712,
    0.01116390904887481,
    0.015565625500027436,
    0.0094322537441261,
    0.015002285847696686,
    0.02505427736374393,
    0.006447925130679286,
    0.019514225103173796,
    0.012871334638846052,
    0.013883583127080906,
    0.0077508832611158625,
    0.021327595538341917,
    0.008214287978640716,
    0.009785380474303745,
    0.010185833375521923,
    0.014180518744625933,
    0.025122953543512756,
    0.007574931807829837,
    0.006313494080665348,
    0.005606390019632243,
    0.006449167894433246,
    0.007497395616408553,
    0.01939093785647428,
    0.014806652011963703,
    0.005741488581075186,
    0.015703881761857073,
    0.005728950412152355,
    0.005349006951724638,
    0.013778793447477107,
    0.008855286476811726,
    0.010323094966811533,
    0.0051205476259357265,
    0.008571807244861746,
    0.012640570243887317,
    0.024817657235347325,
    0.012061752360314747,
    0.01217430732030906,
    0.006138266810987698,
    0.014421611276021222,
    0.020990265447692984,
    0.005594799383698824,
    0.016132144347920565,
    0.007255501641058995,
    0.008615243263404949,
    0.02005831015578719,
    0.009088637086143596,
    0.024564485266079378,
    0.005805610584879609,
    0.012204091032293751,
    0.005621636068396921,
    0.0156925687752538,
    0.0200979974635798,
    0.009216008621276731,
    0.01661376004284392,
    0.02093320476927857,
    0.044957842438968325,
    0.02486711191982424
  ],
  "cosine_matrix": 0.3803864015123935,
  "spearman_matrix": 0.04234411421911422,
  "js_divergence_matrix": 0.3873268817350263,
  "matrix_dispersion_js": 0.05909557779126234
}