{
  "semantic_entropy": 2.995732273553991,
  "cosine_vector": 0.36887600340120247,
  "spearman_vector": 0.1364477335800185,
  "js_divergence_vector": 0.40340685561180845,
  "vector_dispersion_js": 0.010044600682951987,
  "vector_elements": [
    0.011612571520855994,
    0.010947128794088072,
    0.01569159406024775,
    0.084435657000109,
    0.024622257279015694,
    0.012180898569501093,
    0.0122359430401836,
    0.010584423280518465,
    0.006970915470045446,
    0.010379471113930807,
    0.008571217666500312,
    0.003799473053461539,
    0.01141924897645371,
    0.006054634751474676,
    0.014810726392599512,
    0.03043708085696252,
    0.004113574319932673,
    0.010018023598433814,
    0.01032431280140603,
    0.009081900152314807,
    0.004264041961436682,
    0.007639411897461236,
    0.0037825907986509355,
    0.0032743232358393077,
    0.009095456697837947,
    0.0070537375889921814,
    0.010151799673038727,
    0.006409664620911684,
    0.004172118591218826,
    0.009465060968174734,
    0.007001809281026985,
    0.003404652763400125,
    0.004741584284753681,
    0.007708391561383012,
    0.007673664106397078,
    0.003763862842511872,
    0.012349067733931305,
    0.006369035901980043,
    0.0037800627941516917,
    0.009903788763884203,
    0.004198054301060497,
    0.0029779199535755305,
    0.008367740432882157,
    0.005485464431732147,
    0.017308400606473463,
    0.00649499540419393,
    0.006957730068208327,
    0.006328159606086253,
    0.005513047751678987,
    0.007138758183274211,
    0.00729356884101307,
    0.006598348430349737,
    0.020035752256811194,
    0.0049525521176955484,
    0.0029262762827367613,
    0.004540489085335461,
    0.017171618691098373,
    0.004012635339749105,
    0.005206921552054135,
    0.002871396682854348,
    0.004623998721699934,
    0.0033366750552561732,
    0.02792185263046692,
    0.0033794616189243864,
    0.007207109346446633,
    0.003609563244724912,
    0.03564249252776838,
    0.006659763346876242,
    0.005128535765007941,
    0.02374706642629934,
    0.003584653758609753,
    0.0075038088761847505,
    0.007947125595385253,
    0.010040014887760332,
    0.009723723075786143,
    0.00512281285080123,
    0.005486074518076777,
    0.008199855704979735,
    0.0043521564891611485,
    0.005920799921536181,
    0.003926181678269786,
    0.03330283105699364,
    0.008547004429462665,
    0.004378907313339557,
    0.01780687966183521,
    0.028751607369356978,
    0.005432196403271564,
    0.007106206776163354,
    0.007819547615381983,
    0.013785749945606678,
    0.01668421561822934,
    0.05536766739154707,
    0.021278451594909053
  ],
  "cosine_matrix": 0.39989098789867134,
  "spearman_matrix": 0.07562057138676659,
  "js_divergence_matrix": 0.40595851961630597,
  "matrix_dispersion_js": 0.10098230870754615
}