{
  "semantic_entropy": 2.995732273553991,
  "cosine_vector": 0.2734144176536281,
  "spearman_vector": 0.004216073781291172,
  "js_divergence_vector": 0.5334932600452142,
  "vector_dispersion_js": 0.0409699989530008,
  "vector_elements": [
    0.048770628126407756,
    0.020784847953934194,
    0.025760064933832785,
    0.09390475691416457,
    0.04405458692639609,
    0.02162724949318559,
    0.029195428175877627,
    0.020381254628458922,
    0.02151415655001372,
    0.018116006402778915,
    0.01545779253998923,
    0.02806444922418905,
    0.007533899203223163,
    0.026007805124755673,
    0.02051771335994738,
    0.02319335052144426,
    0.00929073283077663,
    0.01788573012768635,
    0.00836945119026833,
    0.006257054311557702,
    0.015830980324912425,
    0.015198716902954552,
    0.01686741327421189,
    0.00824493941661216,
    0.022842813615822237,
    0.015625700307497128,
    0.029762498291069358,
    0.018811968201632914,
    0.00870473105869307,
    0.011646518006383352,
    0.005823259003191676,
    0.007555900578224682,
    0.01958054145295379,
    0.009710506920626543,
    0.016866121217999817,
    0.01614745820555401,
    0.01699504110279198,
    0.021488457143013912,
    0.021332658651406974,
    0.03749145327856256,
    0.017192356651141185,
    0.025496282488069497,
    0.02683991871686982,
    0.05601602074694529,
    0.03124078590397131
  ],
  "cosine_matrix": 0.51785589685973,
  "spearman_matrix": -0.12235836627140975,
  "js_divergence_matrix": 0.32939415478575834,
  "matrix_dispersion_js": 0.0570282508589929
}