{
  "semantic_entropy": 2.995732273553991,
  "cosine_vector": 0.08716524544045753,
  "spearman_vector": 0.017398202009518773,
  "js_divergence_vector": 0.49811322721333484,
  "vector_dispersion_js": 0.18103223105408928,
  "vector_elements": [
    0.008688450040905439,
    0.009147290506688372,
    0.039969836048734796,
    0.0145128656094131,
    0.012573040446852991,
    0.011238083545441998,
    0.006764622636160084,
    0.006657192348223726,
    0.01668510261871678,
    0.008567226649162254,
    0.0049436381308468995,
    0.006544511333885387,
    0.004130082963437209,
    0.011605104600294503,
    0.0035677942761410983,
    0.010956604120299336,
    0.006392016255829264,
    0.00290735767541245,
    0.006977935829346192,
    0.009507306918057139,
    0.053425002884247945,
    0.004823751134790755,
    0.00805049290178683,
    0.005658339993252879,
    0.00329073700336036,
    0.008431073589267134,
    0.005878724146122187,
    0.019559097529720272,
    0.006422708020290797,
    0.011395116855496974,
    0.005880752903129751,
    0.003944996663411368,
    0.017020438172557703,
    0.0028883391636592187,
    0.002857356088108909,
    0.006989688156269369,
    0.01001690930783754,
    0.004905097292553228,
    0.02626031331113467,
    0.0064547366982506986,
    0.006487574561794646,
    0.005566707795044425,
    0.0062557568589927,
    0.003422448170928179,
    0.008966715317980491,
    0.010116081048366553,
    0.004361133216097099,
    0.009213011147687283,
    0.008708074023502078,
    0.004434290261613262,
    0.007610028890729276,
    0.0033418404549030094,
    0.03771635533758623,
    0.40879178209140776,
    0.007545054374622726,
    0.004894456697795598,
    0.0073594168765634795,
    0.002808118712851969,
    0.007528925543124534,
    0.011676968514255167,
    0.016705525735056053
  ],
  "cosine_matrix": 0.2763691699324712,
  "spearman_matrix": -0.07786328592501877,
  "js_divergence_matrix": 0.3545178641097288,
  "matrix_dispersion_js": 0.18341253730592852
}