{
  "semantic_entropy": 2.995732273553991,
  "cosine_vector": 0.24166690618144177,
  "spearman_vector": -0.23675609004008633,
  "js_divergence_vector": 0.5001517752699254,
  "vector_dispersion_js": 0.03374844778628505,
  "vector_elements": [
    0.02827659182591776,
    0.028375836356815197,
    0.024065590186579288,
    0.05767566361060604,
    0.04340117620259482,
    0.027567150022550214,
    0.027300177621855656,
    0.016100620674959164,
    0.014970148919930888,
    0.035528070254063175,
    0.0242437053199066,
    0.009673230482729707,
    0.01718913980528197,
    0.01144229594505165,
    0.05789316447630434,
    0.010824041838430318,
    0.0233448011789507,
    0.015856171799014454,
    0.0074065669166315014,
    0.016709520607733876,
    0.020698015596444127,
    0.025240053022403574,
    0.011935578865202034,
    0.01508613508016948,
    0.009347691100996716,
    0.05959286727040052,
    0.010495907338208644,
    0.02178356630794554,
    0.015381087010453811,
    0.007949899062796152,
    0.015509564929782718,
    0.01737685919877335,
    0.015053040640546881,
    0.011914694895444427,
    0.025693210320572934,
    0.01615579898405906,
    0.011649243448592438,
    0.023042531505904743,
    0.01768730674315421,
    0.01790074160299364,
    0.015326309023025857,
    0.02093139207500565,
    0.010574390573988861,
    0.029321768005938414,
    0.02837353757065238,
    0.028135145780636497
  ],
  "cosine_matrix": 0.4890820969009928,
  "spearman_matrix": -0.25001375103132734,
  "js_divergence_matrix": 0.3690903536350418,
  "matrix_dispersion_js": 0.044796810310958314
}