{
  "semantic_entropy": 2.995732273553991,
  "cosine_vector": 0.1262831320014206,
  "spearman_vector": -0.026354265810736927,
  "js_divergence_vector": 0.5509846058138574,
  "vector_dispersion_js": 0.008817145990574815,
  "vector_elements": [
    0.009634654509730835,
    0.009524421800205784,
    0.014265979301750612,
    0.030901815175785125,
    0.007983086552661167,
    0.010251223626942677,
    0.007361966387074936,
    0.005900913382675077,
    0.006050777997917942,
    0.007848140615095691,
    0.007890401349060825,
    0.004461333594922901,
    0.012415622738338152,
    0.022226531279684072,
    0.004134105898512419,
    0.009267932461687828,
    0.020683175210443633,
    0.008926843544621924,
    0.0033403275727757527,
    0.0078619995154665,
    0.0032960118415717773,
    0.0024527659489046636,
    0.005913657141039903,
    0.005315773229542716,
    0.005610017533407183,
    0.003095662435927153,
    0.006882478272702322,
    0.006264133885220954,
    0.009373622247228201,
    0.008214970069722383,
    0.003457884801714738,
    0.004433096104229935,
    0.0023120667512820737,
    0.0032413711924006066,
    0.006063201668884627,
    0.0022251223366634844,
    0.005785041989157676,
    0.0032216282641353983,
    0.0022282906283097267,
    0.004821067161882009,
    0.004170806514375888,
    0.007532058228302366,
    0.002709987792314583,
    0.009907401997647104,
    0.004996537620990919,
    0.007780354463925841,
    0.0046604783534134634,
    0.003130866502870162,
    0.004158745702341322,
    0.002174891550337767,
    0.002961403831976858,
    0.004784606360223406,
    0.0036285079500999913,
    0.00757501148079285,
    0.003128547291853948,
    0.00479868245772395,
    0.004274806015352164,
    0.005677665046408847,
    0.004204255193949603,
    0.00852010525730537,
    0.008926783000196515,
    0.0032190988724976276,
    0.01162069379517944,
    0.018246810773550455,
    0.0038363822694608626,
    0.004195237083049146,
    0.0031218000057011606,
    0.006168019927438245,
    0.0049536708207195785,
    0.01771592557348498,
    0.004700806862723042,
    0.00528370812324425,
    0.0030946320504008423,
    0.003013505377736112,
    0.0051980420756724995,
    0.00436635240001267,
    0.007248489498617117,
    0.003971017624492197,
    0.14910573582564157,
    0.004470283986541197,
    0.005740476317705341,
    0.0067471559291147325,
    0.005640529374909156,
    0.009542136828050923,
    0.017476681678181574,
    0.003987445206523105,
    0.007665817852200663,
    0.0029864751700708937,
    0.004976250685234918,
    0.003101529530270217,
    0.007539444335289112,
    0.0041874841834093224,
    0.007363114270676384,
    0.00412085188022917,
    0.007322053885784197,
    0.0047334019808159536,
    0.0033869551404135043,
    0.008385467549984281,
    0.0062274005075526806,
    0.004007928593476758,
    0.029124351559157782,
    0.0035037395602234914,
    0.008333360663744132,
    0.010848450398265794,
    0.011461018185626747,
    0.02021323724402397,
    0.004077698812679507,
    0.00428152339039885,
    0.004163349596677857,
    0.008246344661313666,
    0.012289463815519173,
    0.0374435378928594,
    0.026399876809981283,
    0.016103614931788208
  ],
  "cosine_matrix": 0.3960923788008861,
  "spearman_matrix": -0.06308643225352081,
  "js_divergence_matrix": 0.2857765528066989,
  "matrix_dispersion_js": 0.09113870279501748
}