{
  "semantic_entropy": 2.9264175554979963,
  "cosine_vector": 0.13998679811425807,
  "spearman_vector": 0.06341027393658973,
  "js_divergence_vector": 0.4404147953652031,
  "vector_dispersion_js": 0.021131473525595634,
  "vector_elements": [
    0.02021465240522766,
    0.012480308694746353,
    0.013917956365866116,
    0.043966369107032895,
    0.02244472402946913,
    0.010991984506214983,
    0.012314198250502463,
    0.011862995981967417,
    0.012076971079863268,
    0.00543382388619884,
    0.022352860903728625,
    0.006186226839219901,
    0.020562983860656865,
    0.00716289677511452,
    0.00864873322027392,
    0.011620928258684143,
    0.00900679478727323,
    0.012062715137442078,
    0.003958995947592288,
    0.007187785729321764,
    0.006063655162892052,
    0.012768934714884949,
    0.00720996195021117,
    0.007106737912395973,
    0.01811861787113339,
    0.004474875231758291,
    0.012192852269414835,
    0.0069023982869008,
    0.009011664279267913,
    0.004816936690277475,
    0.007955561950820925,
    0.004028770207150468,
    0.003818403506290262,
    0.011439741934894988,
    0.004076665267608272,
    0.0088023733786564,
    0.006749742317404518,
    0.0034353743217743074,
    0.0052851847263453156,
    0.008136047936368318,
    0.0072791368438382695,
    0.003473183313759889,
    0.009347169805714555,
    0.006438713393225524,
    0.0037145545743094725,
    0.0074807410664720665,
    0.009834404985516495,
    0.004263814354703614,
    0.010217243488264706,
    0.004231464159905718,
    0.010017636323028262,
    0.008213639561444242,
    0.006314077169227187,
    0.004709700262036303,
    0.009957768083855501,
    0.007684666005344898,
    0.008149291428153242,
    0.00871465294022129,
    0.007600185678558948,
    0.012153004790484334,
    0.009981435934608094,
    0.005591520381567398,
    0.014855045947171637,
    0.004490115152935911,
    0.009907826351745424,
    0.008191443423029273,
    0.006096590566537335,
    0.008791975185707086,
    0.004570817935496533,
    0.015062310766580558,
    0.035447695617691156,
    0.19400995277336205,
    0.00968263014827181,
    0.013378879115199235,
    0.02651769327689783,
    0.03672151173164339,
    0.020058101780643788
  ],
  "cosine_matrix": 0.35104272050277185,
  "spearman_matrix": 0.040626837277554985,
  "js_divergence_matrix": 0.3612869412902436,
  "matrix_dispersion_js": 0.12669164276689546
}