{
  "semantic_entropy": 2.995732273553991,
  "cosine_vector": 0.043292947005032945,
  "spearman_vector": 0.2789411896243292,
  "js_divergence_vector": 0.6688627807312453,
  "vector_dispersion_js": 0.06672115700623582,
  "vector_elements": [
    0.007125854155002873,
    0.0029028531030506283,
    0.006557378590836002,
    0.006865695813949852,
    0.0046612421684044955,
    0.014614478440613183,
    0.007117906393019968,
    0.011482465978476665,
    0.015901168192018693,
    0.007628687602938342,
    0.01188700215561653,
    0.006358049385404871,
    0.015240036551833216,
    0.006026579986843213,
    0.027781335074156633,
    0.006319006755503903,
    0.01809656699659134,
    0.004280662344321391,
    0.04603333801732595,
    0.03626926033437304,
    0.012553886728147268,
    0.013377740403344282,
    0.004540092171793358,
    0.004164429483636383,
    0.005435943578282534,
    0.009255105527337623,
    0.02275715736203092,
    0.007800501219393172,
    0.007818850854619865,
    0.006996856907848763,
    0.006917221487496448,
    0.00765646301485518,
    0.006408637611247659,
    0.01864544543679591,
    0.0071037566839327855,
    0.005563611373946125,
    0.0036743267537536362,
    0.0028781599844419064,
    0.004482773470947871,
    0.0035551954676197885,
    0.006978158475938324,
    0.0030887715336864055,
    0.008752405321123714,
    0.003765450840244597,
    0.005448407636896344,
    0.00486815845737738,
    0.003757271290427092,
    0.007164929203033675,
    0.008577998226988098,
    0.006077194515450298,
    0.005028404082947677,
    0.008225485629556516,
    0.003996106852797792,
    0.03791870256952683,
    0.013016298996817497,
    0.003685975166195077,
    0.004142903350535518,
    0.006196902030151217,
    0.005341879913080116,
    0.0017115932106597496,
    0.00390746990426559,
    0.005037486098740752,
    0.004968800251374613,
    0.004826360209366541,
    0.0027504141557074097,
    0.0065700754494529105,
    0.004584355416046236,
    0.016817965481967866,
    0.006774271516512515,
    0.0037144874261152865,
    0.0017792860449915198,
    0.00407139198670328,
    0.0019799408226676735,
    0.0017889452273039293,
    0.003821501826404064,
    0.0030204542440336536,
    0.0057821532620494645,
    0.002636945548696426,
    0.010763545362161245,
    0.005252845500712958,
    0.0018709061637507214,
    0.002949356269835602,
    0.001474678134917801,
    0.0031379575297017376,
    0.0037709552659834274,
    0.004308549082374739,
    0.004166694221334189,
    0.004091669402516327,
    0.0017406627502162808,
    0.0039120292106754,
    0.003959876807172298,
    0.005020203121932853,
    0.012355958251706609,
    0.0032421459662953455,
    0.003299646632946622,
    0.0015151469174667315,
    0.003704172186834623,
    0.001591122650833042,
    0.002282140241643463,
    0.006867483320237802,
    0.004540414342518871,
    0.001933259618311557,
    0.003215652356754247,
    0.007780684416396706,
    0.0029938641107757125,
    0.003802663986014747,
    0.003156349551768359,
    0.00678680405463359,
    0.005215550718508,
    0.0023130088584921603,
    0.0034293209068351213,
    0.0017146604534175607,
    0.00714361913501589,
    0.004174032288187714,
    0.004140097381446325,
    0.006166629691549119,
    0.005095696249450814,
    0.0021400667647048467,
    0.006891665484819011,
    0.004421585356226684,
    0.003990202077242337,
    0.003018460060509293,
    0.012653162418781982,
    0.02727383312862378,
    0.0058846157371016256,
    0.006133801522784774,
    0.012897217660363117,
    0.076795667239973,
    0.015708643699957385
  ],
  "cosine_matrix": 0.5423646426645533,
  "spearman_matrix": -0.22197387913685152,
  "js_divergence_matrix": 0.16507750777592525,
  "matrix_dispersion_js": 0.019832113544117014
}