{
  "semantic_entropy": 2.995732273553991,
  "cosine_vector": 0.0791017181439842,
  "spearman_vector": 0.04426204536932883,
  "js_divergence_vector": 0.5209082809561449,
  "vector_dispersion_js": 0.16775007523778918,
  "vector_elements": [
    0.007769706630325058,
    0.004809977338496369,
    0.00576984779467691,
    0.010131190576694201,
    0.022878868676642246,
    0.010153453925831984,
    0.004913359445051089,
    0.005954059501634794,
    0.006778638455379268,
    0.004184785250139018,
    0.0027544931840764193,
    0.008176402818271733,
    0.0022738094991953347,
    0.0018381413733046148,
    0.0056033790998187396,
    0.005330893614432695,
    0.004334921540290579,
    0.008133619037566755,
    0.0031940455764964486,
    0.0031940455764964486,
    0.02719629805915702,
    0.007131041750684382,
    0.006904726560871985,
    0.007123460850586808,
    0.002940278504960755,
    0.003451893560533047,
    0.002312757277213682,
    0.0016972459496462297,
    0.003059028091571867,
    0.0026073344648124865,
    0.009753691897335555,
    0.0034830570701735583,
    0.003995888008177295,
    0.003335450802640219,
    0.00675610174713581,
    0.0036214374519901575,
    0.0024111643247728097,
    0.0020211617378977378,
    0.0011981250160860186,
    0.005585674500907874,
    0.012716837773258488,
    0.00840891701212397,
    0.0028901404268868126,
    0.009420996009841387,
    0.30115617488279356,
    0.004326305087831507,
    0.0036135655554493744,
    0.0035417857856821877,
    0.004705847899273369,
    0.0014257684142627482,
    0.0032779345913483138,
    0.0032650243117829554,
    0.0037473196522861438,
    0.0033411110615629617,
    0.002919106201174623,
    0.0027866366706266986,
    0.0026563474895361094,
    0.0024298453156608993,
    0.0012226789377468292,
    0.007370148285352493,
    0.0023373708592273235,
    0.004136149043424938,
    0.009502112242030371,
    0.06977682559167392,
    0.002630672342271589,
    0.0027916956149576645,
    0.002230375437359362,
    0.001279426445151759,
    0.005462043151584952,
    0.009655355973743243,
    0.00380363094734412,
    0.004699192749211152,
    0.00536856004050621,
    0.012710516618713382,
    0.005199233623182598,
    0.0038479504480782635,
    0.0036468624429412113,
    0.006087679001489947,
    0.01809639414345003,
    0.004126334595044956,
    0.004596812594065365,
    0.005292934342143268,
    0.004182939296586864,
    0.0039048899849434705,
    0.0030317931365271486,
    0.0034350116981401884,
    0.00175051726006429,
    0.0038607620838407982,
    0.0018522198560306262,
    0.0014556111526045398,
    0.003242443830727022,
    0.0029718616127380006,
    0.004604332836624879,
    0.0017494533387318871,
    0.0030999867218635575,
    0.0027181093390463117,
    0.005540930838152961,
    0.002100673397680726,
    0.004542054087702609,
    0.004208229913212954,
    0.0017500228731242961,
    0.0026809391118954857,
    0.0013404695559477429,
    0.002100758544786783,
    0.002528834666528133,
    0.0020059634218547013,
    0.003742884098307848,
    0.002941746037252262,
    0.003379721173197708,
    0.004073456752844479,
    0.003109907363469033,
    0.007233227955814689,
    0.0028833781510530436,
    0.003232443731710975,
    0.002452743493237917,
    0.006281756346136322,
    0.0055783220585089235,
    0.002815377511834035,
    0.0037713598201437023,
    0.005493686993409097,
    0.029173648852763683,
    0.0030567085056624416,
    0.0023647403653374614,
    0.004044126678327829,
    0.0065210743710939195,
    0.014373111132864007,
    0.005553693893621856
  ],
  "cosine_matrix": 0.21008923059749723,
  "spearman_matrix": -0.06349850272094365,
  "js_divergence_matrix": 0.34792014820615924,
  "matrix_dispersion_js": 0.12923879651197664
}