{
  "semantic_entropy": 2.8571028374420018,
  "cosine_vector": 0.2754110250988481,
  "spearman_vector": 0.0720559114735003,
  "js_divergence_vector": 0.5035850632549983,
  "vector_dispersion_js": 0.08340583210952346,
  "vector_elements": [
    0.039639915624624704,
    0.011161173481753153,
    0.016746866116515605,
    0.010533779454218675,
    0.0033255033201379344,
    0.006924392931682219,
    0.004608116835383739,
    0.005815266746600739,
    0.007254660624614178,
    0.005353290426690821,
    0.009930992734423895,
    0.011112220586342219,
    0.01205413048840731,
    0.007449515722410044,
    0.007497167595474203,
    0.006311331797757036,
    0.0071499184917910245,
    0.010655132031404335,
    0.0390673178815597,
    0.009041402501382169,
    0.010843714282177801,
    0.004211105586695972,
    0.009381102404342782,
    0.004460899478990251,
    0.005966250458979892,
    0.0029756670905613,
    0.005359390210908947,
    0.0072183642586428265,
    0.007566863672012492,
    0.0035232153004150957,
    0.006379066458550928,
    0.0046246149749789205,
    0.005144214534048053,
    0.0032852152207624944,
    0.006186024081442151,
    0.00282145419680726,
    0.005133610885315384,
    0.006190604334644376,
    0.0031978551409940024,
    0.00863895368363672,
    0.027421900257010978,
    0.009409743074688089,
    0.0042812042606963155,
    0.004463977037399271,
    0.0022950891214578934,
    0.00480943121834272,
    0.003656657056137736,
    0.005513631005790739,
    0.002201233214616971,
    0.00557637752121033,
    0.0047989987172202915,
    0.0024238331910085556,
    0.006833572891884515,
    0.009271253760654456,
    0.005949427016063122,
    0.02175752246419426,
    0.005144954420227444,
    0.00439589533768317,
    0.0036237202003035025,
    0.007982914463006599,
    0.014322644619276004,
    0.0032954985002107006,
    0.003653200888200022,
    0.0018534965943160092,
    0.013942468645673257,
    0.0031944503072038927,
    0.005247608968297403,
    0.0037270364540165817,
    0.0052975915694131615,
    0.003937852843420108,
    0.004752600265766374,
    0.004959303571207624,
    0.008099238804787313,
    0.0030223256323178567,
    0.10210612740182243,
    0.0038939223857518447,
    0.01475018552468405,
    0.003484545893536308,
    0.006291968964298311,
    0.010179292835858398,
    0.003555663587353743,
    0.010548543583746284,
    0.010754602871908898,
    0.005699016280259463,
    0.018434116391127933,
    0.010724281360734568,
    0.015125246668851651,
    0.005819291624452677,
    0.04081746530081624,
    0.004911851332165278,
    0.012835680508610482,
    0.0046832296597896245,
    0.006065777849032761,
    0.008079631317683612,
    0.059970926594063306,
    0.005466536852523653,
    0.02021539502963216,
    0.006530355628247911,
    0.009517799691330348,
    0.019736266608514182,
    0.013945342711419381
  ],
  "cosine_matrix": 0.6764189237561274,
  "spearman_matrix": -0.005367713241912431,
  "js_divergence_matrix": 0.20905505883397754,
  "matrix_dispersion_js": 0.047208734595070426
}