{
  "semantic_entropy": 2.9264175554979963,
  "cosine_vector": 0.4914976976248008,
  "spearman_vector": 0.06521739130434782,
  "js_divergence_vector": 0.5408563121635119,
  "vector_dispersion_js": 0.009215625327015253,
  "vector_elements": [
    0.047232235357547864,
    0.02004011272632385,
    0.024228382340098147,
    0.08757954915626912,
    0.04330884905644464,
    0.02218344568894909,
    0.02745490102791756,
    0.019016337019559494,
    0.02050213844787913,
    0.01351130200450307,
    0.016123421955135216,
    0.028034471836976563,
    0.00800086637322041,
    0.02459707577640935,
    0.021352299179805422,
    0.02297507527974068,
    0.010207615234192453,
    0.0177522549093394,
    0.00864478108105408,
    0.007045742506724209,
    0.015611690245458427,
    0.01598825652011367,
    0.017178689370384317,
    0.009107315897534317,
    0.021215896905226784,
    0.015943308928531727,
    0.0292155090792744,
    0.02008603132137489,
    0.009399381269923582,
    0.011482165899004129,
    0.006064367882161997,
    0.008457885756734083,
    0.01928980725655408,
    0.011195348515280404,
    0.0163518096678791,
    0.01756029995222095,
    0.016028248576939276,
    0.022309986875243642,
    0.02243182048320005,
    0.04337014021797028,
    0.018092997533138387,
    0.026425005607557565,
    0.027217675101019332,
    0.05775962831692233,
    0.032425875862262525
  ],
  "cosine_matrix": 0.6392680291885147,
  "spearman_matrix": 0.006554677206851121,
  "js_divergence_matrix": 0.29558426269988003,
  "matrix_dispersion_js": 0.033193666099117336
}