{
  "semantic_entropy": 2.995732273553991,
  "cosine_vector": 0.4179371945671108,
  "spearman_vector": 0.2678932702217811,
  "js_divergence_vector": 0.43236237115450216,
  "vector_dispersion_js": 0.02859278444290858,
  "vector_elements": [
    0.018629225881788586,
    0.01749977453380395,
    0.015475749780988441,
    0.03628511763479748,
    0.028685348349397767,
    0.017849900882866865,
    0.019903075096111653,
    0.015258147576668426,
    0.01594448056929744,
    0.008846557471897729,
    0.01503830420434606,
    0.005928469295061692,
    0.014021088807606358,
    0.006024071579429732,
    0.005948742921348359,
    0.013618064976698941,
    0.01308308281483114,
    0.014485236103609838,
    0.019883845520344563,
    0.013722836566983514,
    0.012433844259209317,
    0.02413958937287593,
    0.012317584399327008,
    0.033630845716932437,
    0.009688280098836528,
    0.021529250520371027,
    0.021251726399887504,
    0.007165239524124609,
    0.012028978198054475,
    0.006014489099027237,
    0.006804385161481076,
    0.013899216255901362,
    0.019930653466533464,
    0.005442561470658858,
    0.011724833087265865,
    0.011877871723813998,
    0.014977572536153167,
    0.010187991448237739,
    0.017422881853829342,
    0.008010063039606096,
    0.014889474180467767,
    0.0076104447611909645,
    0.008666055492616764,
    0.015444672742563278,
    0.011818197761145347,
    0.01126356436742097,
    0.019836187646749676,
    0.029238722118593134,
    0.014002212437310797,
    0.00456093402937698,
    0.010006737538414443,
    0.007086172215731608,
    0.015224028178244245,
    0.011540229327267214,
    0.005726290640822226,
    0.01370338246182041,
    0.011535511989379826,
    0.014614701864965217,
    0.023022274273930828,
    0.018108757847196028,
    0.011616945143775877,
    0.012322537476015374,
    0.011252397422154644,
    0.006072924094753945,
    0.015989985712629447,
    0.041558641019093207,
    0.012116064704894226,
    0.02456297435147002
  ],
  "cosine_matrix": 0.6127503900056682,
  "spearman_matrix": -0.06016719471695232,
  "js_divergence_matrix": 0.2692103343382891,
  "matrix_dispersion_js": 0.052157185307196645
}