{
  "semantic_entropy": 2.995732273553991,
  "cosine_vector": 0.06709835230550452,
  "spearman_vector": -0.00815246880086815,
  "js_divergence_vector": 0.5860919959288955,
  "vector_dispersion_js": 0.09407754413681513,
  "vector_elements": [
    0.0056871084386361705,
    0.005267768369947769,
    0.006281925140485836,
    0.07833530013678557,
    0.012433899610437263,
    0.007516070074401842,
    0.00830449903464095,
    0.011618420131464417,
    0.004638257842699694,
    0.0046257857128673505,
    0.00260484209229624,
    0.005636599563697696,
    0.004822628286058206,
    0.013742899358620653,
    0.007703648342514201,
    0.009241298377164866,
    0.005186162299950305,
    0.0065680527827312275,
    0.018758163533356673,
    0.00447611554476532,
    0.012523598691997621,
    0.007575189595170784,
    0.001981143578648397,
    0.007055820689998656,
    0.009274621529780726,
    0.0067920898835030375,
    0.008687947459601986,
    0.011613023277002813,
    0.003309704170385771,
    0.005044941962710488,
    0.003819381325845226,
    0.014893039941513357,
    0.004313788360189986,
    0.009066113595642862,
    0.007956139547127946,
    0.004609637492505264,
    0.003795866846238732,
    0.006209966093748547,
    0.005037633894174528,
    0.00907418228517597,
    0.014348427498122368,
    0.005431629935364792,
    0.002293182993404771,
    0.005350012554003473,
    0.0024441830652616576,
    0.0021140176529096323,
    0.0055249031660837,
    0.003679878009030359,
    0.0019352032255106246,
    0.0019421141423979365,
    0.013569304749390082,
    0.0034080291031411626,
    0.006939751818312315,
    0.005410231784875857,
    0.0024023044648990733,
    0.0033351259162003764,
    0.0016675629581001882,
    0.004640411001517975,
    0.0060084237618087365,
    0.008111498351495534,
    0.0017168971650129436,
    0.08223201489256358,
    0.11333084213570901,
    0.010693338509548162,
    0.0037733955150226718,
    0.004941003371365324,
    0.004894362381137783,
    0.003772008511142065,
    0.0027789356271025736,
    0.009760064797027465,
    0.004483293477308226,
    0.00781896548966389,
    0.010345449013091855,
    0.014190119124049338,
    0.004992206782298466,
    0.003584237934887744,
    0.005355307096256534,
    0.004572116215499168,
    0.006411539461969995,
    0.004157212397416793,
    0.015340478294480417,
    0.004869146744598148,
    0.007480524200860277,
    0.023738183013766,
    0.007060725803554442,
    0.005411344270312382,
    0.002605386543514321,
    0.008210711541523807,
    0.02684879910841634,
    0.005696973415243396,
    0.008549952665419554,
    0.0098901880257107,
    0.005263342017848083,
    0.014751053255490254,
    0.06587566875757302,
    0.017964741397299776
  ],
  "cosine_matrix": 0.4289185663882807,
  "spearman_matrix": -0.12152476336890339,
  "js_divergence_matrix": 0.3038408973317167,
  "matrix_dispersion_js": 0.0803209383664913
}