{
  "semantic_entropy": 2.9264175554979963,
  "cosine_vector": 0.22174178902675182,
  "spearman_vector": 0.08917493895402587,
  "js_divergence_vector": 0.5191437412735467,
  "vector_dispersion_js": 0.13023538619815334,
  "vector_elements": [
    0.017955004368635726,
    0.011437260832445742,
    0.031841168780660935,
    0.005571277415516736,
    0.006951731680043254,
    0.010356728514137603,
    0.007359456998448188,
    0.005035019745222082,
    0.003880115553605707,
    0.004663692000953008,
    0.015640836933201875,
    0.005616138027933304,
    0.013446646569375836,
    0.004171241119545141,
    0.0049252073310134354,
    0.21715324745724116,
    0.005775453648266204,
    0.004839693130475645,
    0.0019549916621689604,
    0.0036569608155526466,
    0.0027391862889454537,
    0.0014791481889042943,
    0.0028043797561363368,
    0.003220335004625458,
    0.00582655041893735,
    0.004579947976694504,
    0.0018970063482293988,
    0.0037157865137401576,
    0.004364141278811533,
    0.010170868066640687,
    0.001353490306315387,
    0.0016879536143667216,
    0.0033204939629596446,
    0.010995073647996841,
    0.00200804168993152,
    0.003754837296544971,
    0.0010537851818283172,
    0.0011924652782180235,
    0.02845678329398001,
    0.01730164197772675,
    0.002191492188291584,
    0.010045332964730846,
    0.0011500950450465982,
    0.09668491758774858,
    0.0027742473314941577,
    0.024637544673818946,
    0.002234767012220889,
    0.009558821595923403,
    0.0014559499496859438,
    0.006182396874773128,
    0.0034854093881406503,
    0.003614196157881625,
    0.0038642162016592446,
    0.00469029816497996,
    0.01876734204323065,
    0.0045492879926259545,
    0.00545791513169501,
    0.015414437947376491,
    0.004416767864782273,
    0.0013812966197761186,
    0.003169120559802522,
    0.003697188167660148,
    0.004149272951735751,
    0.0036030839725227945,
    0.00881488126184085,
    0.00237034104721199,
    0.0075920971588567384,
    0.003598421379915074,
    0.0022193760040325862,
    0.008976084204061286,
    0.0026420324998190133,
    0.011064386641266681,
    0.004519199779141043,
    0.0018988440794291642,
    0.025542422832241375,
    0.002507297001347705,
    0.007416421833563063,
    0.0013643167988541503,
    0.017291454824961475,
    0.002051472280253587,
    0.010498348588504814,
    0.003990377133147592,
    0.0023674686030167027,
    0.003148607132434919,
    0.060700527363446624,
    0.006128356982166534,
    0.002160912615084991,
    0.006636511019737785,
    0.001286433190048666,
    0.013065322757355656,
    0.001945433502632814,
    0.00800986049567405,
    0.0022293975209295015,
    0.008489578843438584,
    0.003404794957457179,
    0.003663839042874949,
    0.003927481861630012,
    0.017148511700042977
  ],
  "cosine_matrix": 0.39920770735980954,
  "spearman_matrix": 0.09305194972972668,
  "js_divergence_matrix": 0.26166273800017104,
  "matrix_dispersion_js": 0.17528413911729837
}