{
  "semantic_entropy": 2.995732273553991,
  "cosine_vector": 0.4168159700107108,
  "spearman_vector": 0.15478707339172457,
  "js_divergence_vector": 0.4032176392493638,
  "vector_dispersion_js": 0.0625149394860034,
  "vector_elements": [
    0.05842612721688245,
    0.016010339843698616,
    0.031815149442643846,
    0.049610975285737026,
    0.04224117799820478,
    0.01563470776664317,
    0.028131068891988336,
    0.01470009390258736,
    0.013888834969328688,
    0.03869978507343367,
    0.02153938583002401,
    0.011945553348901482,
    0.01880216461728747,
    0.01846420830182908,
    0.007785151089759754,
    0.024398898321361343,
    0.02809111582842186,
    0.018265937891634068,
    0.0075595445638652874,
    0.0149540971864266,
    0.007469991521389347,
    0.006659964912153467,
    0.032868146988302975,
    0.014786968433641464,
    0.006644516447463924,
    0.014053679059333734,
    0.025248296543269228,
    0.01853752601092431,
    0.008083887255927341,
    0.013573374082972255,
    0.0067866870414861275,
    0.009945110770832455,
    0.01646383845343585,
    0.008303938609829527,
    0.0138211725257427,
    0.01592310124249584,
    0.022532586217966975,
    0.05197885273890899,
    0.020691466394457993,
    0.02145284923167975,
    0.04590683414289551,
    0.10552966113085717,
    0.031773232873374156
  ],
  "cosine_matrix": 0.6442637916711333,
  "spearman_matrix": 0.6041724233213593,
  "js_divergence_matrix": 0.24145744156835028,
  "matrix_dispersion_js": 0.017351313927122313
}