{
  "semantic_entropy": 2.995732273553991,
  "cosine_vector": 0.438974718474702,
  "spearman_vector": 0.15977046209604348,
  "js_divergence_vector": 0.395769721025963,
  "vector_dispersion_js": 0.06588510917685886,
  "vector_elements": [
    0.07019808524289557,
    0.017354508189663217,
    0.030934191405715933,
    0.05141341129742339,
    0.04326598401692447,
    0.014548140818696549,
    0.02749155448136536,
    0.014643993183512201,
    0.013663677920181364,
    0.037372528723434044,
    0.0212515252529391,
    0.011921759969167594,
    0.018754398575752958,
    0.018391258948806975,
    0.007924774844404056,
    0.023527025005629316,
    0.02733560417858448,
    0.018098917085059563,
    0.007966206042133963,
    0.015583616920173673,
    0.007729290175727027,
    0.006817607500151653,
    0.031429480275237585,
    0.014811087508550348,
    0.0067074580994126365,
    0.013334725994920669,
    0.024297503754184047,
    0.01742988973466876,
    0.00790993469998254,
    0.013597338864642356,
    0.006798669432321178,
    0.009878409133572439,
    0.016380927666092695,
    0.00819959565926004,
    0.013835890815425706,
    0.014748982112891872,
    0.02132471425603062,
    0.04926240958004349,
    0.019460948033426104,
    0.02104745563742789,
    0.04344200744527327,
    0.10730963894636561,
    0.03260487257192773
  ],
  "cosine_matrix": 0.6483241156093675,
  "spearman_matrix": 0.6245365223593823,
  "js_divergence_matrix": 0.239936198821654,
  "matrix_dispersion_js": 0.018224186405498242
}