{
  "semantic_entropy": 2.995732273553991,
  "cosine_vector": 0.12617025629043938,
  "spearman_vector": 0.019143310417768376,
  "js_divergence_vector": 0.5359737479640865,
  "vector_dispersion_js": 0.01591399396877513,
  "vector_elements": [
    0.008003214845096848,
    0.009390569626841632,
    0.04187609320410674,
    0.016602705634454096,
    0.014123667228535686,
    0.01212727068754018,
    0.007816350731032163,
    0.007113845055108741,
    0.019934780232352893,
    0.010376147551917441,
    0.006501960907467443,
    0.0074846897610936994,
    0.004444607253504561,
    0.014048205440768688,
    0.004680091556238094,
    0.013516863161190369,
    0.007418353886044841,
    0.0033719103828318718,
    0.007987226538060024,
    0.013231019157243415,
    0.03733219343491804,
    0.006515502986107859,
    0.009146853021573998,
    0.006583622992404262,
    0.0036589569001415976,
    0.009015057028745006,
    0.006375445137605553,
    0.021659089851460863,
    0.008120505438259958,
    0.0158842795154158,
    0.007923890126470358,
    0.005343736971337019,
    0.022809619688085786,
    0.0038997957642243424,
    0.003821816463791606,
    0.008018021755455485,
    0.01329413847291035,
    0.007885984470925402,
    0.027676410451548967,
    0.007803280781711729,
    0.006999064599854233,
    0.0069231238517142215,
    0.006528020006367974,
    0.005019520698167815,
    0.012437094721629407,
    0.014908341348846395,
    0.00581616571036343,
    0.010446338386672827,
    0.012077173087389386,
    0.006998670389534927,
    0.009763935864494781,
    0.004663480228222788,
    0.0403089104040414,
    0.32358091119138,
    0.008046573213599596,
    0.0056176058368528235,
    0.008683905910304565,
    0.0036816866942293463,
    0.009386819880702734,
    0.01632916112027627,
    0.0189657227608319
  ],
  "cosine_matrix": 0.29646488351904154,
  "spearman_matrix": -0.015321802967617508,
  "js_divergence_matrix": 0.300877225270832,
  "matrix_dispersion_js": 0.11110579722826674
}