{
  "semantic_entropy": 2.995732273553991,
  "cosine_vector": 0.40461177384963815,
  "spearman_vector": 0.11106719367588931,
  "js_divergence_vector": 0.4858238506272814,
  "vector_dispersion_js": 0.01173784622312013,
  "vector_elements": [
    0.05590900749484528,
    0.020993557737466792,
    0.025145800347191705,
    0.0850642359786147,
    0.04163790856060095,
    0.021507698568898496,
    0.026018155934913512,
    0.01887425792485297,
    0.01984591554053987,
    0.018730587555135222,
    0.015742371061557965,
    0.026978868412051847,
    0.00794305163595075,
    0.02342606028366752,
    0.020164573833581254,
    0.021887295378226656,
    0.00991228605504634,
    0.017576380603016636,
    0.008596196067295461,
    0.006902725322776523,
    0.015322624907251791,
    0.015342662040388167,
    0.018550307540464262,
    0.008636295602811971,
    0.021062594184861207,
    0.015185454508194389,
    0.02746907468238317,
    0.01845917231923119,
    0.0090352604876054,
    0.011763848774468285,
    0.0063098639843547745,
    0.008398859137383927,
    0.019151454885903682,
    0.01058940808673734,
    0.016007712965297013,
    0.0154685933793488,
    0.016025147110594953,
    0.020481145840767687,
    0.02049929860310329,
    0.0424748296103732,
    0.017428629274398866,
    0.02614882046349226,
    0.02766910427847209,
    0.06444113788318413,
    0.03522176515269774
  ],
  "cosine_matrix": 0.42821670223242697,
  "spearman_matrix": -0.07222222222222222,
  "js_divergence_matrix": 0.42058511228648543,
  "matrix_dispersion_js": 0.045586826077177824
}