{
  "semantic_entropy": 2.8309404302537744,
  "cosine_vector": 0.1260922076986415,
  "spearman_vector": 0.05299782962561043,
  "js_divergence_vector": 0.5336190968039669,
  "vector_dispersion_js": 0.026486893101234976,
  "vector_elements": [
    0.02240238193856957,
    0.00813291302247043,
    0.009765174762827145,
    0.03478422331254996,
    0.011381738051420225,
    0.007720070195887787,
    0.009031104547430788,
    0.016076485302046164,
    0.005693250721244206,
    0.006394284009155448,
    0.011679767233546752,
    0.005441408205212768,
    0.005217539640787146,
    0.010379728132001843,
    0.006910163168340232,
    0.004608410999698297,
    0.00881686666078825,
    0.00813769889704337,
    0.0034830519827596393,
    0.006534674753251472,
    0.011672718781563531,
    0.003455914263033861,
    0.003949307304325039,
    0.007969006769206312,
    0.003155150078369342,
    0.006351959000611719,
    0.005498008017084701,
    0.005772107243082544,
    0.0093012536223642,
    0.005443088263850956,
    0.005407217742621254,
    0.0038987283073100083,
    0.010730919938026546,
    0.004174300116501285,
    0.008549975360317484,
    0.007940569335398558,
    0.0030417605114417346,
    0.00793824536637663,
    0.004559170383541028,
    0.011949592830362342,
    0.012971064565647842,
    0.004434162878040234,
    0.004110704235201807,
    0.0029229369193241087,
    0.009712277527349591,
    0.004650586610410918,
    0.013416699934530358,
    0.0067063901780258575,
    0.010010097644948432,
    0.007388512109753263,
    0.003138602865311264,
    0.006400033537416234,
    0.008648069812404494,
    0.009741278416569734,
    0.003927746849237428,
    0.006216306612369546,
    0.004360021400392944,
    0.002670268891483986,
    0.0069433069921429015,
    0.003075754605529298,
    0.02246013060399482,
    0.004411059724134691,
    0.006030605078053385,
    0.0057484885135300244,
    0.002423898965838186,
    0.00520912732986032,
    0.019420533450863788,
    0.005507654265913516,
    0.03617548388974722,
    0.004287249303653044,
    0.003841597983241728,
    0.004435014451313351,
    0.004424763635365098,
    0.004886399575763269,
    0.005872141228015427,
    0.0033627753787926857,
    0.007550649184723665,
    0.01625002641796552,
    0.003916916497555644,
    0.005472048472139237,
    0.19686450889857962,
    0.005430851979777349,
    0.020961193497868146,
    0.005087496378940661,
    0.06464172326159408,
    0.004088319825777951,
    0.007049881949435263,
    0.004935861803510665,
    0.005301010251335468,
    0.0029975247142675545,
    0.006466749456223878,
    0.00550939568870424,
    0.007562813134543592,
    0.010281396067362992,
    0.006108879481894097,
    0.010231078301208976
  ],
  "cosine_matrix": 0.3861441768941253,
  "spearman_matrix": -0.057252389498727005,
  "js_divergence_matrix": 0.2251996584431024,
  "matrix_dispersion_js": 0.11925936862085422
}