{
  "semantic_entropy": 2.9264175554979963,
  "cosine_vector": 0.273358379405577,
  "spearman_vector": -0.12685784767190872,
  "js_divergence_vector": 0.5344293181007576,
  "vector_dispersion_js": 0.03898288933892324,
  "vector_elements": [
    0.0234415545802349,
    0.02631513169239928,
    0.02105870885486101,
    0.057117683597256726,
    0.04691413615887371,
    0.025027475037473934,
    0.030973445587124965,
    0.016783919002744823,
    0.014585400946182976,
    0.0415196345169671,
    0.02384599418247053,
    0.010255864097065215,
    0.016176023979547614,
    0.010075758363796695,
    0.05308705876771039,
    0.011205889311393675,
    0.024216267442716766,
    0.014766505588332776,
    0.0066691174138878324,
    0.0163342895885571,
    0.021240422066247624,
    0.028412177470757412,
    0.010628008476129065,
    0.01260075749342004,
    0.008243285659287246,
    0.057076800896712944,
    0.010021938608614328,
    0.020789795592787545,
    0.014343891234018606,
    0.007517779130095835,
    0.014523938344265363,
    0.01792291170977734,
    0.014824520751977679,
    0.011164509594541796,
    0.025322574905280993,
    0.01664400793730511,
    0.014215514049808161,
    0.0245874036123895,
    0.017796057134986075,
    0.01785225656086891,
    0.01718495720328337,
    0.02066211168737288,
    0.012138102621945443,
    0.02958769504512722,
    0.03405760251123752,
    0.03027112099216379
  ],
  "cosine_matrix": 0.6803731139737602,
  "spearman_matrix": -0.09945681823572669,
  "js_divergence_matrix": 0.20997758508633138,
  "matrix_dispersion_js": 0.05599309398276375
}