{
  "semantic_entropy": 2.8309404302537744,
  "cosine_vector": 0.15807783744896597,
  "spearman_vector": 0.3413281187644665,
  "js_divergence_vector": 0.46754873066542446,
  "vector_dispersion_js": 0.07974211189249925,
  "vector_elements": [
    0.019004921035445363,
    0.013755438595215328,
    0.051077984111365785,
    0.007842227119767065,
    0.013073009464742113,
    0.009285775424534055,
    0.013916056551732186,
    0.010083760843664597,
    0.007885450776561297,
    0.03075557172774997,
    0.010127421315407462,
    0.0120512604857074,
    0.021084336205411367,
    0.007562727670420954,
    0.0028470846805552317,
    0.007537318996825424,
    0.00423359004968799,
    0.23280983290475604,
    0.06846707281921931,
    0.006364077983299213,
    0.006522707503528002,
    0.015490777442322329,
    0.011050210118254904,
    0.011546727767282106,
    0.002539476633202315,
    0.010599971159152228,
    0.023190970903653393,
    0.004123982635635628,
    0.006733858567769378,
    0.003366929283884689,
    0.006481823257675959,
    0.003494412992506042,
    0.010412788330269904,
    0.005026823009590659,
    0.013098017982721723,
    0.006446391206171014,
    0.0020223463140384133,
    0.012983289471028876,
    0.0036494983239070823,
    0.0355635831143543,
    0.007493858231667889,
    0.00425126050934626,
    0.007894546628933293,
    0.006518755600110014,
    0.002293150738094423,
    0.006876742089235774,
    0.0039717727752496094,
    0.009446076689305081,
    0.0052084650658233145,
    0.0038515407415191183,
    0.010797314187076848,
    0.0023966980725075035,
    0.03177913681382454,
    0.002506062721748004,
    0.004293291909249483,
    0.008478892350764272,
    0.002099768481936965,
    0.020315285504283267,
    0.0025161401774258397,
    0.03727903268530102,
    0.007032262097694277,
    0.0053570628313265225,
    0.010878314037297897,
    0.01913718481528026,
    0.010195377442968705,
    0.007217604374039351,
    0.015804897648973526
  ],
  "cosine_matrix": 0.2572666694329897,
  "spearman_matrix": 0.027664568201771895,
  "js_divergence_matrix": 0.4020676070829192,
  "matrix_dispersion_js": 0.04785021357138658
}