{
  "semantic_entropy": 2.995732273553991,
  "cosine_vector": 0.35666484379178875,
  "spearman_vector": 0.031206293706293707,
  "js_divergence_vector": 0.4600177679051085,
  "vector_dispersion_js": 0.060308357068877605,
  "vector_elements": [
    0.0531231828570659,
    0.017316681082466107,
    0.023151989595946408,
    0.08968874851057239,
    0.020960496552383544,
    0.028108717418770336,
    0.009369572472923445,
    0.008585104516774134,
    0.007947288561379122,
    0.008157343156844276,
    0.014690109848538954,
    0.009586927716711824,
    0.015423847297900709,
    0.024858479182644402,
    0.006332081648767643,
    0.025295083471639772,
    0.014158854490956295,
    0.011690462315336214,
    0.006560206298362327,
    0.017651430165434752,
    0.0061889868868250965,
    0.0083153395827757,
    0.007653211082624226,
    0.010527832535356677,
    0.017701057891246253,
    0.0057544999937003405,
    0.00476173186012889,
    0.004912922963029678,
    0.005039513821508466,
    0.006391776271430941,
    0.016412570586095392,
    0.012281808675807103,
    0.005189057977216761,
    0.014760837549646567,
    0.005141471113566029,
    0.004918230334147218,
    0.012444232613846156,
    0.008691713877987629,
    0.017640929669194266,
    0.004513957753869298,
    0.007769044976145064,
    0.011703146255909937,
    0.023427595106611774,
    0.011485490704895953,
    0.011752974238872376,
    0.006279759794168973,
    0.014415896732343374,
    0.020449951801954167,
    0.005299845094262289,
    0.01630503718703631,
    0.006942650587729069,
    0.007597600378166943,
    0.02268616739790231,
    0.00934099199671036,
    0.022618352821391005,
    0.005400685755288456,
    0.011639778003505451,
    0.005068222725384262,
    0.015751577321590295,
    0.020116548813146697,
    0.009967223103090075,
    0.01877811690187147,
    0.03337749727087511,
    0.06458892744943528,
    0.02533862738029169
  ],
  "cosine_matrix": 0.6313424660052985,
  "spearman_matrix": 0.1359338578088578,
  "js_divergence_matrix": 0.2722988051087569,
  "matrix_dispersion_js": 0.007117669598500677
}