{
  "semantic_entropy": 2.995732273553991,
  "cosine_vector": 0.26065980975292896,
  "spearman_vector": -0.13170731707317074,
  "js_divergence_vector": 0.4925550506795662,
  "vector_dispersion_js": 0.041641089050417524,
  "vector_elements": [
    0.03401585324673487,
    0.02018638969627559,
    0.015441097325888137,
    0.041623541575224056,
    0.033780016742237046,
    0.04546213231995022,
    0.016545398359038895,
    0.02229298481836307,
    0.018329842095176095,
    0.013750489588137125,
    0.022372602931024818,
    0.015587671372539823,
    0.020499147402782143,
    0.009011077703170311,
    0.016864648738737796,
    0.015474886421493347,
    0.04287565846408657,
    0.01988725262269256,
    0.007362506760286614,
    0.023677013240857043,
    0.05583740902192917,
    0.01306791846871976,
    0.036179189204041916,
    0.031838607168670964,
    0.008674615786537478,
    0.00909794156910899,
    0.016556083876133627,
    0.045355483520566515,
    0.022058640694938906,
    0.03200991219231644,
    0.02507647968075751,
    0.017644097366246156,
    0.04887274600762236,
    0.009154497614267967,
    0.01581290377038797,
    0.02780743949320195,
    0.015945005496443242,
    0.026879905486696453,
    0.045130557814769025,
    0.04196035434194744
  ],
  "cosine_matrix": 0.4324718231842228,
  "spearman_matrix": 0.09037329365336093,
  "js_divergence_matrix": 0.40417018716119996,
  "matrix_dispersion_js": 0.07851419191157935
}