{
  "semantic_entropy": 2.8571028374420018,
  "cosine_vector": 0.3357009618369505,
  "spearman_vector": -0.2022038734745917,
  "js_divergence_vector": 0.5078322601197707,
  "vector_dispersion_js": 0.14203916463900512,
  "vector_elements": [
    0.017654790088854375,
    0.005300761090628354,
    0.005307101088904157,
    0.011225726849637288,
    0.006220271347251732,
    0.006236891615848976,
    0.0065854979108846586,
    0.004248662723871158,
    0.002051467912025252,
    0.011114063180939356,
    0.004927640742170016,
    0.0013183847800715442,
    0.0067601911061256,
    0.004465321287103299,
    0.003541039870365385,
    0.004166086623234609,
    0.0031214323821225575,
    0.003096477551020271,
    0.001419658698401018,
    0.0035361532137645033,
    0.0013062256129260483,
    0.0011937712143552442,
    0.0045436754081276875,
    0.003329796993584208,
    0.0010527454761793144,
    0.0017170754821369495,
    0.002761309775566264,
    0.0024217095636291765,
    0.004772015347687552,
    0.004112752008374386,
    0.0016506932346337122,
    0.002148414629876286,
    0.001074207314938143,
    0.0012784298320909987,
    0.00574278460193217,
    0.004160688629363614,
    0.0012969153003196615,
    0.0017619775751795677,
    0.0020938644558489814,
    0.0076322003680011265,
    0.002144844324366937,
    0.0035541171879313422,
    0.0020377078723226544,
    0.0034788351186057615,
    0.001940278835680672,
    0.0013084428403300104,
    0.0018421973835721984,
    0.0035227363057269657,
    0.0046639697044107194,
    0.0013509812271512163,
    0.0030880161607671312,
    0.001378137655611776,
    0.003904267046647954,
    0.0027801700186050465,
    0.0019526438712025296,
    0.001603436784582296,
    0.004801106558515888,
    0.0016967178282033593,
    0.002375110149690423,
    0.0015659515958138044,
    0.002928051206528551,
    0.0021191978714477392,
    0.002163472156996764,
    0.003241222241178828,
    0.003444904623204886,
    0.0040011784585582515,
    0.0019711328955412635,
    0.002179498100770123,
    0.010237427999857057,
    0.0018882198338415087,
    0.002621952275045292,
    0.0022266053761512607,
    0.005068421296423402,
    0.0014370254559213326,
    0.006861239056082485,
    0.0013507757668092463,
    0.0014733940486397962,
    0.0008608241963336122,
    0.002209155660137903,
    0.003798744893693535,
    0.0014264429434174422,
    0.0035355773951249404,
    0.003007698354492992,
    0.0014154633419122369,
    0.12914603448519077,
    0.001604997366247312,
    0.09954575647849785,
    0.001595177125570455,
    0.0023616646605029226,
    0.0018788925766187506,
    0.0025302821961273795,
    0.0044813824354509825,
    0.0036713182214242754,
    0.004517321867952277,
    0.0038186628491732877,
    0.002050817500296295,
    0.005429276861844697,
    0.00495375864787312,
    0.00423272390652324,
    0.0035672642887087267,
    0.0043514025915267025,
    0.008107056145792543,
    0.021394863125356146,
    0.005783452751785628,
    0.005354548558179104,
    0.009789924106979537,
    0.005037959707372593,
    0.0038369448709296406,
    0.007191568391909739,
    0.005364780993763943,
    0.0017335919209742125,
    0.00284314778698173,
    0.001957897888204517,
    0.005560726350821491,
    0.002807405294945699,
    0.004069716701303226,
    0.002711871170327652,
    0.0019408850865470324,
    0.007059838527815014,
    0.0037375583516440864,
    0.005133612828820584,
    0.003991480129781718,
    0.0011891992058791258,
    0.0035973390709160232,
    0.00763373644844852,
    0.019707252587341392,
    0.002469906838158782,
    0.005794747733005121,
    0.002044884394404747,
    0.00736073021335535,
    0.003751643197885803,
    0.0071800029631709054,
    0.003791407805523359,
    0.006787813121314914,
    0.0013715053108192,
    0.00388031289025065,
    0.0029895983841448765,
    0.014575128313003846,
    0.0027992713126362375,
    0.003470613445124046,
    0.0014546992960653492,
    0.003124222079058165,
    0.001308200690649297,
    0.0009994097987214162,
    0.0025638625013126286,
    0.0021841744214310586,
    0.004201292228866344,
    0.0014404663841429961,
    0.004758719386529612,
    0.002468366321079416,
    0.0033656072805941855,
    0.0033413277146372446,
    0.001466979930679069,
    0.0020882172489187388,
    0.0010441086244593694,
    0.001435299256475662,
    0.002164431421185258,
    0.0015007126134825523,
    0.004739563474828749,
    0.0021704645395527167,
    0.007895795255959875,
    0.0022924700148186437,
    0.0023514492585605695,
    0.0024184415352327287,
    0.0020905163838796786,
    0.010233423781507461,
    0.004654231359567095,
    0.016657041177963582,
    0.032605687230467605,
    0.003429437008511867,
    0.0037238962286585725,
    0.002334565014220189,
    0.003815188345534003,
    0.005336605985613285,
    0.017170780077156337,
    0.0023933781833780357,
    0.0021742386784445573,
    0.005103491825342299,
    0.012460978665991367,
    0.01799254136043752,
    0.008698892625112451
  ],
  "cosine_matrix": 0.7169111795547307,
  "spearman_matrix": 0.060394810942534315,
  "js_divergence_matrix": 0.09396903405016045,
  "matrix_dispersion_js": 0.13091814019952594
}