{
  "semantic_entropy": 2.9264175554979963,
  "cosine_vector": 0.29184602123971354,
  "spearman_vector": 0.02369322738208063,
  "js_divergence_vector": 0.5173817410040908,
  "vector_dispersion_js": 0.06573487282411428,
  "vector_elements": [
    0.02155955956319647,
    0.03905395879731305,
    0.006068012413468093,
    0.008354465248142928,
    0.0070243864588977285,
    0.0037984935082604598,
    0.003725425229114071,
    0.005851892256800531,
    0.0035482137229245407,
    0.003260022727678332,
    0.0080934038507871,
    0.0043508378175389885,
    0.0038079423165364367,
    0.009752000703046363,
    0.006161389395159313,
    0.0024787345296052006,
    0.005003501728838704,
    0.004960238559230712,
    0.009609297357217973,
    0.002362014105628828,
    0.008949192601265994,
    0.005309827022183996,
    0.01871525940631512,
    0.004106389268304904,
    0.010405550310485748,
    0.0017025567419287416,
    0.021082322115667296,
    0.006664644267239526,
    0.010838155944272017,
    0.003428525578980961,
    0.010824048884748477,
    0.0016396725574127698,
    0.01844769081511763,
    0.0047530377604017415,
    0.004791186107446842,
    0.006806668160951817,
    0.012043605075272253,
    0.0023181881358035365,
    0.02742761963527501,
    0.02543274651503946,
    0.004146916612649169,
    0.007236336475081243,
    0.01034933234864437,
    0.019726547688478063,
    0.012391999034993988,
    0.0029412407117730627,
    0.008443008691931474,
    0.0059527949590028155,
    0.008021313142663194,
    0.015914754882985403,
    0.006893950381566123,
    0.01888811407829035,
    0.004994787287482963,
    0.015811783148126354,
    0.013564916783815033,
    0.004881919703669914,
    0.004932945220459845,
    0.008591557792443314,
    0.0187678966676325,
    0.00541725085172569,
    0.002721690863188684,
    0.005950949911496303,
    0.12002965587313041,
    0.00415376853502624,
    0.016989195356937603,
    0.006530027555863807,
    0.025939309442792092,
    0.003999493482441723,
    0.01343351541259718,
    0.006403260101320618,
    0.004500889008532838,
    0.0066185923610710806,
    0.05119941185124323,
    0.030437948973388702,
    0.009902297313296438,
    0.004912943428132367,
    0.014199825554346006,
    0.0075598585689125,
    0.006021464281099727,
    0.01181050016256344,
    0.007505505233008999,
    0.009395942589714578,
    0.013585179775836601,
    0.0054045678050225485,
    0.017335232622629173,
    0.024047444917105913,
    0.0070314853623870245
  ],
  "cosine_matrix": 0.27019293833859026,
  "spearman_matrix": -0.11295108259823576,
  "js_divergence_matrix": 0.5197078613012918,
  "matrix_dispersion_js": 0.06330418162297029
}