{
  "semantic_entropy": 2.9264175554979963,
  "cosine_vector": 0.050870330654709896,
  "spearman_vector": 0.03261040802394581,
  "js_divergence_vector": 0.607999797989645,
  "vector_dispersion_js": 0.02248907533748845,
  "vector_elements": [
    0.013422493695159415,
    0.007081297540166525,
    0.009460149458801487,
    0.005671440606636555,
    0.008152775823050474,
    0.005610994205673782,
    0.07854394888284819,
    0.009161108697463904,
    0.00894322532298389,
    0.001565710566345982,
    0.00717932783554401,
    0.0023978989994969018,
    0.009375172607286913,
    0.009813713737189212,
    0.01118269828390683,
    0.0026981109904869846,
    0.004951363763482482,
    0.005317119628003525,
    0.004846017855376192,
    0.00765618918305249,
    0.0031116748845004356,
    0.00738627903206732,
    0.005783530885383109,
    0.0037471762595283377,
    0.0019341287917428159,
    0.004844179260159999,
    0.0020496246326961926,
    0.0018276159713825728,
    0.004533319917765808,
    0.0033689475711756204,
    0.005349872591000537,
    0.0035482663958242965,
    0.0029152798042623683,
    0.004751004272941217,
    0.0022586780292830574,
    0.003063225526397074,
    0.0016908552072566485,
    0.005181532990542258,
    0.0037383802897708665,
    0.003963263760669168,
    0.0029063799252296183,
    0.0018101435665977678,
    0.00682324544365109,
    0.004140340720926979,
    0.003951072676699532,
    0.0017168670420970712,
    0.004762937346282346,
    0.0030441767085166364,
    0.0020880747175997584,
    0.00804007216609204,
    0.004099501703146309,
    0.0022547609566079714,
    0.002609330972955275,
    0.0037770091816607377,
    0.003990420756962775,
    0.0027155578963414485,
    0.0049350514487515144,
    0.001997304155762785,
    0.0036675425514479084,
    0.001993013719782066,
    0.0023731167393138755,
    0.002992777660348245,
    0.0018810875782763873,
    0.004974689385491314,
    0.0030739184689206143,
    0.003996205654465958,
    0.005369305635846593,
    0.002245745177202002,
    0.002982806386291036,
    0.0015582174182572604,
    0.0050033179305595645,
    0.0019474431137157622,
    0.0015512517005949972,
    0.0019312207014563342,
    0.0017395443795393318,
    0.0025477639658894723,
    0.0031527931280442515,
    0.0017524429142318962,
    0.0027457577119494826,
    0.0021383322049754235,
    0.00310564377949266,
    0.0016738605583605157,
    0.0025230125059370417,
    0.002049234754337825,
    0.0035508496607771236,
    0.004258471508569565,
    0.0029646633580836705,
    0.00342113492204041,
    0.0026050818155652867,
    0.0014589982790546303,
    0.005325323081136049,
    0.010181139082349073,
    0.00254284454812367,
    0.003457142897489841,
    0.006417763929774085,
    0.0040338271791834236,
    0.005721819100911889,
    0.006237477316452198,
    0.01770204049600884,
    0.002253720544898169,
    0.004387353555522838,
    0.010087653525971633,
    0.0030536658416242687,
    0.00442125631837829,
    0.0033439875103096336,
    0.0019074385488948799,
    0.005784245424317866,
    0.0020957245822276773,
    0.0019979306789360443,
    0.006616340554704215,
    0.0033177921201743223,
    0.0019908793464149966,
    0.0030367068274562464,
    0.003602372892788575,
    0.00385778608510328,
    0.00214730424410998,
    0.0037958635423271615,
    0.0020571742152216926,
    0.171375277766028,
    0.002957862175149598,
    0.0021095218507896536,
    0.00603492000441215,
    0.003988622891691173,
    0.004228316475703017,
    0.005374843806774731,
    0.005224957673676462,
    0.128984542743531,
    0.004581991806011458,
    0.005856662693045613,
    0.003997714043930871,
    0.006381792363762053,
    0.009060364384737158,
    0.0031115779375612616,
    0.003500457560906662,
    0.0085823306828082,
    0.023509868521026506,
    0.015755261777555325,
    0.011039452438082676
  ],
  "cosine_matrix": 0.26174398187009845,
  "spearman_matrix": -0.06015582180213229,
  "js_divergence_matrix": 0.3443034207771589,
  "matrix_dispersion_js": 0.15710699673744988
}