{
  "semantic_entropy": 2.9264175554979963,
  "cosine_vector": 0.45749838310775437,
  "spearman_vector": 0.0015841013824884793,
  "js_divergence_vector": 0.5124479946754157,
  "vector_dispersion_js": 0.01858526341956024,
  "vector_elements": [
    0.04007365793016217,
    0.01377479954010575,
    0.021478201763746645,
    0.06845327490797032,
    0.0160786904159112,
    0.023953479995534058,
    0.024881519397522065,
    0.013780376676365757,
    0.007444760940950518,
    0.018983792644529006,
    0.006335115427589109,
    0.014343051010920723,
    0.006518028361469332,
    0.004907826493854958,
    0.011503653438314583,
    0.011303931953345404,
    0.012555964110527106,
    0.0064468813301423,
    0.012971934098742328,
    0.011815277084389363,
    0.01947464189273858,
    0.011004651135594708,
    0.011441290301358951,
    0.02466873388217461,
    0.01126901511198659,
    0.024371193272429155,
    0.021915266547886128,
    0.007071972538487727,
    0.009627789365743596,
    0.005112907159959672,
    0.0064176626960245975,
    0.009470999328339943,
    0.005860504960774274,
    0.012353706355017964,
    0.008792552637200359,
    0.03450720555403058,
    0.00946674142369572,
    0.011361909710403323,
    0.00999697637197012,
    0.01028552249537847,
    0.020999681976779913,
    0.007879323688018362,
    0.030021616241530318,
    0.010276096597168393,
    0.010433110122811388,
    0.007443643153125132,
    0.01399900040816069,
    0.009112179231099764,
    0.008371596272178067,
    0.01595384277475421,
    0.008171528608434916,
    0.009891713873151691,
    0.017905741722357614,
    0.009453979871873162,
    0.016533006588252793,
    0.02122194966486895,
    0.03804209089825222,
    0.008879162993473444,
    0.009652667186304332,
    0.016068388043561126,
    0.02230909220423433,
    0.055072154956413766,
    0.020232972659907842
  ],
  "cosine_matrix": 0.4620742539264142,
  "spearman_matrix": 0.02464957757296467,
  "js_divergence_matrix": 0.38346617401823163,
  "matrix_dispersion_js": 0.07229552386654081
}