{
  "semantic_entropy": 2.9264175554979963,
  "cosine_vector": 0.14518734628754978,
  "spearman_vector": 0.11906514538093485,
  "js_divergence_vector": 0.525517772094263,
  "vector_dispersion_js": 0.10702428873135261,
  "vector_elements": [
    0.014498535463133247,
    0.009022215710386004,
    0.010296928385557328,
    0.04265690898858019,
    0.021309995277210687,
    0.00853106190040351,
    0.013601888249385968,
    0.012352691567288408,
    0.01025336707892913,
    0.005908453059833339,
    0.022431689934093748,
    0.006202391933105116,
    0.026889972716358027,
    0.007546697626981574,
    0.009937476268873079,
    0.015147074156463517,
    0.008238246990331658,
    0.01210957641921654,
    0.003491972929712144,
    0.007578347423180684,
    0.0064601623637538024,
    0.014264231061809242,
    0.007518146792226245,
    0.006499629629389883,
    0.0186091814141193,
    0.004008620657795423,
    0.011496305344752714,
    0.007541525837235325,
    0.009822677757741158,
    0.004519762474602459,
    0.007730137771839024,
    0.0039587900178859586,
    0.00350085860581287,
    0.011789973262460255,
    0.004166298309440869,
    0.010541049967217433,
    0.007156669879750082,
    0.003140647013273593,
    0.0052116914145410856,
    0.008521866279427085,
    0.007486861480973156,
    0.0033470198051078408,
    0.010978843309013064,
    0.007042593614084467,
    0.00412504719124785,
    0.007767345704352985,
    0.0104656442105666,
    0.004205439540384045,
    0.0118280558024658,
    0.005475784101854078,
    0.01146538602376954,
    0.00881758341647637,
    0.006446564445076793,
    0.004633282338534854,
    0.011308394599289385,
    0.009007050066542836,
    0.009474514747146728,
    0.010838235669372824,
    0.011010406063007292,
    0.016943155251097696,
    0.012443091994897936,
    0.004904838424900398,
    0.01422252474549331,
    0.004164386112461599,
    0.011030922690055522,
    0.0074366676073119985,
    0.006097786137113053,
    0.009407662107191338,
    0.0038868463333063858,
    0.015767945516389544,
    0.02561997557388486,
    0.20661668001103173,
    0.00952816010559498,
    0.010477850159294628,
    0.021672538792911162,
    0.02388227732812389,
    0.015708921045575797
  ],
  "cosine_matrix": 0.5453410184292082,
  "spearman_matrix": 0.07120477363392343,
  "js_divergence_matrix": 0.2217075430790543,
  "matrix_dispersion_js": 0.13358227359806074
}