{
  "semantic_entropy": 2.9264175554979963,
  "cosine_vector": 0.4775847849828077,
  "spearman_vector": 0.0646121351766513,
  "js_divergence_vector": 0.42300295373820873,
  "vector_dispersion_js": 0.061964281095225004,
  "vector_elements": [
    0.07247830158272535,
    0.015911929191655686,
    0.02546053329419037,
    0.060548360635619664,
    0.016364323844235647,
    0.023744922527145617,
    0.023045811861034552,
    0.015882908167368526,
    0.006367931328294294,
    0.0170718754106773,
    0.005897630787365447,
    0.01404971802628817,
    0.005484937098239228,
    0.004127899089885797,
    0.011107993770449309,
    0.010633420488871758,
    0.020660536577372882,
    0.005339289367391466,
    0.011460257578102713,
    0.010986531554053656,
    0.017533503550312742,
    0.009883033111846129,
    0.010337975386459862,
    0.020619177323709718,
    0.010050010937038532,
    0.023137347190013185,
    0.023090138202712534,
    0.006034916174810014,
    0.008390904629281416,
    0.004195452314640708,
    0.004846672651897418,
    0.0081258152458136,
    0.004953582896995309,
    0.011106260616551072,
    0.007628166966867767,
    0.03175914151352496,
    0.00831719039233055,
    0.009811795183771186,
    0.008275787668219231,
    0.00795308162934734,
    0.02295798345635152,
    0.006561777508305071,
    0.03253098545361248,
    0.00833122490469017,
    0.009326910666187493,
    0.006392776646869113,
    0.011986890099090727,
    0.007520426668793372,
    0.005769351076742783,
    0.012737938288816742,
    0.005560072206300228,
    0.007431148116363904,
    0.015460359564737132,
    0.009258588325035568,
    0.01721758073596657,
    0.025264479815808562,
    0.03617025370304412,
    0.007830488163926137,
    0.008990365066775302,
    0.016710248302200362,
    0.027956695609061718,
    0.06386188009948471,
    0.02149650975472561
  ],
  "cosine_matrix": 0.47174630552613295,
  "spearman_matrix": 0.010441811133055375,
  "js_divergence_matrix": 0.3971425136540293,
  "matrix_dispersion_js": 0.047916227474656056
}