{
  "semantic_entropy": 2.8571028374420018,
  "cosine_vector": 0.4607220248744659,
  "spearman_vector": 0.2,
  "js_divergence_vector": 0.3446856413444692,
  "vector_dispersion_js": 0.03844054312771261,
  "vector_elements": [
    0.03113403712317017,
    0.01780718347984621,
    0.014262470286528002,
    0.04600673569287909,
    0.02852577081439773,
    0.04220695050555892,
    0.01417697364061875,
    0.026223787202707474,
    0.01476195919984616,
    0.011184912611730989,
    0.020496987792483285,
    0.016836731969718525,
    0.017066205982349203,
    0.008258609739031846,
    0.01400331438616115,
    0.013560513573738877,
    0.03790614129665481,
    0.01850289145405829,
    0.007645105073588654,
    0.021285199126842798,
    0.035561956589109336,
    0.013816310287584163,
    0.04180029382596294,
    0.03206728326206188,
    0.007948269831902008,
    0.009122787030891014,
    0.014592276171892923,
    0.04294172025598974,
    0.03155612121992201,
    0.029003964682604865,
    0.01971869625240844,
    0.016934012158900894,
    0.05180409497616564,
    0.009405238247049572,
    0.01731742009739822,
    0.030368921473740054,
    0.0228162503582849,
    0.04194172922704567,
    0.0723098485262637,
    0.03712032457291111
  ],
  "cosine_matrix": 0.1566318048558983,
  "spearman_matrix": 0.44743305475012796,
  "js_divergence_matrix": 0.6314551838882476,
  "matrix_dispersion_js": 0.019112185757716296
}