{
  "semantic_entropy": 2.995732273553991,
  "cosine_vector": 0.07854370576639852,
  "spearman_vector": -0.07350608143839238,
  "js_divergence_vector": 0.5297499903172898,
  "vector_dispersion_js": 0.12726398466455047,
  "vector_elements": [
    0.008670832942178573,
    0.012662770061288976,
    0.04726069228242085,
    0.01849386158154905,
    0.015549171994665649,
    0.011103688741975383,
    0.007954047793927905,
    0.00728541042436993,
    0.020654116450383057,
    0.011742170356472513,
    0.006451293392314373,
    0.007056384225719947,
    0.004116661877944835,
    0.012912392884356878,
    0.003739955488316521,
    0.013163957731150915,
    0.007331305729875742,
    0.003193881658537326,
    0.008568963120326796,
    0.019453253846104558,
    0.02741269250493619,
    0.006431549793779944,
    0.008228334713338982,
    0.005190242356074283,
    0.003069355773134968,
    0.007700113610006698,
    0.0054149919361230975,
    0.017720436078927156,
    0.007266404631241304,
    0.015283243355045911,
    0.00639721022434368,
    0.003771861883593592,
    0.023258006116236855,
    0.0034368181298182615,
    0.0038126486761261465,
    0.00828507730275156,
    0.01615419411034827,
    0.008155763974254075,
    0.02698316845002284,
    0.007047471032759374,
    0.006182889354276533,
    0.006406952953924453,
    0.005826248605538152,
    0.004333934827147401,
    0.013110182708754532,
    0.018472365250866877,
    0.005742110072133845,
    0.01120366064333961,
    0.015207087391370392,
    0.008084066455761534,
    0.011118892265963892,
    0.0045214318769687635,
    0.04633061676159751,
    0.30145598084806263,
    0.008466783910754366,
    0.004923279575873293,
    0.008744110233788287,
    0.003193244919196371,
    0.010237181964628837,
    0.024644727068529812,
    0.023409855074779717
  ],
  "cosine_matrix": 0.6583190468394837,
  "spearman_matrix": 0.47834849780316996,
  "js_divergence_matrix": 0.2195549235293142,
  "matrix_dispersion_js": 0.04240745849465688
}