{
  "semantic_entropy": 2.8309404302537744,
  "cosine_vector": 0.10050283765023191,
  "spearman_vector": 0.27512171761513293,
  "js_divergence_vector": 0.5099491827803173,
  "vector_dispersion_js": 0.034541029706038895,
  "vector_elements": [
    0.02047455719947894,
    0.013773196459991794,
    0.047185603187745985,
    0.007306425651914898,
    0.011123650279027163,
    0.008145038678642778,
    0.012366549791528193,
    0.00873078470349757,
    0.0068431304543223725,
    0.026406895859207653,
    0.007898134764700686,
    0.009782000721592545,
    0.017533808417342606,
    0.005984451105631504,
    0.002719014652475377,
    0.00638436429023414,
    0.003117212527763044,
    0.31737510668760227,
    0.08123708639468269,
    0.005053670482022783,
    0.005833182194296229,
    0.012030225105790217,
    0.00894781474358318,
    0.00942326189091445,
    0.0026034188777917518,
    0.008322475889055653,
    0.01830278646558031,
    0.003396767056469438,
    0.0053132463349801345,
    0.002822015359146413,
    0.0052225183437290415,
    0.002991054933919936,
    0.00824274871738623,
    0.0041813567374168505,
    0.00998699732270551,
    0.005059222086262743,
    0.002097955347700827,
    0.010173205518471243,
    0.002797275676066122,
    0.02796389128875666,
    0.005413322392535276,
    0.003493182531700575,
    0.006017528690014317,
    0.005129197615125883,
    0.0021320921928149983,
    0.006168730454577682,
    0.003282803771537003,
    0.007262307635792228,
    0.004121988944313508,
    0.0036493463939635605,
    0.010003352377332266,
    0.00208161481115272,
    0.02585504549813719,
    0.002401951094003495,
    0.0035999018517905348,
    0.006577124216005909,
    0.002099051046244866,
    0.03702332220883318,
    0.0021838114433124535,
    0.027605980062922877,
    0.005117648999731611,
    0.0042239758147658,
    0.00792633650627657,
    0.014426418896171876,
    0.008759906281670766,
    0.005378609078623709,
    0.012913346991221271
  ],
  "cosine_matrix": 0.1970931338419579,
  "spearman_matrix": 0.05516168007464063,
  "js_divergence_matrix": 0.43220874265481884,
  "matrix_dispersion_js": 0.13977372355902473
}