{
  "semantic_entropy": 2.995732273553991,
  "cosine_vector": 0.3140019747156698,
  "spearman_vector": 0.08461538461538462,
  "js_divergence_vector": 0.4170352697337818,
  "vector_dispersion_js": 0.06471012419757116,
  "vector_elements": [
    0.04329949680901909,
    0.017104107030421277,
    0.021389297725021173,
    0.11990601070120809,
    0.027365589971070466,
    0.015955452001871397,
    0.0053184840006238,
    0.011127169132549394,
    0.009871676818737822,
    0.01115654584884967,
    0.015199557030760652,
    0.010096840018521042,
    0.014352941198450207,
    0.025333617384276898,
    0.006236468941712363,
    0.018397201379441157,
    0.013043975949315383,
    0.013004182427660669,
    0.007891884829439427,
    0.021853049230145728,
    0.007667134778431319,
    0.009836783095846291,
    0.01001423109146974,
    0.01375406388486475,
    0.022362045603304452,
    0.007175201514451978,
    0.00573692782136397,
    0.0057499675908830854,
    0.006079499968386298,
    0.007522099301617606,
    0.01829321482171169,
    0.01435050914170136,
    0.005418433245721327,
    0.014713714972564325,
    0.005728404006591614,
    0.005123736960452121,
    0.01291814448086556,
    0.008922507768222742,
    0.012415306540841881,
    0.005095041641856865,
    0.00840053521053367,
    0.012032217634890416,
    0.02540228787271365,
    0.01235262330523729,
    0.012223059274479198,
    0.006534632880730192,
    0.014176445742077269,
    0.021183522855033405,
    0.005935691796155039,
    0.016526297247194042,
    0.006927461780390891,
    0.008117467175027987,
    0.01871952414256726,
    0.00973365602666996,
    0.02422657595879428,
    0.006146918035570098,
    0.012750593123348742,
    0.005753179988297309,
    0.016373990420538356,
    0.020247342948793108,
    0.00885553131643195,
    0.016237887971468384,
    0.018042317650123797,
    0.04147819391227692,
    0.02484152907041221
  ],
  "cosine_matrix": 0.48127834568071115,
  "spearman_matrix": 0.009757609194084605,
  "js_divergence_matrix": 0.3380958549927509,
  "matrix_dispersion_js": 0.09296863646119392
}