{
  "semantic_entropy": 2.995732273553991,
  "cosine_vector": 0.2112332943641339,
  "spearman_vector": 0.28058903344241365,
  "js_divergence_vector": 0.44669014421309017,
  "vector_dispersion_js": 0.13766037443940693,
  "vector_elements": [
    0.019287802703882334,
    0.011658226446337584,
    0.04021473572771664,
    0.006684468907190129,
    0.009420224526890165,
    0.007948393225119256,
    0.010412295945669578,
    0.008111995532956419,
    0.005687423340222611,
    0.02453231636610125,
    0.00634990863259365,
    0.008835701968934573,
    0.01534782107388885,
    0.004860479301962122,
    0.0024392145081065667,
    0.00523376924903117,
    0.002467141278234198,
    0.24672828102635355,
    0.07132897322871508,
    0.0039617012941755665,
    0.005078624228019962,
    0.0136199229452957,
    0.007597335949512621,
    0.00820081330170462,
    0.002695837743368741,
    0.00824847472622861,
    0.018072714049905965,
    0.0031033213098226476,
    0.006252209166301144,
    0.003126104583150572,
    0.004531079960654296,
    0.0024072289396457253,
    0.007042840258130934,
    0.0036021541290036673,
    0.010689198754851944,
    0.005374691677106432,
    0.0020287642947048926,
    0.00975303429520176,
    0.0026997843481788176,
    0.05873811862970391,
    0.008940107634313266,
    0.0035859962307870025,
    0.006367331263872997,
    0.00514597888890678,
    0.0017052562293443302,
    0.00525211616652968,
    0.0029786117798380417,
    0.008037540425666448,
    0.004851530647555846,
    0.0033493659926091754,
    0.010518988949700436,
    0.001926957844616354,
    0.049911851240703194,
    0.0033458015915966196,
    0.004235143218393263,
    0.00818102459114219,
    0.002627143920683816,
    0.0300396690407651,
    0.002396886318925837,
    0.06509359843704472,
    0.01175465708808357,
    0.004577734112246221,
    0.008453782477556526,
    0.01759400613134772,
    0.009819197253353354,
    0.005346906037142928,
    0.01958968891270026
  ],
  "cosine_matrix": 0.5218581737811572,
  "spearman_matrix": 0.00970747864953308,
  "js_divergence_matrix": 0.31208874631482925,
  "matrix_dispersion_js": 0.10517259220199357
}