{
  "semantic_entropy": 2.8309404302537744,
  "cosine_vector": 0.2173071464231171,
  "spearman_vector": 0.28487994808565864,
  "js_divergence_vector": 0.43866693383745536,
  "vector_dispersion_js": 0.020601714797597648,
  "vector_elements": [
    0.025945151754226126,
    0.008487450824561238,
    0.018562596145927417,
    0.04163829961832467,
    0.010619003021678602,
    0.013953905462303386,
    0.0325472798548821,
    0.009081258737223123,
    0.005295653871125693,
    0.009587100910945228,
    0.006413449392942187,
    0.007566030310366652,
    0.0072815906870984225,
    0.0040038324088552115,
    0.00313728190320014,
    0.007017585268938862,
    0.007343524303545288,
    0.011268350351867417,
    0.0034993375338180643,
    0.006674162242086855,
    0.0034598500877760295,
    0.15597769937026743,
    0.006027802826400099,
    0.010367967304675853,
    0.007734209080358729,
    0.0030239713189239717,
    0.004953520518179886,
    0.0027954891543472923,
    0.0617069225578299,
    0.004379979102819336,
    0.01358150096389765,
    0.004749566370667875,
    0.006035227331842626,
    0.004607691338447474,
    0.005332189690291258,
    0.0035860820793461325,
    0.0035860820793461325,
    0.007147049352960837,
    0.006036502584103293,
    0.006267734074312192,
    0.017720746337523328,
    0.004911689252328143,
    0.0037459637286518244,
    0.004596052197471643,
    0.015048719281343987,
    0.0038956627867196185,
    0.005604850478597367,
    0.0032260184748673613,
    0.0048427834836367685,
    0.004380234543662142,
    0.0034502318989828758,
    0.03832579816909197,
    0.003482491609434857,
    0.1706533967926131,
    0.0038031751751011382,
    0.015013277550159163,
    0.0066199190474256105,
    0.00963654951755509,
    0.012497941725138276,
    0.04650410579071344,
    0.003914129138678241,
    0.005667875922698704,
    0.003353672553877991,
    0.0044465695646323695,
    0.00664426535072288,
    0.013270965410171889,
    0.01606204873687857,
    0.007400983690611149
  ],
  "cosine_matrix": 0.35551319598835074,
  "spearman_matrix": 0.05398424827700407,
  "js_divergence_matrix": 0.4124449905629441,
  "matrix_dispersion_js": 0.19511859216537766
}