{
  "semantic_entropy": 2.995732273553991,
  "cosine_vector": 0.6100823445332311,
  "spearman_vector": 0.09168343393695505,
  "js_divergence_vector": 0.45357759520528784,
  "vector_dispersion_js": 0.06151865561348835,
  "vector_elements": [
    0.013310255484189666,
    0.013167885582601764,
    0.012679286723409594,
    0.11955892911635391,
    0.0207379574990941,
    0.012065504584458122,
    0.019354875044185347,
    0.008542711206097672,
    0.007568690790679006,
    0.03928390482585693,
    0.013313898730112662,
    0.0056776809708872404,
    0.010106554627103227,
    0.016510971970779352,
    0.005008222959245872,
    0.01953499529058097,
    0.010076402523509968,
    0.016992096783770227,
    0.005861589002728961,
    0.018655820037825323,
    0.007178922898736304,
    0.01852490871765624,
    0.010577107613316494,
    0.004535976399076109,
    0.008474219584351139,
    0.005219436384906817,
    0.0225768582080068,
    0.005979124128385388,
    0.022901407575747244,
    0.01166363130858546,
    0.0038939764927802237,
    0.01011545591281409,
    0.003962112220833217,
    0.016886160455856197,
    0.007356341059184766,
    0.016706859971884813,
    0.003967941580150599,
    0.022206333426126858,
    0.009523439705983534,
    0.016669493997008254,
    0.0036004334964146135,
    0.01135981516511097,
    0.01177247554135349,
    0.007155402772704062,
    0.009770606399138737,
    0.003979484277906527,
    0.017225226792811715,
    0.00815679458219258,
    0.02096650136185756,
    0.010079226857325263,
    0.008077488210180553,
    0.005303046893470005,
    0.011989972623017825,
    0.00627038627444485,
    0.012539469215449257,
    0.009440123357703155,
    0.012284719042160037,
    0.01748001646308755,
    0.004190260031999594,
    0.022712224722726666,
    0.007479544781886359,
    0.02225676100777439,
    0.0037033927667823882,
    0.010039891808042215,
    0.015705018705928074,
    0.007397520129432031,
    0.008424676331953583,
    0.016400201592525053,
    0.028448680949005486,
    0.0276798091088173,
    0.021182887341937538
  ],
  "cosine_matrix": 0.739731707834641,
  "spearman_matrix": -0.0070128085586690855,
  "js_divergence_matrix": 0.1327375748629744,
  "matrix_dispersion_js": 0.08666252626457374
}