{
  "semantic_entropy": 2.995732273553991,
  "cosine_vector": 0.02957581346001322,
  "spearman_vector": -0.006459513240471454,
  "js_divergence_vector": 0.6627046375327623,
  "vector_dispersion_js": 0.07569259502343773,
  "vector_elements": [
    0.005940342071511104,
    0.006310509103855419,
    0.011187042387871292,
    0.006076586698029278,
    0.010133372856918059,
    0.005973130877177998,
    0.011908295519352064,
    0.008682299376476797,
    0.008963260902230001,
    0.0035070902458193454,
    0.006947046098237395,
    0.004298987980385566,
    0.002370875312211127,
    0.003252592378842105,
    0.0025613255529388867,
    0.002283114579486515,
    0.0049838557270218626,
    0.0030400815051492675,
    0.0038024728908278536,
    0.00854213519256059,
    0.00417601737759845,
    0.006763632113379562,
    0.003677068869432072,
    0.007906281184941645,
    0.004751585879864935,
    0.0037857240792053986,
    0.009299640931917624,
    0.0026353259534130746,
    0.005833739830879707,
    0.00851118763403531,
    0.0021468062450666976,
    0.0033912853242767924,
    0.0038654476391441245,
    0.0025789807337416124,
    0.0020259187544890344,
    0.003176235072245268,
    0.005793970822915929,
    0.0027633376692488554,
    0.0019955551485044665,
    0.007638785851683874,
    0.0071335511679580695,
    0.005673243459485682,
    0.004249348726034658,
    0.0026521522328132514,
    0.009319147854584361,
    0.0034413496839845576,
    0.005558776506876257,
    0.007340933637309796,
    0.00546144794344126,
    0.0033399970586608417,
    0.00395130243055696,
    0.001983536744530432,
    0.0024581008600625307,
    0.006381680258234915,
    0.0020867122663190954,
    0.0015477338804093942,
    0.002286431027031585,
    0.004537682205364494,
    0.0019741559420234037,
    0.001630591393831853,
    0.010250087354559739,
    0.004499169355681733,
    0.004800205368859765,
    0.004679566308259563,
    0.0030386524174023503,
    0.008388321202630843,
    0.004501130372665716,
    0.0052629748784535505,
    0.0076282922941353,
    0.002582264872730173,
    0.0035043818933645876,
    0.0037636280264701674,
    0.002481432646080365,
    0.0023062870174982244,
    0.22119638617871495,
    0.002016852092646975,
    0.0016978654169064681,
    0.0033579229060146693,
    0.004961754012293136,
    0.002426521218559581,
    0.0017449948678300616,
    0.005116674194506962,
    0.006962862208139241,
    0.004773769300115574,
    0.0044340794819993,
    0.003219437269174256,
    0.00957594116249323,
    0.0035941345681320316,
    0.0045887672069010975,
    0.005519303025700563,
    0.00733229426530182,
    0.003588651362015289,
    0.0037507553529521516,
    0.001796062326379581,
    0.0018519152945392955,
    0.011924852674447404,
    0.002099627973720399,
    0.0014594686212720865,
    0.0022831992621178787,
    0.009218505494506578,
    0.0019852611469065094,
    0.0015644267631627282,
    0.0060846319478627675,
    0.021296341610596486,
    0.0049514406091193406,
    0.004833200330174097,
    0.0039087718539641035,
    0.010475718979946693,
    0.004517155698996791,
    0.005701953828120256,
    0.00884685526322041,
    0.004646382448606101,
    0.0035469719556637967,
    0.003563506987760741,
    0.0018907062382037842,
    0.0022550380736898724,
    0.01117736759958193,
    0.0020532272638725422,
    0.0016388032102240542,
    0.003083606712441092,
    0.012665613444978909,
    0.002494604577985769,
    0.0018574255222921284,
    0.005300418244081883,
    0.014800820543611872,
    0.006163539773457059,
    0.01286177022857085,
    0.0224316888073778,
    0.005481491791454441,
    0.025024873877316615,
    0.008948543571783542,
    0.009777999106723733,
    0.007957216213249501,
    0.003395814043849621,
    0.005515204576375843,
    0.0032649689216937444,
    0.009399092321711305,
    0.006282005938570375,
    0.018059340414055325,
    0.01562838816017259
  ],
  "cosine_matrix": 0.31174874516795176,
  "spearman_matrix": -0.1109613292737882,
  "js_divergence_matrix": 0.19945501757394812,
  "matrix_dispersion_js": 0.06904563790311645
}