{
  "semantic_entropy": 2.995732273553991,
  "cosine_vector": 0.4215529646505627,
  "spearman_vector": 0.15628517823639776,
  "js_divergence_vector": 0.4230882912105347,
  "vector_dispersion_js": 0.01366410430757048,
  "vector_elements": [
    0.04169141934121055,
    0.023082146766600087,
    0.016861946999932077,
    0.042296394347038135,
    0.033416170135193705,
    0.04255653761586408,
    0.016194527978376855,
    0.022487347689936283,
    0.01795392986590386,
    0.013661322040949034,
    0.02255277546750386,
    0.01581156677583334,
    0.019761441759355736,
    0.00952967224395967,
    0.015591807115995976,
    0.01521905951936094,
    0.03714554772290552,
    0.01854600835793225,
    0.00805184541916225,
    0.021359064331053598,
    0.04915220134977826,
    0.013256203480516798,
    0.03943910763672535,
    0.031767724853415925,
    0.009516681580468886,
    0.009505506891605767,
    0.01642425639553088,
    0.04110919587505714,
    0.022784651866989657,
    0.03031759970464525,
    0.023152555362035736,
    0.016633835971147905,
    0.04641751169145472,
    0.010232098068264835,
    0.01708848585800528,
    0.02663815914666683,
    0.017763777103402118,
    0.028012454400900208,
    0.05183375907148997,
    0.04518370219783076
  ],
  "cosine_matrix": 0.38222898135058947,
  "spearman_matrix": 0.11445825515947468,
  "js_divergence_matrix": 0.4569204945273468,
  "matrix_dispersion_js": 0.06237590357742938
}