{
  "semantic_entropy": 2.8571028374420018,
  "cosine_vector": 0.19935489097971085,
  "spearman_vector": 0.07652882935352359,
  "js_divergence_vector": 0.5252058942981712,
  "vector_dispersion_js": 0.03228145375266056,
  "vector_elements": [
    0.026273572511147283,
    0.008474004606980298,
    0.0150675219002888,
    0.010480526747324517,
    0.004111510524273141,
    0.007322140005082949,
    0.005638986584048038,
    0.007332751406596122,
    0.009213159534541718,
    0.007609786079443207,
    0.010911724188545321,
    0.011405762851832282,
    0.013308805037929323,
    0.008485204604799693,
    0.007127197270521912,
    0.006181863660949993,
    0.006634071555198229,
    0.00827921911595074,
    0.036894409206314,
    0.009144123491837667,
    0.010715454470792045,
    0.004938104045675016,
    0.008245304901808699,
    0.004732202230042326,
    0.006400309981906593,
    0.0038291731378359397,
    0.00635200695225054,
    0.008608184820237282,
    0.009345482107090308,
    0.004775133385748194,
    0.007742818521930673,
    0.0058494305372844835,
    0.005356174174177953,
    0.004569449934168452,
    0.008654356464678811,
    0.004094153231570406,
    0.006566367284504771,
    0.006913859166381652,
    0.0035145465272480724,
    0.007607551643929523,
    0.016673534684193567,
    0.00818128348192655,
    0.0049512529221114945,
    0.005586706723252563,
    0.0032212218306878156,
    0.005840946023888646,
    0.004774940414663732,
    0.006878166168616084,
    0.003286046441617314,
    0.007091405383846314,
    0.006267067033640444,
    0.0031277657241320297,
    0.006992227816754473,
    0.008689445352953339,
    0.005799740339737146,
    0.023118236781174875,
    0.006003794972920488,
    0.0053496222662938915,
    0.004846975086888626,
    0.009907781354520601,
    0.014514929607575442,
    0.004550158303391557,
    0.00499183149640573,
    0.002832193120354867,
    0.013715072765588745,
    0.00434800515067867,
    0.00707793898547391,
    0.005075919749640945,
    0.007071188054858554,
    0.005434932985846663,
    0.005824959981996931,
    0.005502392542455102,
    0.007711487750898562,
    0.00360420308049189,
    0.08457227453570573,
    0.0049136821614683595,
    0.012822287030584098,
    0.004718461275236498,
    0.008532379046633265,
    0.011085764796876915,
    0.00472350933025519,
    0.01043910757895713,
    0.009076688076566815,
    0.0056560428690686955,
    0.016797762732232227,
    0.010029602244925611,
    0.015655213949466406,
    0.006718851222487631,
    0.03758492613571983,
    0.005766135796971791,
    0.012135807822653883,
    0.00583723086674605,
    0.007306872987869532,
    0.009429772022939254,
    0.056892750781940324,
    0.006465920110090876,
    0.018218453272575808,
    0.007416193961237562,
    0.011274812689118787,
    0.016166718149954226,
    0.012212999769373123
  ],
  "cosine_matrix": 0.6046561848864485,
  "spearman_matrix": 0.0685374376749009,
  "js_divergence_matrix": 0.19442659112962765,
  "matrix_dispersion_js": 0.1292624328928553
}