{
  "semantic_entropy": 2.8309404302537744,
  "cosine_vector": 0.2871788694919163,
  "spearman_vector": 0.047718816602246854,
  "js_divergence_vector": 0.44579716819601245,
  "vector_dispersion_js": 0.08038058471793086,
  "vector_elements": [
    0.03759826151701244,
    0.01332097328534923,
    0.01405613287248771,
    0.01963269171253525,
    0.015280045998818334,
    0.015709689764502505,
    0.009550136741778296,
    0.013480813530881656,
    0.021550716753043344,
    0.009439280426982869,
    0.00608411189854886,
    0.009228303452713546,
    0.0030518093733978863,
    0.00966836888911993,
    0.004366821812740586,
    0.0033948040441340484,
    0.011389490599276315,
    0.007092677092889311,
    0.002694438247887487,
    0.003576215109925401,
    0.018632029718580616,
    0.006714152555560684,
    0.01190537812738512,
    0.008575505412568999,
    0.004228669785747095,
    0.005625736733633994,
    0.002812868366816997,
    0.0035153319368543823,
    0.007464924049189253,
    0.0023460006367993762,
    0.006755633842979317,
    0.0037874334910316713,
    0.0025636539920018235,
    0.0049944797217385635,
    0.009208472191901658,
    0.002900637130155557,
    0.003398979236077735,
    0.010519597062823788,
    0.007622271249585653,
    0.0028611101852914554,
    0.009796860537860871,
    0.006155055543790786,
    0.0026635826852257276,
    0.008603174923360069,
    0.036579088825485884,
    0.003666995105906729,
    0.014585135555413098,
    0.0071624437988029995,
    0.007780073028448918,
    0.007064189088293157,
    0.007352748640214471,
    0.04977907857079004,
    0.0025665006052288898,
    0.021382483168992696,
    0.0052472248449449265,
    0.005230142765543488,
    0.0038866317212812238,
    0.008423949532084482,
    0.006343127715987324,
    0.005576126186373907,
    0.0038115663811731995,
    0.022378070705557387,
    0.005549750123447824,
    0.030975415760926977,
    0.008166999459359099,
    0.009330599018977677,
    0.01194599459591474,
    0.005918599951464533,
    0.005734610120248403,
    0.0028626784605211486,
    0.005744293239589963,
    0.004526022514265494,
    0.002965451566281638,
    0.015139856023785689,
    0.010427767687417159,
    0.02389761424622988,
    0.00499776611819606,
    0.005059004705372784,
    0.005516169159629338,
    0.0026321176131717497,
    0.04307550500789481,
    0.013962129610749227,
    0.00492144727887471,
    0.007222528020569559,
    0.0027759442901140394,
    0.012995311303294243,
    0.03937730192188837,
    0.005461948640725832,
    0.00503475931424678,
    0.006602792517519155,
    0.010187843210890292,
    0.037194260741315974,
    0.033350167941585115,
    0.013814451354022516
  ],
  "cosine_matrix": 0.6333415515075103,
  "spearman_matrix": 0.16399477543694874,
  "js_divergence_matrix": 0.25287847797898655,
  "matrix_dispersion_js": 0.0531561578877267
}