{
  "semantic_entropy": 2.995732273553991,
  "cosine_vector": 0.24724928422705209,
  "spearman_vector": -0.14465225014611338,
  "js_divergence_vector": 0.5252052045393238,
  "vector_dispersion_js": 0.00995997003181781,
  "vector_elements": [
    0.019901732463793655,
    0.019347923265266635,
    0.025127190813346682,
    0.1040096592149329,
    0.031026215579451295,
    0.01882908444853624,
    0.006374327355199642,
    0.01207248503506591,
    0.011177320361562175,
    0.012769536283712716,
    0.01834884622233832,
    0.010309397158270747,
    0.012597498988059095,
    0.008328833792175055,
    0.0179763739636581,
    0.009274272639056148,
    0.02088076438180864,
    0.012040041344440285,
    0.006089469142393136,
    0.015563224350302255,
    0.009241660210343769,
    0.008813926996397025,
    0.021924272774869174,
    0.017277940004102453,
    0.009022000945045575,
    0.012319972187952992,
    0.009459424627799501,
    0.006040064370391084,
    0.014049228325202468,
    0.006785813446758013,
    0.014928967413553608,
    0.009743570458735858,
    0.0059060037510127875,
    0.012217869612391161,
    0.04480811856930363,
    0.010981090881391847,
    0.011538141440477268,
    0.006887405752466672,
    0.012547738678104688,
    0.011414302012470554,
    0.015381900637462224,
    0.015834586996703866,
    0.008548413165308985,
    0.017711053125997314,
    0.06853182756126897,
    0.011286113713660966,
    0.011052600682011086,
    0.005926560566493048,
    0.01172109266276436,
    0.012288440658925698,
    0.042776558120922306,
    0.012714368962401561,
    0.01163826278623654,
    0.01213284950270064,
    0.006988268948977291,
    0.007524460321145455,
    0.016183942102041833,
    0.029305146296946707,
    0.034501843925891416
  ],
  "cosine_matrix": 0.60774779473144,
  "spearman_matrix": -0.0774729690239626,
  "js_divergence_matrix": 0.22624187193795564,
  "matrix_dispersion_js": 0.07423461933965009
}