{
  "semantic_entropy": 2.995732273553991,
  "cosine_vector": 0.06943174494116253,
  "spearman_vector": 0.18826641345632125,
  "js_divergence_vector": 0.5967798488170488,
  "vector_dispersion_js": 0.10827628384777643,
  "vector_elements": [
    0.008718665198397636,
    0.008266777833353679,
    0.008834939380262061,
    0.06618056676532606,
    0.01764185140959265,
    0.008889367993030906,
    0.010964307152420381,
    0.008458475147880128,
    0.004041624271639455,
    0.006599840072980748,
    0.0033017350572677575,
    0.007150312675226522,
    0.0061092679141577615,
    0.0177816365259333,
    0.008857243666493979,
    0.005428133845756241,
    0.0061019833932615935,
    0.006561117860069241,
    0.009989622280945243,
    0.0050785055204878495,
    0.020858100486807855,
    0.009799960292390759,
    0.0027510145945408115,
    0.010482351512135711,
    0.01347001739732144,
    0.006957240417647524,
    0.010562889983043446,
    0.012226691073392368,
    0.0037752822516923024,
    0.005957014219314279,
    0.004888706596914866,
    0.018215975595346486,
    0.0049138272462618884,
    0.009457991397677085,
    0.006852935377005686,
    0.00593977852964608,
    0.005052025934244378,
    0.009032772019015037,
    0.005152919947026996,
    0.009355842376597869,
    0.008916263597206965,
    0.007542707501398693,
    0.002897771930669242,
    0.006922546509218811,
    0.0030624676391642295,
    0.002427727271798493,
    0.006336873830609621,
    0.004573851991353535,
    0.0023317750051795637,
    0.0023381497500461522,
    0.008236372363698077,
    0.004342936131331371,
    0.008654551827314954,
    0.0067406443102610465,
    0.002939737174174669,
    0.003982749997396854,
    0.001991374998698427,
    0.0036798041271348045,
    0.0068033303514303724,
    0.008759008270950636,
    0.001998033819730447,
    0.11083099697722683,
    0.1280045287817661,
    0.01189149205315766,
    0.004214003389253203,
    0.005352241347456676,
    0.004661668389054286,
    0.004406568512945141,
    0.002936128455709985,
    0.010472837219512693,
    0.004890404407950325,
    0.0072758737977552555,
    0.009417291232970313,
    0.007135172725490602,
    0.0056360824514459515,
    0.004198286651239875,
    0.00692530763221882,
    0.0044187092862065435,
    0.007218988895578078,
    0.0045686480916449935,
    0.014714464783602004,
    0.005128618051706465,
    0.007317194370236783,
    0.010644236368776224,
    0.005955748689651257,
    0.0062330623835004035,
    0.002758321391695771,
    0.006720877965802557,
    0.015972067146027728,
    0.004777072079835388,
    0.008564202922847722,
    0.007229345123690814,
    0.005674957872428779,
    0.011934364465059874,
    0.01846527386450509,
    0.01731697261077686
  ],
  "cosine_matrix": 0.31683428856225593,
  "spearman_matrix": -0.08613899439319951,
  "js_divergence_matrix": 0.37191741816193397,
  "matrix_dispersion_js": 0.07739464070548922
}