{
  "semantic_entropy": 2.8309404302537744,
  "cosine_vector": 0.2685598769092082,
  "spearman_vector": -0.11224939493551997,
  "js_divergence_vector": 0.5542965198703218,
  "vector_dispersion_js": 0.05165999530953602,
  "vector_elements": [
    0.024650260649520646,
    0.009939249982122008,
    0.0130364845585356,
    0.023201900034691515,
    0.020031200386410857,
    0.018847536082445656,
    0.008977321365648477,
    0.011771313485581227,
    0.022659196899805212,
    0.009675356168491562,
    0.00671161853687894,
    0.009768396938163589,
    0.0028978255189480292,
    0.008344499213810768,
    0.0040310867693156985,
    0.0031573775118352264,
    0.01069994655440596,
    0.006061183724833393,
    0.0026029831034883447,
    0.003352391421606289,
    0.020560083840485518,
    0.007105473613301494,
    0.011818153077168785,
    0.00768769375287574,
    0.003908841012233545,
    0.005693790198954101,
    0.0028468950994770506,
    0.003597391210565671,
    0.00824383151420167,
    0.002319228578844065,
    0.006222047279025639,
    0.0035931096499063836,
    0.0024396142507338353,
    0.004414916993351162,
    0.007854889987605048,
    0.0027227526234332323,
    0.0030022524204252918,
    0.009445407805743098,
    0.006585346724305337,
    0.0026250462032529824,
    0.008918843205681152,
    0.006139935093800602,
    0.0029788111785690667,
    0.007694534678224239,
    0.040579754952554926,
    0.0037972859734740215,
    0.01680453740633285,
    0.007346724424218873,
    0.007150384679653193,
    0.006954836745183438,
    0.0072421386377085,
    0.05122355621707155,
    0.0026847206859729454,
    0.028065273745488124,
    0.005413725000580232,
    0.005226551687531287,
    0.0036512789419933618,
    0.008807925521478964,
    0.006784098178233423,
    0.006135135924043777,
    0.003996593433937568,
    0.023256890689531125,
    0.006213720546035082,
    0.03378566274581936,
    0.008701183522284238,
    0.012362150787348392,
    0.01343610609511573,
    0.006397680481048968,
    0.005670743703112243,
    0.0027627798782333076,
    0.005841247657493572,
    0.005001704392359844,
    0.0030878784166136998,
    0.0154990551842184,
    0.010187736885403281,
    0.03005494737220758,
    0.005048860002070283,
    0.0048697201754091465,
    0.005578171903871765,
    0.002675719367033335,
    0.05131498520892065,
    0.017440768320559262,
    0.0050987377914901814,
    0.007667496312459954,
    0.0028941568854042375,
    0.013802134049619438,
    0.022247774018420385,
    0.00614063903061354,
    0.004843198252897431,
    0.007148108571054256,
    0.010870150174343077,
    0.028336508274260985,
    0.02418711776872674,
    0.016875724481859707
  ],
  "cosine_matrix": 0.6264933772898208,
  "spearman_matrix": -0.01016964620125975,
  "js_divergence_matrix": 0.1777650181900819,
  "matrix_dispersion_js": 0.05351948082016294
}