{
  "semantic_entropy": 2.9264175554979963,
  "cosine_vector": 0.07222263280697383,
  "spearman_vector": 0.15420144234664937,
  "js_divergence_vector": 0.5308188120098098,
  "vector_dispersion_js": 0.22930553013369792,
  "vector_elements": [
    0.010969422541607876,
    0.010916515049073863,
    0.016226618445425414,
    0.04261159252298305,
    0.011428034650662612,
    0.01524757142734576,
    0.015893046081186666,
    0.010118193425103566,
    0.005051217948707596,
    0.014240118218639944,
    0.004702292087253607,
    0.010869509310085021,
    0.005380704108549455,
    0.004206387562891249,
    0.018083065280581203,
    0.010800260025834679,
    0.00444454544381051,
    0.006821491583232934,
    0.01498037828998601,
    0.013865972177487916,
    0.0052311943670182185,
    0.007795100673995137,
    0.0038975503369975684,
    0.004700177717953829,
    0.006761520844556952,
    0.004185416995775874,
    0.012075095599411981,
    0.008895243657919381,
    0.006079036595757762,
    0.006955369490867693,
    0.01483651414611043,
    0.008614347954744191,
    0.014595182468096922,
    0.012241883750460708,
    0.014663677801891338,
    0.05682284834555231,
    0.0056865981168505945,
    0.007130987888582643,
    0.011989712811155287,
    0.013427889079431399,
    0.5132969172747631,
    0.013260797901657833
  ],
  "cosine_matrix": 0.2619341113921196,
  "spearman_matrix": 0.08785035980249419,
  "js_divergence_matrix": 0.4334672516953812,
  "matrix_dispersion_js": 0.21656549542163403
}