{
  "semantic_entropy": 2.995732273553991,
  "cosine_vector": 0.4821816770482768,
  "spearman_vector": 0.17143624481513534,
  "js_divergence_vector": 0.45734889536159873,
  "vector_dispersion_js": 0.11088690109303556,
  "vector_elements": [
    0.009131444310022113,
    0.00800083970036976,
    0.01791885507242839,
    0.09648819390790038,
    0.02052736310776079,
    0.009429278319847594,
    0.00984077161237858,
    0.010390773544736243,
    0.006194412956738605,
    0.010198387037185733,
    0.007761781082181799,
    0.0028844834272242115,
    0.012014826541898067,
    0.005360308012638323,
    0.013347330382420378,
    0.029888692930655332,
    0.003003558838054637,
    0.009130864295672366,
    0.010271676036654635,
    0.006726515290325569,
    0.0029816029568797845,
    0.006005542643296611,
    0.002741571383376473,
    0.002301561177870695,
    0.00721991870591897,
    0.005205388101282524,
    0.00849818379615856,
    0.005031473094891316,
    0.003391210839185406,
    0.008716418587320666,
    0.005310457152609456,
    0.002396595143728374,
    0.0034924745832313284,
    0.0062466221271238,
    0.006025846448222227,
    0.0026887518962862554,
    0.01122103863944977,
    0.005193345992162517,
    0.00331595629693704,
    0.009074584368700782,
    0.0030843081729933306,
    0.0020158392274951128,
    0.007888276087778522,
    0.003975143021366517,
    0.013994033807009892,
    0.005083683808175357,
    0.005820643977808779,
    0.005639279594924846,
    0.004351118016905858,
    0.005852825212365992,
    0.005900997548300213,
    0.0053250356305835295,
    0.019139743881023637,
    0.0035497265527533856,
    0.001970653101280482,
    0.0033341456818522575,
    0.016428472274465054,
    0.0030339447917008657,
    0.0038723311190311674,
    0.0018233698247397912,
    0.003204285950210727,
    0.00222326073692651,
    0.026125825975394656,
    0.002291990587838855,
    0.008104730668699222,
    0.0025299461927497232,
    0.03559760792015444,
    0.005330380992695486,
    0.00464620159352183,
    0.021438105831250106,
    0.0024747448331029834,
    0.006198884921641829,
    0.007625814236547529,
    0.009949218087908732,
    0.010993231409252388,
    0.005496615704626194,
    0.004470645872365915,
    0.0069074635054639875,
    0.0034775623928673255,
    0.004596294537537247,
    0.002912795328423488,
    0.04325847022164761,
    0.007186699151833916,
    0.004468591191827947,
    0.02041376446526392,
    0.036565451056690616,
    0.004414613875085958,
    0.006525947658633994,
    0.00734335113651839,
    0.012566972712623218,
    0.02252207740345706,
    0.11210377840593369,
    0.01838220376702388
  ],
  "cosine_matrix": 0.5572013777699566,
  "spearman_matrix": 0.21704173895991508,
  "js_divergence_matrix": 0.3480634808348464,
  "matrix_dispersion_js": 0.015022823926363735
}