{
  "semantic_entropy": 2.8309404302537744,
  "cosine_vector": 0.14306898899053763,
  "spearman_vector": 0.14444292549555707,
  "js_divergence_vector": 0.493802260603148,
  "vector_dispersion_js": 0.12097708586141209,
  "vector_elements": [
    0.008793816994265397,
    0.0035828843152042504,
    0.005320824535260543,
    0.042448050417596694,
    0.00944086000968375,
    0.004730281736108492,
    0.006807421081599258,
    0.023540995246557284,
    0.005162808143709131,
    0.0023812398063647717,
    0.003650334953387911,
    0.02382142085458092,
    0.002238087988044327,
    0.2982468326472725,
    0.004726180860297224,
    0.00703833614215508,
    0.004736877543578586,
    0.0031767878731658278,
    0.012701473388796139,
    0.0018913307724575763,
    0.025306003728387583,
    0.003410328531754933,
    0.027090233320171405,
    0.007934765487817318,
    0.007698025758377429,
    0.012093981360043507,
    0.007486162041940858,
    0.002176732025193716,
    0.021342648754523297,
    0.0031195616914941305,
    0.010941726319326838,
    0.006852568606932591,
    0.005224678178930557,
    0.011037479093778751,
    0.0018125336394080617,
    0.028486161923499217,
    0.0040097470279255075,
    0.018369053380929125,
    0.007492363932879403,
    0.006606564765133582,
    0.0014078333019406134,
    0.019971524068141268,
    0.0034881661050859755,
    0.011571994838965963,
    0.004086341981041937,
    0.012938192009062837,
    0.0072584198861239055,
    0.004604776287815624,
    0.007518482016701466,
    0.0022743574195720883,
    0.0065358644782267114,
    0.0034499043635898546,
    0.005846249894442267,
    0.0018686518679690764,
    0.017099436400642005,
    0.0028363105026073107,
    0.0074835449008802575,
    0.0038747456131133476,
    0.005294431868788994,
    0.011140211850280322,
    0.001184707722277833,
    0.025383551675584277,
    0.0029411750564064714,
    0.02163184683438866,
    0.004466546230780931,
    0.006801822462440744,
    0.001258405677860266,
    0.03195310322682278,
    0.0030591514294724476,
    0.016687898040005172,
    0.00406865693652488,
    0.0034422053817029325,
    0.0073691136200911625,
    0.015376487506067559,
    0.013274097584018124,
    0.007623626082030553
  ],
  "cosine_matrix": 0.25805005984047236,
  "spearman_matrix": 0.059988038277511965,
  "js_divergence_matrix": 0.3241854180940962,
  "matrix_dispersion_js": 0.06090074170352053
}