{
  "semantic_entropy": 2.995732273553991,
  "cosine_vector": 0.10448884529308272,
  "spearman_vector": -0.1357685563997662,
  "js_divergence_vector": 0.588389447129487,
  "vector_dispersion_js": 0.0767431179713376,
  "vector_elements": [
    0.013367461940411596,
    0.012722850359064793,
    0.02323711359941385,
    0.13691408998618174,
    0.03166898636029854,
    0.020248151886679087,
    0.005835392381085833,
    0.011202952747189061,
    0.010474397059655353,
    0.01442686710437276,
    0.021016241781936482,
    0.011050513957546644,
    0.01044666743746046,
    0.006584802210141281,
    0.01687320360835141,
    0.007689120914575046,
    0.021666425461464085,
    0.010543387758684233,
    0.005275286635849803,
    0.016543561861989204,
    0.011187528447413544,
    0.01130585691957085,
    0.0364033580728266,
    0.023934174419011633,
    0.007898110780162362,
    0.009813501861734722,
    0.006751397579386574,
    0.004176149540360017,
    0.01293511706087618,
    0.004831948036452301,
    0.014444349899591898,
    0.007599586950798406,
    0.004708134248112406,
    0.01105972535645298,
    0.04529948367726832,
    0.00862887237337112,
    0.009798357802978707,
    0.005788514114210682,
    0.011881898457344747,
    0.010475704174689359,
    0.018526583151375,
    0.017589334854992294,
    0.007318818011483167,
    0.01717601255172807,
    0.06410905843049747,
    0.008283353948181693,
    0.008486630288623846,
    0.004216519792655161,
    0.010049698980119997,
    0.011214749957470469,
    0.038039045494264206,
    0.009930159390645543,
    0.008830716004426545,
    0.010897554811495897,
    0.005809947538000887,
    0.006520213978456186,
    0.01705688430500904,
    0.03656658841783984,
    0.03266888526777019
  ],
  "cosine_matrix": 0.628699903956258,
  "spearman_matrix": 0.03868887590103254,
  "js_divergence_matrix": 0.23306859718260078,
  "matrix_dispersion_js": 0.04102054279022676
}