{
  "semantic_entropy": 2.995732273553991,
  "cosine_vector": 0.08142827786137785,
  "spearman_vector": 0.05225176342919154,
  "js_divergence_vector": 0.5731954122618643,
  "vector_dispersion_js": 0.019178300517464386,
  "vector_elements": [
    0.00761341671701962,
    0.007596335389769409,
    0.0077987182788943725,
    0.06721113047034476,
    0.01783112376130343,
    0.008916770731202223,
    0.010429994080764612,
    0.010222308613981573,
    0.004750289679952339,
    0.006315293954467662,
    0.003578069275387229,
    0.00692274784994079,
    0.005932218723770087,
    0.015669880776759924,
    0.008587704375159952,
    0.007085337488436107,
    0.006223407015176793,
    0.0068430847996869635,
    0.01296254376307972,
    0.005343027580921498,
    0.01754244610083478,
    0.009425958026251822,
    0.003114882174800276,
    0.00935428827002383,
    0.011785963516390085,
    0.007352500127564715,
    0.009704284688382143,
    0.011740132820187883,
    0.004069166107473912,
    0.005963703492896327,
    0.004882623910137252,
    0.016038885210351888,
    0.005152202816048441,
    0.009521810584658893,
    0.007324278160401911,
    0.005820027791400401,
    0.0049536884890886805,
    0.007825925047196694,
    0.005459166502336171,
    0.009126156373230547,
    0.010602839984428052,
    0.0068724132142541465,
    0.003204945318469881,
    0.0064687258140583995,
    0.003269944503986137,
    0.0028803195401272763,
    0.006165312841040488,
    0.004655822947713968,
    0.0026616119890741927,
    0.00273434166259034,
    0.009944558650898543,
    0.00444176150200525,
    0.007935438823812781,
    0.00649237254747994,
    0.003199628045560326,
    0.004126156832150781,
    0.0024050741947339994,
    0.004488648836003768,
    0.006574765727178041,
    0.008591071585101936,
    0.002479329730693494,
    0.0821948939855439,
    0.11983407497281671,
    0.01093089690578725,
    0.00444143305917814,
    0.005441568480216714,
    0.005088648132954487,
    0.004562171533301399,
    0.003411974991679922,
    0.010101147141290807,
    0.005027521884963671,
    0.007406222939817356,
    0.009571829727072734,
    0.009544027337719252,
    0.005744613125737792,
    0.004413498815162049,
    0.0062749309293494175,
    0.004918419333491152,
    0.006977810676099754,
    0.0047981639899521335,
    0.014490399030729292,
    0.0054922124578664295,
    0.007455596725251249,
    0.014487792170193546,
    0.0064884337487824085,
    0.006131543277274703,
    0.003267090101304755,
    0.007224856765206582,
    0.01984263267553849,
    0.00555797458335261,
    0.009291889183260455,
    0.008660133024763681,
    0.006209195304635864,
    0.013077831858135568,
    0.03783234227061027,
    0.01961965103392208
  ],
  "cosine_matrix": 0.3730625290317535,
  "spearman_matrix": -0.12605504310604693,
  "js_divergence_matrix": 0.3111680552196364,
  "matrix_dispersion_js": 0.10012693257471812
}