{
  "semantic_entropy": 2.995732273553991,
  "cosine_vector": 0.36047808613234084,
  "spearman_vector": 0.12579281183932348,
  "js_divergence_vector": 0.43554195811333507,
  "vector_dispersion_js": 0.014782159086420776,
  "vector_elements": [
    0.06781369810069772,
    0.022685331434354063,
    0.03153207785225454,
    0.04934454048999209,
    0.0486486258810926,
    0.014244761838446984,
    0.02931758400218528,
    0.017414616853804767,
    0.015929254485668565,
    0.041055368419849435,
    0.024166252878866576,
    0.01223959856755056,
    0.019881609402219065,
    0.020757991244114992,
    0.009323894545461835,
    0.021948671713323906,
    0.022462646372076334,
    0.02165222118782569,
    0.010371401885622246,
    0.018211643354749625,
    0.00977383926287194,
    0.008862896542820735,
    0.030616025753840263,
    0.017817663947676896,
    0.008602841963670184,
    0.0163599612758076,
    0.025693528857638856,
    0.020171191243060417,
    0.009990744463634653,
    0.015622921903190451,
    0.008444270185369415,
    0.010395592892699305,
    0.018145480408206047,
    0.010284211706812648,
    0.015894060477142258,
    0.01579488822499102,
    0.020732870560419298,
    0.03230338066166128,
    0.017206994118636153,
    0.02395146778282368,
    0.029108605126208126,
    0.08106933494745563,
    0.034155437183206336
  ],
  "cosine_matrix": 0.667426602971116,
  "spearman_matrix": -0.130677099063727,
  "js_divergence_matrix": 0.22683124772940755,
  "matrix_dispersion_js": 0.07542864572274464
}