{
  "semantic_entropy": 2.8309404302537744,
  "cosine_vector": 0.1486944567385495,
  "spearman_vector": 0.03033098209441129,
  "js_divergence_vector": 0.5461097735927289,
  "vector_dispersion_js": 0.05975285674437014,
  "vector_elements": [
    0.03172843300550939,
    0.00944400350768433,
    0.01343197309135555,
    0.04033467265409819,
    0.013547663962886147,
    0.011132044337474221,
    0.007718987970326663,
    0.012564293342172581,
    0.0051130392776939735,
    0.005718353728767848,
    0.009159917869152785,
    0.005285881653682006,
    0.004419257449939051,
    0.00904036074046952,
    0.005898301050051471,
    0.0037567089250514973,
    0.007566683267507464,
    0.01053572516265273,
    0.003608181549191702,
    0.007291464086505222,
    0.012879425945180224,
    0.003446269267856236,
    0.003996658981450231,
    0.0068826151559377375,
    0.0024414257040661306,
    0.005275243799226235,
    0.004651586812219685,
    0.005721269891025818,
    0.010705979887241375,
    0.005863279385618038,
    0.00546842528216811,
    0.003983059009446432,
    0.01089512858789018,
    0.0038900138114632194,
    0.008034372912443133,
    0.00901287093742684,
    0.003490595043716199,
    0.011285965934390267,
    0.009403756062752367,
    0.02640051577666603,
    0.017859099761044814,
    0.004219922057890106,
    0.0037502724346507367,
    0.0025318100735323384,
    0.00895177992133373,
    0.0039062734975079455,
    0.011503892793145258,
    0.006770075732898752,
    0.010389977613733663,
    0.008849735084907337,
    0.004297092545931301,
    0.008501058614059444,
    0.019012650331279086,
    0.023231991022148974,
    0.003774138076898549,
    0.005672093309200748,
    0.003726994415924642,
    0.0021157710664706517,
    0.006166105091482647,
    0.002445048557700655,
    0.01808407660795226,
    0.003605545711278006,
    0.005097389888503711,
    0.00541205995436581,
    0.0022773530072990916,
    0.0054212990938389775,
    0.019043906497499513,
    0.005246212095647645,
    0.02705962345306182,
    0.0039482726745630236,
    0.0035177565521687625,
    0.004002242287193161,
    0.0038273766407994863,
    0.004301829342657857,
    0.0051141724445709705,
    0.0029773474592119336,
    0.007304829369013661,
    0.016512235708918913,
    0.003508132740882828,
    0.0049309429113551665,
    0.15923431334065577,
    0.005464626140808077,
    0.020836161645589487,
    0.004683839038200637,
    0.05282619651415296,
    0.003732535218216892,
    0.010177165923544196,
    0.0049414359263995015,
    0.005245767068060033,
    0.0028207799671441784,
    0.006776900378272377,
    0.004940649582485797,
    0.006826788278385007,
    0.011499174618195452,
    0.006645140068623987,
    0.01345573502838492
  ],
  "cosine_matrix": 0.6072466119979611,
  "spearman_matrix": 0.3577272812318746,
  "js_divergence_matrix": 0.25980333284574103,
  "matrix_dispersion_js": 0.012868920498406902
}