{
  "semantic_entropy": 2.995732273553991,
  "cosine_vector": 0.11305712454763657,
  "spearman_vector": -0.061758881770529996,
  "js_divergence_vector": 0.6183842905028851,
  "vector_dispersion_js": 0.08401183624365682,
  "vector_elements": [
    0.032616941754574864,
    0.009263173056795615,
    0.015078381425066562,
    0.01028519604890214,
    0.0034453023699095894,
    0.0071111925334994336,
    0.005316876028906649,
    0.0077888298104822895,
    0.009215555245682952,
    0.008090540152105967,
    0.00985598762004155,
    0.011818784510470257,
    0.014315796528806725,
    0.008527111677670009,
    0.007172324899834222,
    0.005609075961250388,
    0.0061891369163250606,
    0.009306797740533366,
    0.03695082585070993,
    0.008509826538201232,
    0.010657999532518104,
    0.0042162005810884575,
    0.008519289557532072,
    0.004503128826474187,
    0.005765789430823868,
    0.003056522749293699,
    0.005578233953321986,
    0.008474295298278395,
    0.009888132115233686,
    0.004270542376580845,
    0.007573050368077871,
    0.005441426446829212,
    0.005748958540143381,
    0.004014926099124486,
    0.009163172613402904,
    0.0035045197484775735,
    0.0061698349713647455,
    0.006618696815116228,
    0.003026228714545569,
    0.008040935369462217,
    0.024310013773732833,
    0.009181022003929137,
    0.004475540042626724,
    0.004735114944777051,
    0.0024674724668532493,
    0.005141853414703622,
    0.004127886578496492,
    0.006425375051220716,
    0.0024466249137218457,
    0.006547397066188181,
    0.005771051375261933,
    0.002457219848251758,
    0.006889044166162925,
    0.009405628817768536,
    0.006109766304340144,
    0.022432140652563524,
    0.0054632635280556395,
    0.004761128540430126,
    0.004376657928433594,
    0.011495665941325514,
    0.01503265590987782,
    0.003874506647698798,
    0.004064035575011523,
    0.0020511619666889135,
    0.01225272802990866,
    0.0036174424394983533,
    0.00696809570124972,
    0.004406943653168242,
    0.006773362707602669,
    0.004901754341180477,
    0.005355134030871235,
    0.004962891404082447,
    0.008312298133381066,
    0.0031704673084228434,
    0.08648588400589005,
    0.0043565872688042,
    0.015585723904491875,
    0.00421662612993711,
    0.009476294046205858,
    0.011365951225547948,
    0.004185536249080491,
    0.01045808703537478,
    0.01049121326974759,
    0.005761678833299879,
    0.018303474635700562,
    0.011008682906430029,
    0.016558445334723428,
    0.006017371570288021,
    0.03755323200926162,
    0.00500106224056819,
    0.011932174688451097,
    0.005370041938563899,
    0.00719748473399996,
    0.00939299622426609,
    0.052617876329622885,
    0.005938090069029399,
    0.016985165360309175,
    0.0069930003265495045,
    0.011672152544564045,
    0.017981251787638434,
    0.011631029346709404
  ],
  "cosine_matrix": 0.6678216110569106,
  "spearman_matrix": 0.06794464320381619,
  "js_divergence_matrix": 0.1827250275913052,
  "matrix_dispersion_js": 0.07485473338130792
}