{
  "semantic_entropy": 2.8571028374420018,
  "cosine_vector": 0.05431406982769318,
  "spearman_vector": -0.23555339687936372,
  "js_divergence_vector": 0.58439697753166,
  "vector_dispersion_js": 0.14548298429256423,
  "vector_elements": [
    0.012826997287734154,
    0.004308580911536891,
    0.004475015161125317,
    0.009169108386815096,
    0.004574234690628159,
    0.0052556660112969555,
    0.0061143029106693735,
    0.003220254497214774,
    0.0018359349742012095,
    0.007944568160158894,
    0.003934037955661919,
    0.0010546021253840289,
    0.0053835651115600605,
    0.003918867128568755,
    0.0025283156470756363,
    0.003517927478666357,
    0.002415366870143576,
    0.0024549462253566747,
    0.0011588133480587635,
    0.0028254704231416836,
    0.0011526035989823148,
    0.000948860852823283,
    0.003172765295969133,
    0.0020988471530087585,
    0.0010509930290282272,
    0.0012028730454325858,
    0.002421672233026783,
    0.0018398633809046517,
    0.003966497002268299,
    0.002761689625538835,
    0.001314543907308273,
    0.0018288968303251608,
    0.0009144484151625804,
    0.0012208979445422717,
    0.0038820811882481357,
    0.003251915348473293,
    0.0009914702638241567,
    0.0018298017317128653,
    0.0015926719265406785,
    0.005943373789228412,
    0.0017099254306818254,
    0.002501130060990734,
    0.0018819391151809438,
    0.0024500206479852464,
    0.001402040692856844,
    0.0009405636786853311,
    0.0013550218296143708,
    0.0023113355031781782,
    0.0032412793000425057,
    0.0011253482062577502,
    0.002382082281166104,
    0.0010442992148460702,
    0.0027662467568787437,
    0.0019161947243850916,
    0.001953960232771353,
    0.0013979793526634823,
    0.004712134376153465,
    0.0015344639263484756,
    0.0021153932677795972,
    0.0011570535924165161,
    0.002261816272483015,
    0.001989439590581685,
    0.0016080094835237446,
    0.002887759937432312,
    0.002624908791613125,
    0.0037891544439197077,
    0.0019812097414037516,
    0.0018804755472154506,
    0.009343951007333413,
    0.0017545456824650837,
    0.0022782683945838187,
    0.0018095597899476187,
    0.004443485895024957,
    0.0013476199834128579,
    0.006640148861754033,
    0.0014503736379465572,
    0.0017130644360528059,
    0.0008332768381198667,
    0.0022000405644844725,
    0.0035021791405662247,
    0.0012621401365685337,
    0.00297051568456321,
    0.0031135275734047747,
    0.0012947838937815558,
    0.18440734948867682,
    0.0015285594846599858,
    0.11135585118505285,
    0.0016011496493178964,
    0.002045697990016123,
    0.0017053043259163767,
    0.0023183990057261314,
    0.004182999625455684,
    0.0027842682739586894,
    0.0033591349813389265,
    0.003340098595625208,
    0.0017979107640705221,
    0.004162032113995034,
    0.003995131102958132,
    0.003404168143314006,
    0.003276495522855083,
    0.0038632640979697607,
    0.005652291706970603,
    0.022856483989861363,
    0.004829223426696096,
    0.005226269307075026,
    0.009799903674748032,
    0.004419160081572915,
    0.003818266897138746,
    0.007507678112501368,
    0.003880940763466962,
    0.001550454125862375,
    0.00301142563451113,
    0.0017723541650040001,
    0.0062606259666464084,
    0.0027758409372639105,
    0.005201399879729634,
    0.0031948025041580114,
    0.002231878722587811,
    0.007320395392721506,
    0.003542187146781814,
    0.005900416801487373,
    0.0044348201329519905,
    0.0012461617427299266,
    0.0030052445110513924,
    0.00530003937170286,
    0.023748149841951578,
    0.0025590685915858327,
    0.00590793263428988,
    0.0017308139079746838,
    0.007364163047189974,
    0.003088460219582612,
    0.007767494429177471,
    0.003652904016366642,
    0.007497674446216818,
    0.0012751460822763997,
    0.004424294935993663,
    0.0029734691343218296,
    0.010509748398104393,
    0.002909911303470692,
    0.0039109979380145,
    0.0013785050740716483,
    0.0031194567080015697,
    0.0013773349355705735,
    0.0009816669908623292,
    0.0026774183850199326,
    0.002154152655648373,
    0.004854692064324518,
    0.001397365670549814,
    0.005347998113077427,
    0.0022141823780565,
    0.003911559019276505,
    0.0030476845822515856,
    0.001495379847990591,
    0.002256779508492512,
    0.001128389754246256,
    0.0015245106895493284,
    0.002227482174946058,
    0.0013334411030474674,
    0.005194304092271318,
    0.0020098782415345373,
    0.00820840297866804,
    0.0021461052599086802,
    0.0025269050506469127,
    0.0025672935597534424,
    0.0022363655074600997,
    0.009663091093383413,
    0.004000992217286218,
    0.018311277128596492,
    0.036192311173174015,
    0.003869357270803868,
    0.0036739096770620756,
    0.0023257478821379143,
    0.0030867013206948646,
    0.004239341419136935,
    0.023335487925261172,
    0.0023799677286426815,
    0.002221565272553577,
    0.003762617027276671,
    0.006999374575857639,
    0.012395099686064713,
    0.0058575865977839306
  ],
  "cosine_matrix": 0.20880522443156802,
  "spearman_matrix": -0.010938012263979106,
  "js_divergence_matrix": 0.3556284946006555,
  "matrix_dispersion_js": 0.07282498711885328
}