{
  "semantic_entropy": 2.8309404302537744,
  "cosine_vector": 0.42199283204184157,
  "spearman_vector": 0.11936188811188811,
  "js_divergence_vector": 0.4789030506681198,
  "vector_dispersion_js": 0.04629962188660386,
  "vector_elements": [
    0.04605982388324511,
    0.01866810142606559,
    0.025995195147019867,
    0.11891428003117611,
    0.03106491214564884,
    0.016376698221075202,
    0.005458899407025068,
    0.013116239360015002,
    0.01040128259682994,
    0.011416421546099134,
    0.017685392001862314,
    0.009452898819797799,
    0.015148359276145372,
    0.026012056278658893,
    0.006305959877005948,
    0.01843306962088158,
    0.012830421372996764,
    0.014217186481125048,
    0.0074054660785989055,
    0.021259723000022056,
    0.007825513467735197,
    0.009653357861438526,
    0.009429011745285189,
    0.013417263635233195,
    0.02491781388030751,
    0.007160683528900575,
    0.005996050640674633,
    0.005145229115496238,
    0.005788246663515936,
    0.006990489505026929,
    0.019021222217670757,
    0.0139882672496168,
    0.004903243955173164,
    0.013715427755456006,
    0.0049075632080302295,
    0.004609322526346747,
    0.012205639360303932,
    0.007845198465373722,
    0.010542881026784117,
    0.004550456074172242,
    0.008121592862779407,
    0.012078096355456461,
    0.024089859926125168,
    0.010693196108573838,
    0.010927709971685962,
    0.005344107602428682,
    0.013747723033194673,
    0.019696275794926627,
    0.004874705683328259,
    0.014805752052837334,
    0.006231540497802571,
    0.00735469886112571,
    0.018311528320845382,
    0.008081319898556523,
    0.02207027047106963,
    0.00501840035024622,
    0.010462878692007333,
    0.004612363122596884,
    0.01382906885684592,
    0.01953530980870605,
    0.008761255874683242,
    0.016964046057013946,
    0.019824408598945582,
    0.046518290441432096,
    0.029210332302950313
  ],
  "cosine_matrix": 0.5729296053671649,
  "spearman_matrix": 0.007670454545454543,
  "js_divergence_matrix": 0.25675979360231455,
  "matrix_dispersion_js": 0.10887790976884437
}