{
  "semantic_entropy": 2.995732273553991,
  "cosine_vector": 0.22724494988707755,
  "spearman_vector": 0.13973082394135022,
  "js_divergence_vector": 0.5335909881897356,
  "vector_dispersion_js": 0.015082853341152447,
  "vector_elements": [
    0.027744998109415896,
    0.02616625292559743,
    0.029579293794585425,
    0.06449342341586486,
    0.04935192508327916,
    0.029816091787648567,
    0.012697284476230666,
    0.02467172682589513,
    0.028394256939839067,
    0.021193093583390114,
    0.031104054608518134,
    0.010743723220136977,
    0.026114423796314654,
    0.02601175019358252,
    0.025971827800047982,
    0.011473588846943663,
    0.019973484698334067,
    0.011453086532105925,
    0.009437392679590383,
    0.027152909127568705,
    0.021783611308900643,
    0.010177968704637065,
    0.01548676935776214,
    0.019252695285605605,
    0.0371562670454691,
    0.011816780384100913,
    0.018079526375091987,
    0.010249922195132629,
    0.012136329385214816,
    0.020534354186954557,
    0.021231424402333453,
    0.019476820765449893,
    0.041744758826031625,
    0.02286773220498848,
    0.029923977964505997,
    0.03179808137196468,
    0.10448372123491362,
    0.03825467055605348
  ],
  "cosine_matrix": 0.4530037626179951,
  "spearman_matrix": -0.06442718021665389,
  "js_divergence_matrix": 0.38572280438501116,
  "matrix_dispersion_js": 0.06845825261587093
}