{
  "semantic_entropy": 2.995732273553991,
  "cosine_vector": 0.06335397787304219,
  "spearman_vector": 0.0584644601193706,
  "js_divergence_vector": 0.6256968234232625,
  "vector_dispersion_js": 0.037453899409471525,
  "vector_elements": [
    0.018515398749553873,
    0.008075532979080088,
    0.009372451150287602,
    0.033868367366430153,
    0.012925139996656414,
    0.0079993786697833,
    0.009437974464831172,
    0.015922489983433617,
    0.006745773118010944,
    0.00746791458208618,
    0.014010252513191414,
    0.0063931151363508885,
    0.005765606959102811,
    0.011417538580590254,
    0.008094591784544886,
    0.005219871765306785,
    0.009443903522868082,
    0.00909374827179535,
    0.0044466792272002224,
    0.0067302815961850756,
    0.012835821887693097,
    0.004403583928842243,
    0.004950420931643782,
    0.008695682411362189,
    0.004204995711012415,
    0.007149912317017152,
    0.006426913743456929,
    0.007117194337892838,
    0.01067400762490123,
    0.006493916280449349,
    0.005951471498302467,
    0.0047143185990870685,
    0.011192232533337315,
    0.005158127171475839,
    0.009401069333855724,
    0.009071436909078459,
    0.003909746795324011,
    0.008188915552350767,
    0.005717612645973097,
    0.014358292222572242,
    0.015139192899328751,
    0.005061021858095892,
    0.004663839975025651,
    0.0037340949088104838,
    0.01104255931398178,
    0.006064392990935563,
    0.01347573674542274,
    0.008171834595809054,
    0.011533710345394103,
    0.00873779793488772,
    0.0042244725434160465,
    0.0070155365408000395,
    0.010459131508912683,
    0.012307551123925732,
    0.004675307926672187,
    0.006358726222327177,
    0.004935144399943072,
    0.0034939346557963896,
    0.007661688360015556,
    0.004328511847172939,
    0.0214706120866028,
    0.005296035309491401,
    0.0065636918498583165,
    0.006737091509245182,
    0.0032132338805394667,
    0.005633863791192646,
    0.01849175747406126,
    0.0062134632037736375,
    0.028488131437494357,
    0.005137992842882809,
    0.004655347914385496,
    0.005389453719692675,
    0.005260260783507928,
    0.005990999278496478,
    0.006611580841946814,
    0.00435925678564044,
    0.008590422998645111,
    0.01675023225629444,
    0.004395444616845267,
    0.005692649864583499,
    0.15047126939494046,
    0.005705632049193236,
    0.020638571147503136,
    0.005626764103752535,
    0.04704382692507028,
    0.0047962130216721065,
    0.008499893795895611,
    0.005696118239706384,
    0.005881220025366113,
    0.003916863115331626,
    0.007500266939812041,
    0.006403748209579707,
    0.00826591308761671,
    0.011374060744189791,
    0.0070084208715102654,
    0.011583826334089118
  ],
  "cosine_matrix": 0.46964980883949575,
  "spearman_matrix": -0.009632215905069715,
  "js_divergence_matrix": 0.2409709251683226,
  "matrix_dispersion_js": 0.11769146063244394
}