{
  "semantic_entropy": 2.9264175554979963,
  "cosine_vector": 0.11688524095680342,
  "spearman_vector": 0.09766357330333708,
  "js_divergence_vector": 0.5179762720471719,
  "vector_dispersion_js": 0.021858031886480944,
  "vector_elements": [
    0.010051162405862488,
    0.006173905842933403,
    0.006715089363526503,
    0.010577271377025603,
    0.020980901259449243,
    0.012072031344330113,
    0.005695362428863991,
    0.007797868573326791,
    0.007908708148628695,
    0.0053571065733362426,
    0.0034923983461944384,
    0.009785372671593124,
    0.003077872366318771,
    0.002932253847248297,
    0.0067263309599577305,
    0.005903515109575941,
    0.005120758078103528,
    0.009625610564403569,
    0.00384211109560926,
    0.00384211109560926,
    0.026719314369621088,
    0.008807104600663647,
    0.007598163181064784,
    0.008290387905957115,
    0.003447677321034914,
    0.004168475945839704,
    0.003021543535240094,
    0.002451139476537171,
    0.003818508652213555,
    0.0032909314808661017,
    0.009409573079609474,
    0.004115046972622913,
    0.004367688133920772,
    0.0038074067516802976,
    0.00715968681042836,
    0.004179647263992768,
    0.002926937737686323,
    0.0027021947527982233,
    0.0018715558004553416,
    0.0066555096043427065,
    0.009992489258323512,
    0.007869207821283945,
    0.0034143501477832076,
    0.008950649119303045,
    0.23080061780241884,
    0.004532001867544347,
    0.004095117100531847,
    0.004135069052240686,
    0.005261194761755998,
    0.002099829879108363,
    0.0037569173358375945,
    0.0038335385227204065,
    0.004361252580541726,
    0.0038016553257761952,
    0.003380506576582015,
    0.0032346061069455923,
    0.003069670802406816,
    0.0028549672784742137,
    0.0018694943898420063,
    0.007851016945960418,
    0.0027590614194872667,
    0.004611874108813752,
    0.00897194768641114,
    0.05701735464635428,
    0.003011829824106382,
    0.0031777183081876416,
    0.0026363947412520266,
    0.0019350252284951624,
    0.005879695359545813,
    0.009096023657058845,
    0.0047387160266813425,
    0.005553416421739679,
    0.006198200493570134,
    0.01538183072404656,
    0.0062140592249541205,
    0.004845251426536239,
    0.004759748766870782,
    0.006882541812902047,
    0.01780388481647586,
    0.005238485356253732,
    0.005170167479298441,
    0.00621787376982126,
    0.00495521802674592,
    0.004865485817166498,
    0.0038816577857494552,
    0.004160566093635455,
    0.0024497657770217616,
    0.004220851532278242,
    0.0024870348989019576,
    0.0021417855716464903,
    0.0037008864931600137,
    0.003546542384108929,
    0.005750037129472297,
    0.0024087161237710485,
    0.0035414703829239184,
    0.0033155645981851624,
    0.005822357914878312,
    0.0028120967050415738,
    0.0052737632028036965,
    0.004937561302783234,
    0.002410097975504963,
    0.00326660462011425,
    0.0020297653748496468,
    0.002896572525625071,
    0.003094454572754617,
    0.0026933083495998926,
    0.004004937702152112,
    0.003557080776839447,
    0.0038991464119017116,
    0.004675392375936286,
    0.0040659588647680095,
    0.007425840224481313,
    0.003560565395168447,
    0.003675137317236492,
    0.003297909823970177,
    0.007138531785203865,
    0.006430812446306282,
    0.0035624639069404486,
    0.004351227191157312,
    0.005791332218345218,
    0.028552923670907795,
    0.004023852150805525,
    0.0031870094003755094,
    0.004916179003336856,
    0.007289534412152093,
    0.018753819888075993,
    0.007426691072501229
  ],
  "cosine_matrix": 0.2939402590308469,
  "spearman_matrix": -0.06861467409857348,
  "js_divergence_matrix": 0.32573081600863235,
  "matrix_dispersion_js": 0.1682630033716277
}