{
  "semantic_entropy": 2.995732273553991,
  "cosine_vector": 0.10441302951466302,
  "spearman_vector": -0.07517233833023305,
  "js_divergence_vector": 0.6435442266860998,
  "vector_dispersion_js": 0.014507404862700746,
  "vector_elements": [
    0.027267728186221037,
    0.025884208250351173,
    0.031040444094111157,
    0.0642816767373216,
    0.04852838771084162,
    0.029909909593005702,
    0.012038009983194946,
    0.02396295511562313,
    0.027419704921357417,
    0.021347847699194584,
    0.03202564920700016,
    0.010393462895136655,
    0.02759227840248295,
    0.024435692890911496,
    0.02623911401177831,
    0.011066019273298533,
    0.020195252583579924,
    0.01118227373390873,
    0.008991296619943877,
    0.02784671588250493,
    0.022254343383828132,
    0.009752608481134524,
    0.01531809745223209,
    0.01860430326875014,
    0.03836530745897245,
    0.01162570156496501,
    0.018096228770527908,
    0.009885917475102056,
    0.011621379100949772,
    0.021335227271972863,
    0.02230269653557088,
    0.020151531060263964,
    0.042381673706341556,
    0.022848227823580744,
    0.03077083838875415,
    0.033361372741765184,
    0.10302329551134262,
    0.036652622212177924
  ],
  "cosine_matrix": 0.6773747729953422,
  "spearman_matrix": -0.05175620965094648,
  "js_divergence_matrix": 0.16330641428775644,
  "matrix_dispersion_js": 0.04322589470286111
}