{
  "semantic_entropy": 2.995732273553991,
  "cosine_vector": 0.08459332022503169,
  "spearman_vector": -0.059909132735219695,
  "js_divergence_vector": 0.6035591149172279,
  "vector_dispersion_js": 0.04812286212253003,
  "vector_elements": [
    0.006643377600024551,
    0.0036661367550707637,
    0.004734756285151128,
    0.0044805740219025034,
    0.007517176604428175,
    0.004254896709294475,
    0.03412606320175227,
    0.006004408738574368,
    0.0059392486377829136,
    0.004519282159804154,
    0.004059258883795596,
    0.004542963666914732,
    0.005135735550010703,
    0.005626393131273665,
    0.005996022330838581,
    0.009889456414621916,
    0.005710273783348201,
    0.005705866503037973,
    0.0034054327408723556,
    0.002892373859132294,
    0.004893209086203248,
    0.004463882411536118,
    0.004676319995721751,
    0.0014195483555021454,
    0.0031749717918564814,
    0.006488833411684067,
    0.0027565876611812213,
    0.004134881491771832,
    0.0030909081487655752,
    0.0022671210260797148,
    0.007688343846544588,
    0.0035081517361060612,
    0.006428918801259835,
    0.008670554098000487,
    0.0036442521632796677,
    0.003167912075593702,
    0.006371380259665506,
    0.005113491839939099,
    0.009218376988014585,
    0.011488994991995231,
    0.008278035254696187,
    0.003323090831491742,
    0.003661055366778572,
    0.0015478851197033958,
    0.004936232981018936,
    0.00272070058356793,
    0.0017084029646292794,
    0.003366056186292388,
    0.0034913077448070332,
    0.002036080821069864,
    0.004439979949396481,
    0.005192126167282218,
    0.0066737231190428965,
    0.003458007825054474,
    0.004474853564559792,
    0.002237426782279896,
    0.0020364319576912054,
    0.004433199490017885,
    0.003522965867366423,
    0.015338883841610128,
    0.004859017216312196,
    0.005336568676119241,
    0.005177775279912177,
    0.00495658584106813,
    0.005589829002249052,
    0.005951234888509854,
    0.010057295615261162,
    0.004048286259088788,
    0.0029593748286401034,
    0.004002780706269206,
    0.005023289795335585,
    0.006395502186221197,
    0.0015248816379589921,
    0.01418191466935164,
    0.003222512755460818,
    0.005277653077898796,
    0.0033777186431829314,
    0.0023956615803639595,
    0.0030880822465703494,
    0.00801006414078075,
    0.003946611528593988,
    0.003390381937294002,
    0.007339502344252712,
    0.004247762814148064,
    0.003282065271736699,
    0.011164152405243256,
    0.003305198510648972,
    0.005489821964519055,
    0.010385640018485158,
    0.002951871590689722,
    0.0016962982223564897,
    0.006524547358949588,
    0.002991490179325514,
    0.005548134356837828,
    0.004024543819653592,
    0.0024134374761910988,
    0.004314606935093919,
    0.0033440726552828102,
    0.0074451385052806155,
    0.005266361428562621,
    0.0036443825712876407,
    0.003634921404897552,
    0.009444211880513425,
    0.022939305244898185,
    0.003807905043923524,
    0.0035359375130130746,
    0.0037917256177204214,
    0.004839312859548918,
    0.011770824773059895,
    0.0047287853404225375,
    0.006184525580167292,
    0.0036502815005488133,
    0.003912859959376754,
    0.004613761516926496,
    0.0028825840851594642,
    0.004029206948812198,
    0.0034720586963471675,
    0.004698520518076899,
    0.00456324711609072,
    0.003222064759435243,
    0.008409750024670756,
    0.0060174368340321464,
    0.004887477523028173,
    0.005176229942805596,
    0.0071292271262144045,
    0.012595763332631566,
    0.0017720229306305464,
    0.0025022585694535263,
    0.003776812082850093,
    0.017683941232707733,
    0.004127511327998225,
    0.004461600898713291,
    0.0018291518567779455,
    0.008430064018851808,
    0.004273820808545089,
    0.006387537420154237,
    0.005183403365551184,
    0.007385827771075014,
    0.0036787868863034836,
    0.0038744859910305666,
    0.00300524655404857,
    0.0017393067240831263,
    0.01720191603342212,
    0.0037128147201690234,
    0.009380291634587125,
    0.014021646595848099,
    0.045105534749911025,
    0.0038086340282313144,
    0.004542683753667354,
    0.003338985885971309,
    0.0021239837372049367,
    0.005751876496208718,
    0.012753660599620336,
    0.006467774927728208,
    0.005908856205991191,
    0.0047534811277000835,
    0.008688240987879105,
    0.004291431828074183,
    0.029105691837228533,
    0.045706269152547475,
    0.006741686999236974
  ],
  "cosine_matrix": 0.6110392734319375,
  "spearman_matrix": 0.18517036194623457,
  "js_divergence_matrix": 0.25052414097206643,
  "matrix_dispersion_js": 0.02312837174596432
}