{
  "semantic_entropy": 2.995732273553991,
  "cosine_vector": 0.08445358325412894,
  "spearman_vector": 0.10084611316763617,
  "js_divergence_vector": 0.601667473947578,
  "vector_dispersion_js": 0.11484667090696599,
  "vector_elements": [
    0.007180267005045217,
    0.01238798294825673,
    0.048999892609964874,
    0.018712045524861703,
    0.014884794070820653,
    0.010869233264310005,
    0.007773349999122302,
    0.007268949431204842,
    0.020829896669419666,
    0.011500762179238148,
    0.006667735761645011,
    0.006801218769513118,
    0.0038666456990870735,
    0.012797174412947136,
    0.003642152163341373,
    0.013169793555364906,
    0.007485399483086384,
    0.0031814055403825655,
    0.008786035490588356,
    0.020795856695007685,
    0.023471171730284447,
    0.00678606071289163,
    0.008557034260539107,
    0.005369432735677755,
    0.0030539177918659185,
    0.007757939408959597,
    0.005452679924323175,
    0.017901170767240526,
    0.007372264636505688,
    0.01572246846266494,
    0.006535461311102989,
    0.003791348421466389,
    0.023337486537731558,
    0.0034146228882266055,
    0.0038850353025879267,
    0.008397010716679662,
    0.016115760429145122,
    0.008504319205029788,
    0.028403684440562002,
    0.007221501261868253,
    0.006300545848936035,
    0.0066299507299309186,
    0.00592213912013362,
    0.0045646228587340005,
    0.01380146113951633,
    0.018749143331648115,
    0.0058161007127190655,
    0.011367991858926075,
    0.015135082188222774,
    0.008193291430426655,
    0.010833393690136854,
    0.0044072829637011104,
    0.045839538385109756,
    0.2989098995544127,
    0.008194892290968139,
    0.004944500895110775,
    0.008910863269899507,
    0.003292186891345548,
    0.010680774533481612,
    0.025089527041979653,
    0.02376584904609997
  ],
  "cosine_matrix": 0.6740165213571256,
  "spearman_matrix": -0.020128586935344705,
  "js_divergence_matrix": 0.10013566122254351,
  "matrix_dispersion_js": 0.09934606655657593
}