{
  "semantic_entropy": 2.995732273553991,
  "cosine_vector": 0.1559365060580814,
  "spearman_vector": -0.07049028677150786,
  "js_divergence_vector": 0.5358149030034576,
  "vector_dispersion_js": 0.0348809085586832,
  "vector_elements": [
    0.015155962465751181,
    0.016012125525154103,
    0.022425865670860502,
    0.061971115506999325,
    0.044633167296665534,
    0.030660859378129464,
    0.027952910520529152,
    0.014263998834541795,
    0.013342985206487806,
    0.03721041645391891,
    0.02400256820158705,
    0.011771661238535914,
    0.012199623975433803,
    0.00862357962201399,
    0.047369168965300856,
    0.008336286236597863,
    0.022490287936544066,
    0.012100948336924567,
    0.006463104436182944,
    0.013928675536159844,
    0.03406785023500882,
    0.03477291933757614,
    0.009587677839165726,
    0.009857262493450366,
    0.007094079495842415,
    0.062328837091200746,
    0.007784256052051265,
    0.01902717877034643,
    0.010930729418963517,
    0.006945700750603182,
    0.01228672997997343,
    0.018791668198755107,
    0.01912060908432902,
    0.010217758822111258,
    0.026463954936771224,
    0.01776166617422786,
    0.01978528276701426,
    0.024299540928322157,
    0.014970225986442098,
    0.015640803011436583,
    0.01571365206542006,
    0.01721943857492848,
    0.012248682654996757,
    0.03621559760409496,
    0.057494546017939144,
    0.02845804036471036
  ],
  "cosine_matrix": 0.5113941202793022,
  "spearman_matrix": 0.18670496778486453,
  "js_divergence_matrix": 0.3247646197442842,
  "matrix_dispersion_js": 0.01437745084228338
}