{
  "semantic_entropy": 2.995732273553991,
  "cosine_vector": 0.35483930873665326,
  "spearman_vector": -0.050598408294688244,
  "js_divergence_vector": 0.46056425294613,
  "vector_dispersion_js": 0.10887234281094038,
  "vector_elements": [
    0.009455579323533391,
    0.008949886172542316,
    0.012486835203292428,
    0.032009414400808484,
    0.007518930205925594,
    0.009334477863195124,
    0.006826932432828948,
    0.005567582504454152,
    0.005846347231667291,
    0.007676598015332107,
    0.007254488191526471,
    0.0038839977468862457,
    0.011434550316347722,
    0.023019279482584077,
    0.0036873992415991912,
    0.008517599089863069,
    0.019559616042839987,
    0.00801842191149926,
    0.0032737380048811922,
    0.007919689065991628,
    0.00319309761442053,
    0.0023495567516179836,
    0.00589109184701781,
    0.005167110571008193,
    0.005571611823494941,
    0.0028757038248003242,
    0.006556213623226615,
    0.0060112682832043855,
    0.009367650159118888,
    0.00774488451479153,
    0.003295478274769071,
    0.004636006332630569,
    0.0023180031663152844,
    0.0029114568202393996,
    0.005552697508336795,
    0.002237968585849451,
    0.0061756662174445535,
    0.0031360001400971673,
    0.0021113397480109057,
    0.005110783485399483,
    0.004296744504961911,
    0.00857897403000609,
    0.002548161344778625,
    0.009467703257207999,
    0.004823390488119225,
    0.008286263942320855,
    0.004694409411623168,
    0.00309648254758313,
    0.004325589043287376,
    0.002162794521643688,
    0.0027448649333348895,
    0.004569997456964544,
    0.0034171619139028364,
    0.007371873746348965,
    0.0028926408161965957,
    0.004366726513287061,
    0.0038579163963103455,
    0.0058044152805907835,
    0.0042424336341624035,
    0.008884658441524172,
    0.00847144989243054,
    0.002922625080396906,
    0.011213299519438266,
    0.018192392073726756,
    0.0038932371009577386,
    0.004108992949468624,
    0.0029652905516014123,
    0.006484676839831383,
    0.004884711126284946,
    0.018024203649990727,
    0.004742830955381053,
    0.005382746385582653,
    0.0028597363433821438,
    0.0029907541096451467,
    0.005276134686788486,
    0.004074233220633459,
    0.007393917338730329,
    0.003973304508232083,
    0.19239795251738406,
    0.004429313532079252,
    0.006217569807545492,
    0.006684657993653537,
    0.004814611962950112,
    0.009046604904890405,
    0.01564982946042298,
    0.003918092584787526,
    0.007740617071741996,
    0.0028084124515751286,
    0.00475321406474792,
    0.002871983785455305,
    0.007105540881616831,
    0.003913266210160659,
    0.007503773421156889,
    0.004118661070637398,
    0.007767472564870582,
    0.004775754165866254,
    0.0031060307533273836,
    0.008014611410328921,
    0.005884809879012539,
    0.0034707516007930193,
    0.029389187556031978,
    0.0031323302105689906,
    0.007486228155637554,
    0.009233122512533928,
    0.01029322736655911,
    0.012951371527564919,
    0.0040305112384532845,
    0.004222623677858075,
    0.004110659562634957,
    0.007114892595487094,
    0.010759783367241977,
    0.037672937779900724,
    0.01644745388579089,
    0.01341944817268261
  ],
  "cosine_matrix": 0.5238333949633011,
  "spearman_matrix": 0.09769382539734534,
  "js_divergence_matrix": 0.23331166011673357,
  "matrix_dispersion_js": 0.08597034295245361
}