{
  "semantic_entropy": 2.995732273553991,
  "cosine_vector": 0.34101973466827845,
  "spearman_vector": 0.18668394777265745,
  "js_divergence_vector": 0.4973314313557702,
  "vector_dispersion_js": 0.015571699277188156,
  "vector_elements": [
    0.03335688515994145,
    0.012996338444117303,
    0.040570915879261246,
    0.02637464804688167,
    0.016104215204663208,
    0.020392798250719386,
    0.016820062281395702,
    0.013706443007428059,
    0.01490692505034007,
    0.009939764173919407,
    0.020145563643828916,
    0.010081813880941164,
    0.01791011545065936,
    0.011099917910924031,
    0.006420314142447486,
    0.012970095661077803,
    0.010200497839293996,
    0.022914414218051057,
    0.010725485774199647,
    0.018716121683247128,
    0.008498583412899621,
    0.01943763477480857,
    0.010875004979655871,
    0.007738582083016133,
    0.006631376367019387,
    0.011464901767047363,
    0.012914617574574978,
    0.010968521688628318,
    0.008791864968116287,
    0.012589837736369264,
    0.009043577113234126,
    0.023347782181152316,
    0.016590120560812476,
    0.01596477462292969,
    0.006740115627706965,
    0.0061180645974085466,
    0.0066434357290800425,
    0.011964683137380515,
    0.009035353808166932,
    0.011084068524079737,
    0.05319974470195132,
    0.011159580902338097,
    0.006057375026758217,
    0.012473575377645754,
    0.00760048515297709,
    0.012742895970860606,
    0.009250943500463314,
    0.006444386456948617,
    0.016598092127534943,
    0.008524316273985364,
    0.027024857419452607,
    0.038531863086120846,
    0.00990459711030129,
    0.005234862429049908,
    0.012857078069811293,
    0.016603407455799458,
    0.008196795818514038,
    0.05519438521294157,
    0.02114613906622741,
    0.016016656806586052,
    0.009396062573860848,
    0.040131158466086635,
    0.022914504036359494
  ],
  "cosine_matrix": 0.40741099180138857,
  "spearman_matrix": -0.06246968227019161,
  "js_divergence_matrix": 0.4177112894575204,
  "matrix_dispersion_js": 0.07073964358971657
}