{
  "semantic_entropy": 2.8571028374420018,
  "cosine_vector": 0.08298190483491988,
  "spearman_vector": -0.06314502038439138,
  "js_divergence_vector": 0.6144340796882348,
  "vector_dispersion_js": 0.08179512907602238,
  "vector_elements": [
    0.02689467331741813,
    0.00825109399950034,
    0.013835395051979681,
    0.009514971664972036,
    0.0034462050239680523,
    0.006495303582454385,
    0.0049257923730178415,
    0.007110065810640575,
    0.0083617767327749,
    0.007769645562524984,
    0.011803325093776015,
    0.009377648156611124,
    0.01228101577541832,
    0.007454618224851524,
    0.005795283404224411,
    0.00576780381549554,
    0.006247720904875782,
    0.007065143275806852,
    0.03985549867735267,
    0.009084287954856518,
    0.01008376586800491,
    0.004486854972904516,
    0.00767659980367527,
    0.003948674840225031,
    0.0057973921931986595,
    0.003254954551245717,
    0.006243261051421728,
    0.007442552754275649,
    0.009459032807171015,
    0.0040385692702166595,
    0.007464239930489471,
    0.005231257839691742,
    0.005473303272830222,
    0.004123264975065058,
    0.00906656905580806,
    0.003762233311011238,
    0.006653581284102604,
    0.006554585686410544,
    0.0029311849901432104,
    0.007206363168991797,
    0.01605452920789539,
    0.007733447475593568,
    0.004494081313259805,
    0.004916148863740098,
    0.002653359242395666,
    0.005595396114936397,
    0.004566231980143662,
    0.00716581445982336,
    0.002714949807304131,
    0.006865619177644471,
    0.005676318645212332,
    0.0024525477104044534,
    0.006525534654711543,
    0.008351229407461705,
    0.004841884098766181,
    0.024917782122049877,
    0.005635634191972006,
    0.005115455597682519,
    0.004440042876822379,
    0.010288170537099175,
    0.015229081725721115,
    0.004076103189726548,
    0.004444989728434524,
    0.0023663238431432723,
    0.015515711096626994,
    0.003981042285878421,
    0.007225983334153763,
    0.004858311142191435,
    0.0069877647767585425,
    0.0052305477768286555,
    0.005667116179911523,
    0.0052774547098834125,
    0.007716795724323666,
    0.0028875161381476198,
    0.09278056639308248,
    0.004861963467500118,
    0.013688810854258288,
    0.004431770646441125,
    0.00902953880911772,
    0.011396684059505401,
    0.004386282395139926,
    0.009170191947895867,
    0.008700370753335362,
    0.0047452461176462485,
    0.016488985079059104,
    0.009636992281460385,
    0.014909916915947749,
    0.006315518407595251,
    0.04128842214056268,
    0.005563688150652194,
    0.011861061102016733,
    0.005694429816096379,
    0.007638283496222191,
    0.00898212216077129,
    0.07068082554678921,
    0.006671474682221984,
    0.02155098760881279,
    0.006838609309664867,
    0.01118667397643743,
    0.0150885843275115,
    0.011707570388204882
  ],
  "cosine_matrix": 0.6456755865007275,
  "spearman_matrix": 0.04513686662783926,
  "js_divergence_matrix": 0.1928670034991283,
  "matrix_dispersion_js": 0.09259307109689457
}