{
  "semantic_entropy": 2.7184734013300127,
  "cosine_vector": 0.3216646411432721,
  "spearman_vector": 0.2905294499370157,
  "js_divergence_vector": 0.40700033551399706,
  "vector_dispersion_js": 0.20558186166107362,
  "vector_elements": [
    0.03726384174123147,
    0.009337000406350703,
    0.01626941995646074,
    0.036013225643935866,
    0.01378234995111284,
    0.013002315653899617,
    0.03334189524786534,
    0.01033497615012788,
    0.0039350989251183315,
    0.00824354046572276,
    0.00535865728120883,
    0.006973000233898944,
    0.0060745492717915114,
    0.0029153303404098356,
    0.0021961959241547676,
    0.0059865489737962055,
    0.005688405805057017,
    0.009583916907630205,
    0.002501760425282715,
    0.006219952449394335,
    0.0022283095452760365,
    0.17030043174477028,
    0.0050187067580857985,
    0.009884313708618492,
    0.007349081084725751,
    0.00194507568712495,
    0.0036536195677296236,
    0.0017081807973560888,
    0.09563404889400592,
    0.0032084994350796104,
    0.01172399031091085,
    0.0035202557095510827,
    0.005010072442307748,
    0.0034652064644031845,
    0.003888792501992083,
    0.0021179555071089646,
    0.0021179555071089646,
    0.005981828640536493,
    0.00474478101374422,
    0.004362247284751434,
    0.014010417325053162,
    0.003366252185537396,
    0.0024967497672277283,
    0.0029564444230298116,
    0.011699971374145614,
    0.00265837343443972,
    0.00434998085633108,
    0.0019468206698849706,
    0.0034822127497635756,
    0.0031993171783756503,
    0.0022507973350672952,
    0.03643957257544612,
    0.002181614455333205,
    0.18157049521080956,
    0.0023891870263334078,
    0.011071477095305721,
    0.004411491276825729,
    0.007185839449254612,
    0.008472398290527873,
    0.05295793378436945,
    0.002652861694502809,
    0.004333974206136735,
    0.0021669871030683676,
    0.0033905373928409567,
    0.005164988123920189,
    0.01004899828135602,
    0.022532544617113872,
    0.007726427758361798
  ],
  "cosine_matrix": 0.5161597484659851,
  "spearman_matrix": 0.042236656266386466,
  "js_divergence_matrix": 0.3369000895687271,
  "matrix_dispersion_js": 0.20971869344858546
}