{
  "semantic_entropy": 2.995732273553991,
  "cosine_vector": 0.09746959962220163,
  "spearman_vector": 0.16842105263157897,
  "js_divergence_vector": 0.6275248952722232,
  "vector_dispersion_js": 0.13045404261576454,
  "vector_elements": [
    0.021634051416950545,
    0.007443886746435513,
    0.008800054028316389,
    0.03388306124381338,
    0.012214842074101938,
    0.007128817489202467,
    0.009118952140405454,
    0.016666853155522677,
    0.0059669663360706025,
    0.006527046814534711,
    0.01196782627552326,
    0.005647003711865031,
    0.005083671559865445,
    0.01038023384119933,
    0.007344954099195946,
    0.004473925187374827,
    0.008788995048051635,
    0.008461593180847903,
    0.0032074628022970607,
    0.006199403164803571,
    0.011521223203110702,
    0.0033356085897535835,
    0.003922730106615304,
    0.008208258841919449,
    0.0031564822865580975,
    0.006373874774871678,
    0.005549824414913783,
    0.005664764939672606,
    0.009437869600893604,
    0.005353158110283514,
    0.005193415784591817,
    0.003613449764021642,
    0.011197518862109596,
    0.004624170357304586,
    0.009139344059114665,
    0.009052539908935871,
    0.0028743764581278712,
    0.007731275952005308,
    0.004605793728029852,
    0.013052019810145369,
    0.013225627667572072,
    0.004339889856536049,
    0.0038966824428058465,
    0.0026548761691724066,
    0.009794873432871835,
    0.004660129765200234,
    0.013651283361355243,
    0.006665175026612792,
    0.01006714441800223,
    0.0076227090237628746,
    0.0029610524528508103,
    0.0060691266953912405,
    0.00829748594361889,
    0.009296343752952338,
    0.003725148246653991,
    0.005784906675151119,
    0.004064768763629029,
    0.0023963514664972476,
    0.0067614105225121904,
    0.002839962998973651,
    0.025915043913369837,
    0.004116342189420136,
    0.005898283008578274,
    0.0055634638161859915,
    0.002102283430251915,
    0.004765656446090083,
    0.018503869625424826,
    0.005396204358348988,
    0.039770090393320336,
    0.00407772353605596,
    0.003657528123759432,
    0.004244070037458696,
    0.004338260082745778,
    0.0047541341560169235,
    0.00571320795327458,
    0.0030482573656189157,
    0.007347041803615246,
    0.017137518305119143,
    0.003479073781470108,
    0.004925017248438326,
    0.202034046203911,
    0.00495920609840684,
    0.022709944155582428,
    0.004651528058816668,
    0.059052068996253315,
    0.0038385491259778455,
    0.0066243678763230575,
    0.004492915214908117,
    0.0049466044888577185,
    0.0026220773902193278,
    0.0061737713144393415,
    0.005143097050582717,
    0.007222434314788367,
    0.010963503447765097,
    0.006088639913525134,
    0.010401928223600828
  ],
  "cosine_matrix": 0.5786494630788876,
  "spearman_matrix": -0.06215448414851563,
  "js_divergence_matrix": 0.08991118804009603,
  "matrix_dispersion_js": 0.13990902489978718
}