{
  "semantic_entropy": 2.995732273553991,
  "cosine_vector": 0.1274060363980368,
  "spearman_vector": 0.21416416821975529,
  "js_divergence_vector": 0.4624455497073181,
  "vector_dispersion_js": 0.020969261162551156,
  "vector_elements": [
    0.013889433964177685,
    0.014232229199874056,
    0.022210590513465696,
    0.045253672802852744,
    0.014930278177153089,
    0.01741653326630311,
    0.018738835152448372,
    0.013891153375378253,
    0.006933880418913503,
    0.016439515603471705,
    0.006561738358034483,
    0.012635198794830499,
    0.006879435041562334,
    0.006038598744159349,
    0.017880050080354745,
    0.01195836298941222,
    0.005910032899300328,
    0.008110588587490489,
    0.015513152735659938,
    0.01472764104296241,
    0.006573363633565749,
    0.00894278137216038,
    0.0054128895394094,
    0.006394153141269442,
    0.008361501040797317,
    0.0058240977878284824,
    0.01325268809706824,
    0.010111424053373392,
    0.007279885783523377,
    0.008249497422690964,
    0.015277217566365598,
    0.010595341030986674,
    0.016373358947016164,
    0.015413538597345998,
    0.018623075243967984,
    0.060618334033244535,
    0.0074355775151186436,
    0.009391524595458417,
    0.01553562923258071,
    0.018461543488577405,
    0.4220888863866631,
    0.019632769743183034
  ],
  "cosine_matrix": 0.12616379306983722,
  "spearman_matrix": 0.07694878859087595,
  "js_divergence_matrix": 0.5476000987260728,
  "matrix_dispersion_js": 0.1518693103444017
}