{
  "semantic_entropy": 2.995732273553991,
  "cosine_vector": 0.31557849621825135,
  "spearman_vector": 0.15917818740399386,
  "js_divergence_vector": 0.4778762087306956,
  "vector_dispersion_js": 0.03870198900255595,
  "vector_elements": [
    0.03168316147725747,
    0.010631301708652065,
    0.050463996879103724,
    0.02518888713475556,
    0.012845243036525138,
    0.021368691336839933,
    0.014536389901006539,
    0.01096335700794462,
    0.014773111936297885,
    0.009632187481551339,
    0.021345998844012247,
    0.00935031818022133,
    0.017760057309851102,
    0.00922416232825848,
    0.0053330065435719855,
    0.010960738746090172,
    0.008592840944330818,
    0.01933365284563717,
    0.009201473373208594,
    0.018086793113397694,
    0.006810664566673965,
    0.01954538919547117,
    0.009774491717437363,
    0.0066379259614094115,
    0.00596646076337184,
    0.010401148170802375,
    0.012622197701935416,
    0.010084041689908153,
    0.007625667277596305,
    0.011710636717246791,
    0.008700309439630655,
    0.026878781721590268,
    0.01936609957015884,
    0.016543987730534695,
    0.00600718621642608,
    0.005651795322110113,
    0.006489191575197246,
    0.01121587220405681,
    0.008913644913116612,
    0.010354101810030995,
    0.04903206006446201,
    0.010366156666611432,
    0.005567855839714677,
    0.013803546144845916,
    0.008348081205051832,
    0.015294623459026952,
    0.009537276669340072,
    0.006581503072210255,
    0.0162127724066399,
    0.008394831375486224,
    0.022871061361538166,
    0.030523552253505414,
    0.009203332721130041,
    0.00469675409248394,
    0.014449400549047017,
    0.019247968015321484,
    0.008881252477163561,
    0.07092314789659038,
    0.022111256715717648,
    0.015709661645434272,
    0.010382843582226898,
    0.05732709511491298,
    0.017959002278320042
  ],
  "cosine_matrix": 0.5575653269425676,
  "spearman_matrix": 0.05047953838276419,
  "js_divergence_matrix": 0.31871221979495123,
  "matrix_dispersion_js": 0.05131564087162477
}