{
  "semantic_entropy": 2.5536815580297962,
  "cosine_vector": 0.13268990165487723,
  "spearman_vector": -0.17130107461599176,
  "js_divergence_vector": 0.5202926691648155,
  "vector_dispersion_js": 0.15246968075450962,
  "vector_elements": [
    0.03060584180866553,
    0.00689610962851367,
    0.0063456713726572295,
    0.010817045537007085,
    0.0062519271631290094,
    0.006326463019743233,
    0.006123399454153798,
    0.004272016522253892,
    0.001699859324660968,
    0.010264790211249196,
    0.00433423235439451,
    0.0011629744577971893,
    0.007653061712652625,
    0.00397005215255505,
    0.0027361409293308386,
    0.0034740295726480683,
    0.002483148207414649,
    0.002396083838402098,
    0.0012191965566254869,
    0.002861215798100994,
    0.0010669615223460281,
    0.0009558805478438075,
    0.0030420232825831253,
    0.002138716458728521,
    0.0009490351517958278,
    0.0011392230696466038,
    0.002209461476003211,
    0.0017914000578637967,
    0.0035037723041099803,
    0.0027952064423816185,
    0.0012093942462432854,
    0.0016307555097173777,
    0.0008153777548586888,
    0.0010773740021649673,
    0.004085274232594155,
    0.003101924065860617,
    0.0009668782794910788,
    0.0016179906813872111,
    0.0015739972319374447,
    0.005282550760062688,
    0.0015793195374955535,
    0.0022473943085443045,
    0.0016247188790578465,
    0.002571439603058301,
    0.0013305518794858183,
    0.0009350643737226464,
    0.0013951206135274204,
    0.0023396418837885085,
    0.003179039212470726,
    0.001131030330274231,
    0.00238030646196932,
    0.0009559726444194494,
    0.0024805646012720723,
    0.001816063401608875,
    0.0017497305005617272,
    0.0013121671400421549,
    0.0038791913011218975,
    0.0013073863924849805,
    0.0017301463408109583,
    0.0009801097120332352,
    0.0018851450126994489,
    0.0016937190449499056,
    0.0012708247214694628,
    0.0024693766531945485,
    0.002225660930455109,
    0.0031912198886419317,
    0.0018886500988324055,
    0.001864309362866224,
    0.008841023108496977,
    0.001653268691914552,
    0.0020693813271756584,
    0.0016512477042764841,
    0.0050627900495863075,
    0.0011833752012985147,
    0.00629807901567538,
    0.0011889398420181637,
    0.0013645358537611753,
    0.000662159454060163,
    0.0017535902841971966,
    0.0031168033023767413,
    0.0011501877635973316,
    0.0026091339488739525,
    0.0033003236208944144,
    0.0010914937491753817,
    0.14127488878082683,
    0.0015290881112370014,
    0.10560261569286737,
    0.0014227489824934806,
    0.001815632044509384,
    0.001551111882545002,
    0.001974890852907505,
    0.0036699915404104174,
    0.0026207863885740765,
    0.004700356753836971,
    0.0036840062804321875,
    0.001980238187550877,
    0.005185970604603975,
    0.004704378395035302,
    0.004522599329876367,
    0.004092990089268348,
    0.004887519593338807,
    0.008213328038357233,
    0.019743727063394213,
    0.005989865262846849,
    0.005602994712245159,
    0.009462112353856503,
    0.00485216043964553,
    0.003331098131568954,
    0.0065619804409030764,
    0.00523661991123208,
    0.0016244249074890056,
    0.002845663631103555,
    0.0018979402619587358,
    0.0055992933687173275,
    0.002669461699763601,
    0.003955885815206963,
    0.0026232765041469125,
    0.0018069325481470265,
    0.006850999860506659,
    0.003484140322102676,
    0.004456647850477191,
    0.003887708146796893,
    0.0011748945535770053,
    0.003751986184195957,
    0.007516542485899937,
    0.028081328987578688,
    0.0023214806725292913,
    0.005748126748909944,
    0.001953797711234218,
    0.006953561330804229,
    0.0037202869057502536,
    0.006782976668669202,
    0.0031948265321658747,
    0.006746932825747463,
    0.0012433127485848715,
    0.0034343667349302446,
    0.0028972917469452402,
    0.016967115667485412,
    0.002463302759937599,
    0.0033536173140751814,
    0.0014048043524457726,
    0.003036266446818488,
    0.0012130203204179773,
    0.0009337676210375801,
    0.002372574484582079,
    0.002012884488342206,
    0.006050387235278015,
    0.0012414661333554763,
    0.004645988262566737,
    0.0023064261118805308,
    0.003174110160417399,
    0.0029953129071825196,
    0.001282193393726267,
    0.001958358752866606,
    0.000979179376433303,
    0.001271001764342388,
    0.0020413882653486253,
    0.0013159137056570184,
    0.0045721668337933155,
    0.0019349831029312897,
    0.00685981290184469,
    0.001983353590901566,
    0.0020701681348735,
    0.002112087348885835,
    0.001735492102362588,
    0.009710553446910611,
    0.004788454081295566,
    0.023144554957220627,
    0.03494818127460804,
    0.0029191119685646944,
    0.0033825329581305425,
    0.0021132098473736457,
    0.003795573654538324,
    0.005102212001953866,
    0.02501905764645861,
    0.0021954361284270553,
    0.0021363841591026875,
    0.005302876121751471,
    0.011317109959366193,
    0.019928374235782517,
    0.009214791952610404
  ],
  "cosine_matrix": 0.6102161243801727,
  "spearman_matrix": 0.13255921065027562,
  "js_divergence_matrix": 0.25279329330172223,
  "matrix_dispersion_js": 0.05875539415960519
}