{
  "semantic_entropy": 2.8309404302537744,
  "cosine_vector": 0.033976757425902386,
  "spearman_vector": -0.028903807045548974,
  "js_divergence_vector": 0.6609684689051605,
  "vector_dispersion_js": 0.16776334223436074,
  "vector_elements": [
    0.008144176823518035,
    0.008368044326662955,
    0.01429852986381446,
    0.006188479486513692,
    0.010271015584207326,
    0.0067092647450634315,
    0.01026536277201733,
    0.0105724573949308,
    0.00847964198229493,
    0.0029365646399388775,
    0.006480023331462567,
    0.003531989616775202,
    0.0019083714366505459,
    0.0030868085440869985,
    0.002313973587113506,
    0.0018184427781086805,
    0.004438086681818644,
    0.0025786594957680777,
    0.003178543550824902,
    0.011265555839501291,
    0.0036557513424149094,
    0.006641378811366165,
    0.0032557474207481284,
    0.0060404989336051524,
    0.0034035741082494315,
    0.0027994889511914318,
    0.007054074818169955,
    0.0019541814000696702,
    0.005403782914876982,
    0.0072087208853982895,
    0.0019843736843577807,
    0.002425580432881886,
    0.0032357553000575212,
    0.0019901100200119745,
    0.001672070326090605,
    0.002055999010292239,
    0.003769820183973611,
    0.0020500199627879337,
    0.001586161723882602,
    0.006250968098750492,
    0.004671891350406325,
    0.0038966208878065908,
    0.0033603372635744905,
    0.002019438933997878,
    0.005933127869867558,
    0.0022362890309128368,
    0.0034656150295095155,
    0.004465099810882521,
    0.00333233363985297,
    0.003160094246492116,
    0.003822918565551279,
    0.0018234146496860467,
    0.0017862001090227654,
    0.003988900246026994,
    0.001639464442411209,
    0.0013184354909289318,
    0.001539448578508769,
    0.003254480603513921,
    0.0015402171123514133,
    0.0013752572821079246,
    0.00750950289969011,
    0.004507925329436333,
    0.0029442602514365983,
    0.0035510132193522018,
    0.002315412431020711,
    0.005663791959425085,
    0.002653713332952598,
    0.002655056831350388,
    0.004549746307701067,
    0.002083663058686978,
    0.003430091440144783,
    0.003586746344918227,
    0.0021439485834802005,
    0.0016071911690833495,
    0.195815282460422,
    0.0015787842074524692,
    0.001429219889694674,
    0.0018756457776039834,
    0.0033065097972065152,
    0.0017398247495394098,
    0.0014083370905482028,
    0.003757777889909975,
    0.005313244506984343,
    0.0028609041158601687,
    0.0033148484089487425,
    0.002353517996843696,
    0.0054389939972898935,
    0.002224339013619829,
    0.002604605751279065,
    0.0037128098091002734,
    0.006055051968610139,
    0.0033666235132119968,
    0.003565138127776293,
    0.0016576316196262703,
    0.0014902751903495112,
    0.011683401603266256,
    0.001542691494508881,
    0.0013033580796559673,
    0.0016390346277133365,
    0.006759511696495519,
    0.0015057672156461594,
    0.0013399836680505922,
    0.0049880309778092555,
    0.02112993993136961,
    0.0030279887491788775,
    0.0036295084628276816,
    0.002829665597446196,
    0.005386442176563353,
    0.0024593267438790273,
    0.002577400500458408,
    0.004408313061077735,
    0.13994095509243662,
    0.0033834248875872458,
    0.0034577757142111617,
    0.0018555100551015588,
    0.0016346741341920982,
    0.008161241374858444,
    0.0015084591064245504,
    0.0014544602168579598,
    0.001707473606195482,
    0.008481341984760596,
    0.0016364988368343149,
    0.001518831009662834,
    0.004313617173648402,
    0.016379931014035107,
    0.0035626949220586503,
    0.01545584392943987,
    0.028331461782309168,
    0.0067207764343506626,
    0.030398594976503213,
    0.008084938634576683,
    0.007046774369313724,
    0.006366845185703955,
    0.0023771699256493637,
    0.004553540407551479,
    0.0023804477540479195,
    0.006677681338601838,
    0.004871474514713916,
    0.018758182606162042,
    0.018795949432047137
  ],
  "cosine_matrix": 0.41475667805392274,
  "spearman_matrix": -0.11999883375973994,
  "js_divergence_matrix": 0.20261529859702224,
  "matrix_dispersion_js": 0.14416699899801907
}