{
  "semantic_entropy": 2.9264175554979963,
  "cosine_vector": 0.10343489356684678,
  "spearman_vector": 0.26602382302892796,
  "js_divergence_vector": 0.5583047295872985,
  "vector_dispersion_js": 0.022631737708792787,
  "vector_elements": [
    0.013334934345892396,
    0.013654604968662255,
    0.021111401672523337,
    0.04368461114831403,
    0.013171232860007433,
    0.016126906786955632,
    0.017125309211720962,
    0.012742347277821234,
    0.006136138034917135,
    0.015172942046946811,
    0.005804834683889505,
    0.011768845468228338,
    0.006235157922633764,
    0.005222364960119376,
    0.01690320823864395,
    0.010934201598707194,
    0.005208136812222022,
    0.007045573540125953,
    0.014190492262738129,
    0.01328568293604005,
    0.005924089646710287,
    0.008293847811369976,
    0.004752278063789663,
    0.00563480899927578,
    0.007495159610716924,
    0.005068799631622045,
    0.012288479074126727,
    0.00923589395748004,
    0.006562132906620495,
    0.0074506369244562685,
    0.014229835293733003,
    0.009661721567457118,
    0.015580167152232007,
    0.014347298328955852,
    0.017752187263945514,
    0.06270791647839145,
    0.006712031596330264,
    0.008465365318238497,
    0.014420051497251715,
    0.018052276004743004,
    0.4583982839151883,
    0.018107812180255582
  ],
  "cosine_matrix": 0.10866017371345926,
  "spearman_matrix": 0.11209248305107637,
  "js_divergence_matrix": 0.5559052827681518,
  "matrix_dispersion_js": 0.06661747997289824
}