{
  "semantic_entropy": 2.995732273553991,
  "cosine_vector": 0.39291531329533363,
  "spearman_vector": 0.1547700754975978,
  "js_divergence_vector": 0.392492313480147,
  "vector_dispersion_js": 0.07403734488587421,
  "vector_elements": [
    0.011700703203764063,
    0.01081228886478319,
    0.0116435460882349,
    0.08184494535489582,
    0.020477666212771337,
    0.012824064478779233,
    0.012358741521458388,
    0.009108986285254153,
    0.006169776073030204,
    0.010535024063445345,
    0.009375527877125688,
    0.003629099821052347,
    0.01145579774455001,
    0.006135100479226076,
    0.0170711741150785,
    0.035441830023441055,
    0.004206270924522907,
    0.011213651489195594,
    0.010033138578273171,
    0.009792622226629966,
    0.004441040085573791,
    0.008984992558642931,
    0.00399473431357247,
    0.0032051369062466397,
    0.009114284512675553,
    0.007429721673764157,
    0.011305430682957775,
    0.00695094134121384,
    0.0039544686568744975,
    0.009474956246525805,
    0.007481358394272229,
    0.0036613812141045032,
    0.005308878495716265,
    0.008630001919124212,
    0.008106098278756768,
    0.003917174231514901,
    0.01279992515511168,
    0.006722673096386841,
    0.0035674217268309824,
    0.011339984377324308,
    0.004466025826127903,
    0.003000576130607329,
    0.007838954762135749,
    0.005874966478907795,
    0.02113329152695909,
    0.006967794587325156,
    0.00786371067647165,
    0.006723001721583397,
    0.006118200117128233,
    0.008263387828551334,
    0.00885039918966019,
    0.007501987833067604,
    0.02330982532035876,
    0.005591950869963981,
    0.0031230328842694836,
    0.005348924922301579,
    0.02010145332853088,
    0.004260407739676026,
    0.005884382219526723,
    0.0031037547059852,
    0.005678706673224076,
    0.003915152044271186,
    0.03689962124500211,
    0.0038161138562465093,
    0.005585594103196274,
    0.004232283268232241,
    0.039429158981836104,
    0.0071029120585194404,
    0.0047265953396284695,
    0.02794826972193495,
    0.0037596647508443097,
    0.008887742862090424,
    0.007496340783553884,
    0.010600843852918103,
    0.009654685684223372,
    0.004827342842111686,
    0.005876085413779463,
    0.009147749449519777,
    0.004263876944635978,
    0.006663732615402425,
    0.003992344974921034,
    0.03354649102336865,
    0.009523907773425573,
    0.0037889530757048676,
    0.01765471339932556,
    0.017602832427683446,
    0.005791048525222274,
    0.006836796837158162,
    0.006760541071136341,
    0.012042728518384681,
    0.013099601942034396,
    0.03138698071614103,
    0.015913999262483054
  ],
  "cosine_matrix": 0.40805952012343555,
  "spearman_matrix": 0.07344916113245432,
  "js_divergence_matrix": 0.4037284507512369,
  "matrix_dispersion_js": 0.09564315822819519
}