{
  "semantic_entropy": 2.995732273553991,
  "cosine_vector": 0.06760041020904688,
  "spearman_vector": 0.09520294338207724,
  "js_divergence_vector": 0.5617897031793677,
  "vector_dispersion_js": 0.01676824019758838,
  "vector_elements": [
    0.009324311407356097,
    0.005521273468816948,
    0.0061239181014754885,
    0.01005351229492315,
    0.020986092076628788,
    0.010832114882625223,
    0.0050685315765864785,
    0.0064769985424638615,
    0.007130189085405977,
    0.004460811755228311,
    0.0032881777187692756,
    0.009019045488524698,
    0.0027036745554458327,
    0.0023829982964209354,
    0.006090015747730529,
    0.005652801691704745,
    0.004904874706654296,
    0.009073342455031292,
    0.003662152935380431,
    0.003662152935380431,
    0.027151667700955343,
    0.007988209280199306,
    0.007074671311872831,
    0.007576514171404558,
    0.0034001509100329255,
    0.003729100210476539,
    0.0027877281396448774,
    0.002168605028601199,
    0.003673052993056884,
    0.0030049958563690337,
    0.009667047827059806,
    0.0038246028758620737,
    0.004141036244745433,
    0.0035387983664125176,
    0.006912184973065398,
    0.004009614325354422,
    0.0026951395748139543,
    0.00257915888410441,
    0.0016483075256241103,
    0.007092233106357306,
    0.011423773156151807,
    0.008358620955251394,
    0.0031992143171424453,
    0.009642768636726718,
    0.25457223833780335,
    0.004393040801599366,
    0.004121510736788492,
    0.0038117718351515025,
    0.005062052509430384,
    0.0018901071487312177,
    0.003529750206622715,
    0.0035931535535952655,
    0.0042343515172623015,
    0.0035898060541682112,
    0.00313273572149499,
    0.003042132529838311,
    0.00292824516930452,
    0.0027238734194652125,
    0.0016615189928183335,
    0.008403576868635888,
    0.002590548539367743,
    0.00457235613752517,
    0.010027350478093186,
    0.05899656119237192,
    0.002863386693909789,
    0.0030593218273259233,
    0.0025075576921229662,
    0.0017247412592456054,
    0.005843069060026977,
    0.010115700690332447,
    0.004447692136594347,
    0.004934035545922401,
    0.005573473482094246,
    0.01410203609538327,
    0.00552672198866038,
    0.004440371799636944,
    0.004365696735367242,
    0.00647435939581291,
    0.01777124574654104,
    0.004687378169893312,
    0.004827133898849882,
    0.005773881343638127,
    0.0046384082210669956,
    0.0045072722243366305,
    0.0037282979858288628,
    0.0038885185550827017,
    0.0022001382632159216,
    0.004007001532903181,
    0.002258398038031968,
    0.0019338441604774747,
    0.0034962773754762654,
    0.0033922380178312947,
    0.005600545284016906,
    0.002209111116068081,
    0.0033711010215699737,
    0.003083032974386966,
    0.0057411474825514175,
    0.0026043875189083604,
    0.005001185345391317,
    0.004605605599790087,
    0.0021870221143007276,
    0.00310295119407746,
    0.0018352330523801334,
    0.002697542959061272,
    0.0028961235647988713,
    0.002447216666593687,
    0.0038592740799008544,
    0.0033102600086167013,
    0.0036684442308638605,
    0.004418324667843402,
    0.0036516497598678534,
    0.007852417044376801,
    0.0032780497310163827,
    0.003413849277048273,
    0.0029051250792743386,
    0.006698199115743075,
    0.006097346983368639,
    0.00356591316195308,
    0.0042046756710616105,
    0.005648572426736751,
    0.032250100488683285,
    0.0037838824384230194,
    0.0029945290071376317,
    0.004810163978570139,
    0.007656049866728391,
    0.01783819060989412,
    0.007043710699481312
  ],
  "cosine_matrix": 0.25470614190904567,
  "spearman_matrix": -0.059164188585469374,
  "js_divergence_matrix": 0.33804327818071633,
  "matrix_dispersion_js": 0.15681243685566673
}