{
  "semantic_entropy": 2.995732273553991,
  "cosine_vector": 0.09405544192869912,
  "spearman_vector": -0.017424401813208885,
  "js_divergence_vector": 0.5918848103037049,
  "vector_dispersion_js": 0.13257589048055962,
  "vector_elements": [
    0.015550959734383423,
    0.008958275602549932,
    0.026672427241789868,
    0.003851544479004758,
    0.008335829123772166,
    0.00837136402776082,
    0.007062309841996698,
    0.004261310625145837,
    0.003976456699408305,
    0.008869458053130804,
    0.018376229620876414,
    0.007286016825873799,
    0.016813268294192885,
    0.0053184415916135526,
    0.0048258042658180286,
    0.18872043972648603,
    0.004368276502602201,
    0.004743247592841726,
    0.001560489091015801,
    0.003145049089498386,
    0.002605589864228745,
    0.0012840201078250385,
    0.0025215481743997106,
    0.0046100675010131015,
    0.005807393739261989,
    0.003884698845002791,
    0.0018281374703450564,
    0.004169432563103095,
    0.004587179926842875,
    0.009261844163316156,
    0.0013494946295115853,
    0.00160363812933399,
    0.0037084552223859324,
    0.011574863227688572,
    0.0017709967348713662,
    0.0029571728394699125,
    0.0009030647911295236,
    0.0010178547861447774,
    0.019030347042386233,
    0.013591681070644953,
    0.002053876442458711,
    0.009335539382057945,
    0.0011393575071673332,
    0.0896715441883627,
    0.0034804418521269982,
    0.013647602574805335,
    0.0023534505373811947,
    0.010529318325161428,
    0.001754680703610312,
    0.016340869994498713,
    0.0037810242965255025,
    0.002588176473838047,
    0.003928698444220744,
    0.00518434659289191,
    0.01888054784472577,
    0.004499026326355772,
    0.00886286064090807,
    0.021763413217368684,
    0.005328512390404298,
    0.001685598277677128,
    0.0034799128138298164,
    0.00390371276344802,
    0.0036409407818723373,
    0.0033754354784768315,
    0.009078197784809406,
    0.00306681692883241,
    0.01055264666039062,
    0.0041790200448569076,
    0.002733975950697464,
    0.006690926704760678,
    0.0023211802913382057,
    0.012909459961919887,
    0.006664430448861455,
    0.002795880863575511,
    0.014698509628837161,
    0.002572601318968661,
    0.008153025844870463,
    0.0016646544261924715,
    0.03291008543576549,
    0.0022118724011991504,
    0.0155483998161864,
    0.007167938832861233,
    0.003085775986563846,
    0.004079753901327591,
    0.05646768598833759,
    0.0102155802708477,
    0.002301957281955735,
    0.008465321564236001,
    0.0016993173143409939,
    0.011969516889201507,
    0.0021622610359500094,
    0.009534291408211399,
    0.004476145191427079,
    0.013977112117096515,
    0.005655698679289085,
    0.00556285337263849,
    0.004668963685578685,
    0.019414575259233888
  ],
  "cosine_matrix": 0.6134926131648658,
  "spearman_matrix": 0.40115300879101606,
  "js_divergence_matrix": 0.23617207759428596,
  "matrix_dispersion_js": 0.010470921271186711
}