{
  "semantic_entropy": 2.995732273553991,
  "cosine_vector": 0.13603426209773806,
  "spearman_vector": 0.07021161150298427,
  "js_divergence_vector": 0.5296414897631254,
  "vector_dispersion_js": 0.10759154732555487,
  "vector_elements": [
    0.03533693435349058,
    0.009892038259778201,
    0.013641432173929855,
    0.03748497096069576,
    0.013157862180729571,
    0.01050812583986796,
    0.007804616286534697,
    0.012702820908956438,
    0.0050423031780607395,
    0.005579998610967298,
    0.008616593191394092,
    0.005215089086476658,
    0.004426256634714089,
    0.00841368865963223,
    0.005872019394722105,
    0.003829051656789194,
    0.007325893799632907,
    0.009971517839063361,
    0.0034441660354610445,
    0.007011172043217994,
    0.011638816991909332,
    0.0032488195712958327,
    0.0037073199681287978,
    0.006711226984654116,
    0.002381150716389968,
    0.005224782299180902,
    0.004577097513216558,
    0.005392439283295127,
    0.010045943926096802,
    0.005620530456120813,
    0.005375384885868499,
    0.003886340511365475,
    0.010231847325326516,
    0.003765805067145677,
    0.007854675341347334,
    0.008518419249817458,
    0.003330110830156948,
    0.010269309894640357,
    0.008087046462526563,
    0.022898292126860766,
    0.016569342259719403,
    0.004213421508599787,
    0.003819504396876411,
    0.002579792044870763,
    0.008655064644187893,
    0.003858249664047934,
    0.011583514204828154,
    0.006326097700011722,
    0.009876685555753672,
    0.008439852037446672,
    0.004022772747613235,
    0.007901624214923107,
    0.016238967644298854,
    0.020499458595719184,
    0.0037800132486998403,
    0.005820807410189269,
    0.0038460371326449385,
    0.002183727690156466,
    0.006121933453291728,
    0.0024748751448406213,
    0.019221920909820295,
    0.003703902035419643,
    0.005266551940541506,
    0.005435989098566566,
    0.0022306474676447954,
    0.0052835165296555705,
    0.018109926926139046,
    0.005194282456389363,
    0.030697794862717235,
    0.003969893305521581,
    0.0035576186333892133,
    0.004042994112594161,
    0.003852055948199535,
    0.004187220962454486,
    0.005094397502223455,
    0.0029353604794374534,
    0.007161118164302687,
    0.015908360784019967,
    0.003544547907106783,
    0.005034623709100455,
    0.17729534202047023,
    0.005409818714117138,
    0.020899200468481594,
    0.004692301461966455,
    0.055984487205736615,
    0.003810483447569706,
    0.009463251351030988,
    0.0048686413448008736,
    0.005202082661787818,
    0.0027650588954984063,
    0.006558855622152539,
    0.004878821082410782,
    0.006690399598363042,
    0.011310615165955351,
    0.006411154608043657,
    0.012473110818192672
  ],
  "cosine_matrix": 0.7507957435564943,
  "spearman_matrix": 0.5586643849910264,
  "js_divergence_matrix": 0.16172708351037368,
  "matrix_dispersion_js": 0.007206538474341497
}