{
  "semantic_entropy": 2.995732273553991,
  "cosine_vector": 0.05763588541258242,
  "spearman_vector": -0.20778960414084713,
  "js_divergence_vector": 0.6677061816623198,
  "vector_dispersion_js": 0.05280604668319899,
  "vector_elements": [
    0.017986680659683903,
    0.03632195618544782,
    0.007352715877228521,
    0.009647302610140246,
    0.008353216468127247,
    0.004769224916109791,
    0.003986711750956454,
    0.006483071855448191,
    0.004318991163321348,
    0.0035149507793258866,
    0.00956713996253405,
    0.0055668749664023074,
    0.0037059653319085777,
    0.010432920596948852,
    0.007553794902212519,
    0.002542254858240114,
    0.004920970405858545,
    0.006069539397402449,
    0.010950107265296067,
    0.0032274357777069547,
    0.009758994714825827,
    0.005776090536552985,
    0.014237139371686896,
    0.004763052031662336,
    0.011503879190112785,
    0.0021374998689584262,
    0.016761897173579236,
    0.006497520427930177,
    0.008947106351567376,
    0.003600352372302214,
    0.011795586913963504,
    0.001865935690943335,
    0.017205080416411743,
    0.00429034818934814,
    0.004443246136255523,
    0.006400272425496717,
    0.014444199807089742,
    0.002828688942296184,
    0.02234272982040046,
    0.02353321155822019,
    0.004806571249729662,
    0.007006114426632636,
    0.010585914268806654,
    0.022092867422091066,
    0.013864742739254242,
    0.0031113776156495403,
    0.009252776361513428,
    0.005686652563878337,
    0.009491461754506995,
    0.019741473995747747,
    0.008800234555154867,
    0.015468452162963813,
    0.006080268906111203,
    0.019822199380733808,
    0.016482536356932146,
    0.005584604161302209,
    0.0046363168685031675,
    0.008882953481264059,
    0.02129372445009375,
    0.005520324753047152,
    0.002596917546807833,
    0.006136597168929149,
    0.09015998081910716,
    0.004572509335572342,
    0.020784710737751406,
    0.007897521751160708,
    0.016220676042220217,
    0.003941218531553406,
    0.01487535662441503,
    0.0068090736631674035,
    0.004745135747675638,
    0.006218545166139872,
    0.0537274222151025,
    0.033385605527952375,
    0.010580335299076675,
    0.005263620097604664,
    0.015242361110334094,
    0.007652885202615334,
    0.006561619667412976,
    0.013914935991922377,
    0.008449385955846593,
    0.010921770727001524,
    0.009838586939656902,
    0.006018213505246871,
    0.020772418043752797,
    0.02656144399680665,
    0.0075349274413473695
  ],
  "cosine_matrix": 0.5436104112453596,
  "spearman_matrix": -0.0965480790260261,
  "js_divergence_matrix": 0.19757746753325983,
  "matrix_dispersion_js": 0.03193760959070513
}