{
  "semantic_entropy": 2.995732273553991,
  "cosine_vector": 0.35691526753738473,
  "spearman_vector": 0.1580715349085773,
  "js_divergence_vector": 0.4540098884951398,
  "vector_dispersion_js": 0.038762285849538,
  "vector_elements": [
    0.0175860606580142,
    0.01616768040450708,
    0.014273821516491423,
    0.034534698880052374,
    0.028004793925598244,
    0.016912343090248205,
    0.019284919758527946,
    0.015355130778568194,
    0.015908432004140792,
    0.0085060225622866,
    0.014586066380332071,
    0.005745564068037239,
    0.013605487263293832,
    0.005986447645921172,
    0.005820418201957982,
    0.013651041086673763,
    0.01315585975837401,
    0.014082195782985696,
    0.01973857921355124,
    0.013608363936284373,
    0.011997488198299275,
    0.02375395136755397,
    0.012440592573506049,
    0.03458159529131899,
    0.009897362461847014,
    0.02209045663684754,
    0.02174202430776625,
    0.007309292023422137,
    0.012133337880242376,
    0.006066668940121188,
    0.006901477447933213,
    0.013171239023310473,
    0.01946294300956338,
    0.005500619635369804,
    0.011767333958649793,
    0.012073608019080766,
    0.015024079444127352,
    0.00981385657984563,
    0.01822310176234797,
    0.008589355500499267,
    0.015606251105407122,
    0.008177145307018767,
    0.009136918813819934,
    0.016174279485133187,
    0.011759982946763274,
    0.011150784979006765,
    0.01884197550591438,
    0.03191267609092781,
    0.01392668604104955,
    0.004509055686619062,
    0.010772695344883648,
    0.007563740270160527,
    0.01651300624384047,
    0.012247518565763126,
    0.005934336389940247,
    0.013222705624318447,
    0.011238969602893004,
    0.014963390851537327,
    0.02300610669214954,
    0.01780375465996492,
    0.011262673681051669,
    0.01230920894195677,
    0.011252598738994634,
    0.006117340910780788,
    0.01622801401766581,
    0.040400053573986384,
    0.012544818494496181,
    0.026369000456457528
  ],
  "cosine_matrix": 0.6272293621785475,
  "spearman_matrix": -0.06068794538547002,
  "js_divergence_matrix": 0.26390972038936494,
  "matrix_dispersion_js": 0.06901630126610529
}