{
  "semantic_entropy": 2.995732273553991,
  "cosine_vector": 0.40307913792439404,
  "spearman_vector": 0.11384539665938664,
  "js_divergence_vector": 0.43811713454204737,
  "vector_dispersion_js": 0.010652488640929825,
  "vector_elements": [
    0.016675127237079458,
    0.016924335215144335,
    0.03990931192662051,
    0.06597317050229698,
    0.017076505517909558,
    0.02206032184333526,
    0.018643999100821183,
    0.023610014119741667,
    0.015480929678192574,
    0.008253282055971898,
    0.012823947231609777,
    0.017754673902382556,
    0.006102923720281124,
    0.014139149031454754,
    0.008484703883150509,
    0.011152717456446998,
    0.014654018261869274,
    0.005192910161448232,
    0.011860467674777369,
    0.021679739447452644,
    0.02768369643080418,
    0.008725661337409573,
    0.018448075239960185,
    0.0077139709021395815,
    0.014519421156868939,
    0.012878588709849008,
    0.020553130441664878,
    0.016490683942783784,
    0.006408665269292548,
    0.012290726127197404,
    0.006843956044751054,
    0.009201349975791443,
    0.00795020291049641,
    0.014471882683238237,
    0.01295266258118481,
    0.01526449260767141,
    0.013064889482724948,
    0.01444172600175456,
    0.005856867270581128,
    0.008973618131411286,
    0.007583773613381192,
    0.017271440412958784,
    0.02096694032426041,
    0.010190253450613746,
    0.028806614187607046,
    0.022685090118984754,
    0.00817124857880179,
    0.014232252568992711,
    0.01665279073910953,
    0.008988808859329862,
    0.0292658959804009,
    0.017107344585731543,
    0.023033876979196788,
    0.0220189506729453,
    0.020464475158400646,
    0.021418693539021934,
    0.06165705919900324,
    0.02629797581569782
  ],
  "cosine_matrix": 0.5816729683678031,
  "spearman_matrix": 0.0944405139089688,
  "js_divergence_matrix": 0.2818175656458018,
  "matrix_dispersion_js": 0.06773369056025529
}