{
  "semantic_entropy": 2.995732273553991,
  "cosine_vector": 0.2752105801605705,
  "spearman_vector": 0.30223613595706617,
  "js_divergence_vector": 0.5853706844907678,
  "vector_dispersion_js": 0.07068478351768182,
  "vector_elements": [
    0.0073492892322314565,
    0.0029657559779791326,
    0.006674167355878692,
    0.007190654498497673,
    0.004910796211413588,
    0.014448092812586938,
    0.007090189494536787,
    0.010466124497718663,
    0.016212121198523347,
    0.007825069917318166,
    0.012401460759369803,
    0.006234867177532188,
    0.014683590738336074,
    0.005842949654633518,
    0.02687652994575479,
    0.00603206712727652,
    0.016703598305242828,
    0.003961040783919337,
    0.04042900726219434,
    0.03160758676348868,
    0.011670865874801132,
    0.014125565154285407,
    0.004861774159182983,
    0.0045038639358583,
    0.0055373497529953054,
    0.009528703960170474,
    0.02376524850997043,
    0.008869714022913944,
    0.008494963248870979,
    0.008029831896272358,
    0.008092977117873925,
    0.00846061890287574,
    0.006745211811232587,
    0.020459221650892753,
    0.007667955493540395,
    0.005661704190550986,
    0.004026508037979808,
    0.003079519560770196,
    0.0049797962409791315,
    0.003876172722660864,
    0.0077409856306620475,
    0.003332934448193793,
    0.009766242291671879,
    0.004174872998838233,
    0.0059957691754024016,
    0.005369548421349568,
    0.0038770925246083823,
    0.003528538199316592,
    0.009086411797534513,
    0.006778007505174059,
    0.00516615154084966,
    0.008791681788641061,
    0.004077899029232516,
    0.035609109466519434,
    0.013446080604636118,
    0.003962232694774555,
    0.00422245241563248,
    0.006549323294275549,
    0.0057922575979752105,
    0.001771850091350109,
    0.004083448279147606,
    0.005053219290134515,
    0.005044800641565966,
    0.0049691700127551305,
    0.0028389883981173687,
    0.006852494721562459,
    0.004691622115495335,
    0.017078884636542755,
    0.006885503121073812,
    0.003870216320761607,
    0.0018003309275863293,
    0.0041068194366841474,
    0.002024844514453,
    0.0018347931167703884,
    0.003949533156551357,
    0.0031099777636704414,
    0.005900115455614371,
    0.002771496415445148,
    0.011671687545934858,
    0.0055819406708262015,
    0.001956218000465934,
    0.003021217365090767,
    0.0015106086825453836,
    0.003149809636137128,
    0.003920535998102464,
    0.004448381501112564,
    0.004367722572988977,
    0.004059282731465965,
    0.0017977128507786577,
    0.004146453935138847,
    0.004166158280809836,
    0.005198597374135987,
    0.012187688294014148,
    0.0033833037590442466,
    0.0034254942099249956,
    0.0015452747480732797,
    0.0038004678266716973,
    0.0016331139675855367,
    0.002382942651541287,
    0.007238630411065143,
    0.0047191838622003554,
    0.0019688099697983074,
    0.0033154584675141523,
    0.007906320333643187,
    0.0030827299214815176,
    0.003852276355561754,
    0.0032088272947551045,
    0.006907850577866645,
    0.0053202007907414235,
    0.0023166058179727505,
    0.0033588838901910402,
    0.0016794419450955201,
    0.007192479844844396,
    0.0041603794139082415,
    0.004100261065899597,
    0.0061854512138444845,
    0.00503900662325913,
    0.0021249663140184946,
    0.007508806556556185,
    0.004438902260177568,
    0.004009727333557696,
    0.003030108318929351,
    0.012690331254222727,
    0.027759724964617014,
    0.005898388602521029,
    0.006279923319024436,
    0.01314683012183173,
    0.06905476716770656,
    0.01690188758512565
  ],
  "cosine_matrix": 0.3806021661839621,
  "spearman_matrix": 0.13853003781617265,
  "js_divergence_matrix": 0.44390889363657565,
  "matrix_dispersion_js": 0.04639913557603888
}