{
  "semantic_entropy": 2.8571028374420018,
  "cosine_vector": 0.2239590118872169,
  "spearman_vector": 0.09212007504690431,
  "js_divergence_vector": 0.577451833012744,
  "vector_dispersion_js": 0.02461151039019338,
  "vector_elements": [
    0.04055073378156901,
    0.0232441268542927,
    0.017399041460404212,
    0.040555986371041235,
    0.032868596896187915,
    0.04240060055014716,
    0.017399878434951797,
    0.02301586204568122,
    0.01930768968337189,
    0.015348031439558795,
    0.022764002049782104,
    0.016857489029661218,
    0.020371339090642385,
    0.010926162383070192,
    0.016898272376283104,
    0.01616321649017488,
    0.036450313420765185,
    0.019051305026355166,
    0.009646443996032431,
    0.0218047332148232,
    0.04500403494871877,
    0.014304363416478649,
    0.037193936919903234,
    0.03147257130825371,
    0.010875393152631288,
    0.01118020904614962,
    0.017156278986697915,
    0.03964299507735586,
    0.022605056804746906,
    0.030400201430597365,
    0.023553017282377426,
    0.017968788117953056,
    0.043306378699448526,
    0.011807063021875052,
    0.017853308885060412,
    0.028285569269450278,
    0.01819408616122934,
    0.02765363033616006,
    0.04732491499088649,
    0.04119437754923033
  ],
  "cosine_matrix": 0.18646855334801643,
  "spearman_matrix": 0.08020637898686679,
  "js_divergence_matrix": 0.6213455846167372,
  "matrix_dispersion_js": 0.033070087083840516
}