{
  "semantic_entropy": 2.7184734013300127,
  "cosine_vector": 0.18742087185061454,
  "spearman_vector": 0.1813566438905218,
  "js_divergence_vector": 0.5497793649378235,
  "vector_dispersion_js": 0.09553144996540608,
  "vector_elements": [
    0.018987721332336654,
    0.009984240610640141,
    0.016183677871097746,
    0.03526384161280661,
    0.01175306908659416,
    0.014683320044569074,
    0.027448848146767953,
    0.010889139458246214,
    0.00855872841550386,
    0.011014235042862908,
    0.009010743737281057,
    0.009733076388181626,
    0.009428994552017785,
    0.007563217067018998,
    0.00703720805145391,
    0.009359672099909752,
    0.009814949208948374,
    0.012192245626785787,
    0.007311302226828624,
    0.009188833448197608,
    0.007295882253758515,
    0.11159299078748806,
    0.008962481335021182,
    0.011683553817262986,
    0.009835530201287045,
    0.007144399343653766,
    0.008169604524125953,
    0.006865437854279789,
    0.038772581889901445,
    0.00791744145745747,
    0.014152039674177263,
    0.008125335992526869,
    0.008838489136745238,
    0.00814203964377385,
    0.008609508304121008,
    0.007534734550467811,
    0.007534734550467811,
    0.009826112729959879,
    0.00908308132472777,
    0.009387817314770008,
    0.017593252827974866,
    0.008363597486096103,
    0.007599810340264174,
    0.008284394418015557,
    0.016234823640289515,
    0.007819821964800624,
    0.008844849089220761,
    0.007252372758563966,
    0.008234672613578539,
    0.007945294277722687,
    0.0073646569086709595,
    0.03267244660327667,
    0.00736056811790991,
    0.11970538397280836,
    0.007640842852051938,
    0.01630908198930307,
    0.009914521513950014,
    0.011177944199394782,
    0.01324762356800979,
    0.03289663737444211,
    0.007460026350983061,
    0.008536592772720966,
    0.007170931235873206,
    0.008035917757607312,
    0.009206629346882385,
    0.014589486943306978,
    0.013948527486536065,
    0.009708430875723121
  ],
  "cosine_matrix": 0.2393244641989792,
  "spearman_matrix": 0.09992348941382269,
  "js_divergence_matrix": 0.5328731991346831,
  "matrix_dispersion_js": 0.18579451009870598
}