{
  "semantic_entropy": 2.8571028374420018,
  "cosine_vector": 0.3229076310508834,
  "spearman_vector": -0.18540465059802078,
  "js_divergence_vector": 0.487521616577137,
  "vector_dispersion_js": 0.022883244664548386,
  "vector_elements": [
    0.015742561731134638,
    0.004898224865271058,
    0.004607749766745595,
    0.009834346133108289,
    0.0055429767321435175,
    0.005509800488662716,
    0.006316225012357487,
    0.0037132647519405077,
    0.0021367867305631073,
    0.008546793683759884,
    0.004336265742227473,
    0.0014680297045939568,
    0.0058897562678855465,
    0.0039699398360730056,
    0.003051694777773684,
    0.003803661149436677,
    0.0028447900603862193,
    0.0028907798934743895,
    0.0015803486814992506,
    0.003223151884793887,
    0.0014895087077318556,
    0.0013656228793693347,
    0.0037679037072965325,
    0.002783433406431537,
    0.001346148592702794,
    0.0016944584017634528,
    0.0027182943058925804,
    0.002284544951593702,
    0.004202891961286531,
    0.0034089927126050765,
    0.0016905396211985212,
    0.0021533663737459707,
    0.0012752296701656707,
    0.0015515934180949853,
    0.004564142195980025,
    0.0037379762910768606,
    0.0014312472012672317,
    0.0019871389428471565,
    0.0020206266292567073,
    0.0062338626562726575,
    0.0020854525284126303,
    0.002990784660058895,
    0.0021266245198298854,
    0.0030362810584362407,
    0.0019132722845816488,
    0.0014344407676372068,
    0.001841815106109093,
    0.0029543623584954207,
    0.0038290894472859565,
    0.0015156630504883893,
    0.0028123181327994354,
    0.0014535547861453434,
    0.0032415439372504525,
    0.002437774381165848,
    0.002092666397308465,
    0.0017060152915552391,
    0.004545411469221106,
    0.0018359655950358357,
    0.002381472337446613,
    0.0015896366741788967,
    0.0026756542102693,
    0.002271086506347155,
    0.002080806982384485,
    0.003101760348856892,
    0.0030979665135492823,
    0.004219104601242322,
    0.0022053633137685976,
    0.0022745565832809024,
    0.008954655323715997,
    0.0019714193391622403,
    0.0025252948456644247,
    0.0021036454016947056,
    0.004563624753055816,
    0.0015931159856422824,
    0.006376430416523684,
    0.0016281275653216712,
    0.0017989889149717239,
    0.0011423574799764953,
    0.00231875316557267,
    0.003573439022121388,
    0.0015810812273345438,
    0.0032140563472839233,
    0.0034050624431552936,
    0.001618027995458814,
    0.1353418033337896,
    0.0018204407206472027,
    0.09353681129446002,
    0.0017814874486982548,
    0.0022809989671405875,
    0.0019477919393562112,
    0.0024698669099740013,
    0.004271936998164888,
    0.0033028337672967208,
    0.003971483252095517,
    0.0035042272763021465,
    0.0021415084275785167,
    0.004519626236313606,
    0.004505311793749583,
    0.0039044252182578463,
    0.0036545910561629445,
    0.004420642676080833,
    0.006485726634461843,
    0.020465635541242297,
    0.005251170768631418,
    0.005091659348922091,
    0.009412505374594276,
    0.004391240109002762,
    0.0037443699596293443,
    0.006904985540028303,
    0.0044001357953221965,
    0.00189389729429228,
    0.0030178896657943846,
    0.0021576975383726994,
    0.005832201116354512,
    0.002963798773440268,
    0.004378262325442781,
    0.0030544645888811923,
    0.0022267915068917695,
    0.006922808064937097,
    0.0036318891829306573,
    0.005041802759014924,
    0.0039041149997669205,
    0.0015233892563122704,
    0.0033437939552326073,
    0.005899229852044478,
    0.029637949169883004,
    0.002601189665543034,
    0.005675621087137897,
    0.0020617223621212837,
    0.00654685083874097,
    0.003486919309568374,
    0.007119802775746663,
    0.00362822590554833,
    0.007304694786190217,
    0.0015534876589737145,
    0.0040268749602837915,
    0.0029631813025925062,
    0.012682739519674963,
    0.0030357425413484527,
    0.003754939292907925,
    0.0017252623092129263,
    0.003195020121067301,
    0.0015961967253488695,
    0.0013152687300716347,
    0.0027284686402516555,
    0.002457260607481466,
    0.006056924450544567,
    0.0017312007165077932,
    0.005060462391491803,
    0.0025268789018628797,
    0.003685618221327106,
    0.003324327692949687,
    0.0017496416760457124,
    0.002455540296933532,
    0.0014263166317594507,
    0.0017996051664800879,
    0.002425465692448761,
    0.0017301657211520852,
    0.004947354019792291,
    0.0023393678170850877,
    0.0073978306074464735,
    0.0024625058515800186,
    0.0025929172201694453,
    0.0027252857805318514,
    0.002364039980183201,
    0.010164059302012758,
    0.004415093689980931,
    0.023173693639950265,
    0.030673252299147403,
    0.0036205844003829226,
    0.00394380982473454,
    0.0028386201349346954,
    0.003672434018944365,
    0.004630068696973651,
    0.028289903925597288,
    0.0026415732719911053,
    0.0026145823183643625,
    0.005248893465310487,
    0.00960901747146894,
    0.019437791016644338,
    0.008079313519756085
  ],
  "cosine_matrix": 0.519654457138606,
  "spearman_matrix": 0.058722150179863736,
  "js_divergence_matrix": 0.19704653238698286,
  "matrix_dispersion_js": 0.17991968563258584
}