{
  "semantic_entropy": 2.8309404302537744,
  "cosine_vector": 0.17177178846740848,
  "spearman_vector": 0.23291866028708133,
  "js_divergence_vector": 0.5077183230767313,
  "vector_dispersion_js": 0.10145557299466912,
  "vector_elements": [
    0.012313518462657711,
    0.0039116658574988965,
    0.008177621397828561,
    0.03646138031705758,
    0.011749496626271146,
    0.0075562499672259175,
    0.005701691727289356,
    0.019322092157696622,
    0.0044111898701077,
    0.002751454669670304,
    0.0037383917649818554,
    0.01508701980178403,
    0.0018389465576401354,
    0.2301045462374416,
    0.004192710211912727,
    0.00889368423269864,
    0.005500145504569134,
    0.002794017830880081,
    0.00889049431119097,
    0.0016031253563175436,
    0.024348879408601396,
    0.0027832554566026425,
    0.04094725840053849,
    0.00657906220474712,
    0.007006062867954021,
    0.014443839069750459,
    0.00750089499652053,
    0.0020620081444552743,
    0.01680028259761253,
    0.003030106516824234,
    0.008979181776294939,
    0.0075264484850231005,
    0.005388236172107858,
    0.009802461986155486,
    0.0016566870731250128,
    0.033720245287196644,
    0.003544858948191299,
    0.02323205467410579,
    0.008759930113691587,
    0.004726984085707326,
    0.0010841324742574163,
    0.020322164556793358,
    0.002670302590232967,
    0.020437891482064305,
    0.002917862207265097,
    0.010292772473742,
    0.005971275159584616,
    0.005209497177404005,
    0.006014708142635525,
    0.0019800324567846375,
    0.008887032766324954,
    0.0034593067100050622,
    0.0054262970370503065,
    0.0015827847386505204,
    0.014312866669915814,
    0.0025663362177500855,
    0.006396799310932423,
    0.003966544387373145,
    0.005496453298192689,
    0.013207716680356208,
    0.0011003718125955947,
    0.024184495843006002,
    0.0027976542181588097,
    0.028510693134513147,
    0.004712018617589127,
    0.006436453514395823,
    0.001100421732841942,
    0.028166989674047613,
    0.0029134117170633712,
    0.028237842999644835,
    0.004298955093804279,
    0.005833457272809788,
    0.012629790137428869,
    0.03433645044342107,
    0.034486322182345035,
    0.010213713941093251
  ],
  "cosine_matrix": 0.8080568844763171,
  "spearman_matrix": 0.7174908502556737,
  "js_divergence_matrix": 0.12969786851680126,
  "matrix_dispersion_js": 0.0022645040943064508
}