{
  "semantic_entropy": 2.7184734013300127,
  "cosine_vector": 0.19460335410558952,
  "spearman_vector": 0.10707332900713822,
  "js_divergence_vector": 0.45713042340103804,
  "vector_dispersion_js": 0.10366701379200016,
  "vector_elements": [
    0.026797030603222055,
    0.008813609957279095,
    0.02355134998064243,
    0.04302740885680507,
    0.009552639918841538,
    0.013493797441164093,
    0.02776796770248552,
    0.008341425840786747,
    0.004376016771024202,
    0.009124058717906067,
    0.005017000244580452,
    0.006600831569956296,
    0.006913782556222627,
    0.0032065164847203433,
    0.0022068613661509655,
    0.007026450225226102,
    0.008134278042182167,
    0.01094579432697428,
    0.0024732045141360034,
    0.0058318053020103774,
    0.0021270005442323467,
    0.16586950907160308,
    0.004834801449835829,
    0.009408349155856177,
    0.007175656952510029,
    0.0019835701053499423,
    0.0037906995151875556,
    0.0016570119877049986,
    0.06396551804223735,
    0.00341048697041026,
    0.012903552099565807,
    0.003689869953272135,
    0.005254270025254226,
    0.0034912517494478028,
    0.004278535642222133,
    0.0024903633398925097,
    0.0024903633398925097,
    0.005981570364971011,
    0.004533694840939384,
    0.004351125229889141,
    0.015478180275592638,
    0.003507016600542092,
    0.0026086358263013214,
    0.0031915960470436135,
    0.013458183626565383,
    0.0027251777116001894,
    0.004748477029260101,
    0.001992102978042127,
    0.0033814724655403415,
    0.0031635109510294215,
    0.0021524296434302682,
    0.03953235961677676,
    0.0022921251076872015,
    0.1911751961022006,
    0.002694855216694018,
    0.014307240682534153,
    0.00662355752535748,
    0.012252586782392626,
    0.019383985929936627,
    0.04438611490023145,
    0.00297236233634083,
    0.005114906398256278,
    0.002557453199128139,
    0.004120616420996627,
    0.007358766251205829,
    0.016946933380453163,
    0.016363880470117453,
    0.008621245722152783
  ],
  "cosine_matrix": 0.3767687394116868,
  "spearman_matrix": 0.13801317898996068,
  "js_divergence_matrix": 0.44385129543774215,
  "matrix_dispersion_js": 3.3517504087129946e-05
}