{
  "semantic_entropy": 2.995732273553991,
  "cosine_vector": 0.37568086413853086,
  "spearman_vector": -0.012583433636065212,
  "js_divergence_vector": 0.4726357914599095,
  "vector_dispersion_js": 0.06540441061700175,
  "vector_elements": [
    0.028311296645806915,
    0.027327275005612262,
    0.04586630605864164,
    0.06863174288031859,
    0.047836751926572774,
    0.03458213852617328,
    0.010543447388731583,
    0.023467177314260457,
    0.029767370057816628,
    0.021129943870195483,
    0.028718497096963943,
    0.008392955254179477,
    0.02994078182813566,
    0.020659883971506886,
    0.02087407817409408,
    0.00849049895283198,
    0.016853400127318157,
    0.008045200650064702,
    0.006244131709254855,
    0.027423554236821843,
    0.017005698824301946,
    0.007151842727740741,
    0.012144858423637316,
    0.016943812243140326,
    0.03757706454448973,
    0.008618895304516658,
    0.015033629948261082,
    0.007516814974130541,
    0.009681580633147616,
    0.01748382556828103,
    0.018081675801185353,
    0.01907740842167938,
    0.0539043057463798,
    0.02385274337832146,
    0.02751052951970222,
    0.04385377222408053,
    0.11973997297638383,
    0.03171513706531921
  ],
  "cosine_matrix": 0.5958588549721221,
  "spearman_matrix": -0.13196192143560564,
  "js_divergence_matrix": 0.28892772081560397,
  "matrix_dispersion_js": 0.03733844946417229
}