{
  "semantic_entropy": 2.8309404302537744,
  "cosine_vector": 0.13967117529961448,
  "spearman_vector": 0.20500341763499658,
  "js_divergence_vector": 0.53414383249677,
  "vector_dispersion_js": 0.033536002993181935,
  "vector_elements": [
    0.009898115849440135,
    0.004072497238829117,
    0.006098624153023077,
    0.043692618695634726,
    0.011700062311147818,
    0.005466745797601629,
    0.008121445350282848,
    0.026906984749482214,
    0.0064009965895607136,
    0.0028283598608368076,
    0.004132837380804069,
    0.02425362063965404,
    0.0028182563152870477,
    0.23011384991922715,
    0.0058055379840727195,
    0.008646841891258514,
    0.005651544060798787,
    0.003625186302096741,
    0.013302097927297633,
    0.0025208094151177958,
    0.024071254347962985,
    0.004139102160095963,
    0.025694125592314092,
    0.010732502065380938,
    0.010009240736633314,
    0.016971570695249065,
    0.008589147930303898,
    0.0026440180456852834,
    0.021148621915270355,
    0.00374851593160708,
    0.011491146506405776,
    0.008105379076168203,
    0.005814361926502981,
    0.011320627563198345,
    0.002342270620025677,
    0.029683503446236305,
    0.005099276812341294,
    0.019382074388762834,
    0.009753842384702463,
    0.0066698963497874636,
    0.0018776744564914156,
    0.019926429118125862,
    0.004368957800489968,
    0.012705323309879526,
    0.005512485312976483,
    0.01284272868308723,
    0.008775447030600089,
    0.0052568162916671775,
    0.007719060512141484,
    0.002902520928623095,
    0.007892707620009811,
    0.004100685480843778,
    0.0066458136834961655,
    0.0022690436557808867,
    0.01727000104200507,
    0.003469219639851941,
    0.00802983661690842,
    0.004657965392403491,
    0.006402465716037068,
    0.011439162610055835,
    0.0015701229811123521,
    0.023414234437623773,
    0.003637149434757741,
    0.023404869460646738,
    0.005452799003665158,
    0.006927240607844491,
    0.0016774825835148067,
    0.029279288657845074,
    0.0037935016804052086,
    0.017610806170206588,
    0.004931258108684709,
    0.00453059532761486,
    0.00917475451668532,
    0.019698699547253784,
    0.01744632913262117,
    0.009919012521955525
  ],
  "cosine_matrix": 0.45907495149741534,
  "spearman_matrix": 0.028700370454756423,
  "js_divergence_matrix": 0.148522935577825,
  "matrix_dispersion_js": 0.15473791890459698
}