{
  "semantic_entropy": 2.9264175554979963,
  "cosine_vector": 0.11407546896482881,
  "spearman_vector": 0.18696131638009175,
  "js_divergence_vector": 0.5305838275079946,
  "vector_dispersion_js": 0.15432068998697357,
  "vector_elements": [
    0.009237004016887984,
    0.0049925015357220335,
    0.00681104707896069,
    0.005174341896400508,
    0.008995723250343932,
    0.00484806293289266,
    0.09428122853363577,
    0.006374075207253298,
    0.011926867869424951,
    0.0021123499815403585,
    0.021171456328061083,
    0.002177522976462408,
    0.00811770276163026,
    0.008112907479780425,
    0.013417425105715888,
    0.0019782741577687754,
    0.003674659812392518,
    0.0043747806990417845,
    0.004071267927181896,
    0.010457399193396728,
    0.003128762553919193,
    0.008585554065830408,
    0.005220325120495008,
    0.002831377628316071,
    0.001438761209650621,
    0.0043486956720575455,
    0.0017084078070645158,
    0.0015282492311624945,
    0.0041220339180422765,
    0.0030114054498050157,
    0.0056936776328883245,
    0.0032597079636115162,
    0.00367396863130881,
    0.004995180238007245,
    0.0018935007651492658,
    0.0023898792073434446,
    0.0011949396036717223,
    0.004531360963167883,
    0.003070637683517742,
    0.003808059942084219,
    0.002298048017624075,
    0.0014345140979690719,
    0.006810367449439062,
    0.004650437080282,
    0.003157679842445001,
    0.0012707934390622302,
    0.0042528228937205245,
    0.002801589097025149,
    0.0017869818531545633,
    0.014071428436747337,
    0.0038085397801196318,
    0.0019689629449107424,
    0.0027039586487905896,
    0.005115387268140235,
    0.004395845186841124,
    0.0032287390073995705,
    0.005060792213990723,
    0.001751251830488602,
    0.003292437729496813,
    0.0016462188647484064,
    0.00252132571135572,
    0.0023976816839889974,
    0.001467076302742284,
    0.004333441897799546,
    0.00254370964220259,
    0.004011916349415688,
    0.004941723609705305,
    0.002450824046297791,
    0.0025412154560541227,
    0.0011457803960395752,
    0.004934545556862848,
    0.0016212156716644249,
    0.0013385683206808387,
    0.0022310350085411944,
    0.0018819348499493822,
    0.003848922192205701,
    0.0033764713259922816,
    0.0015573234637535586,
    0.0030598076590990578,
    0.0025098543035823716,
    0.003313722835674494,
    0.0013993736113953102,
    0.0024716800244431467,
    0.002492930148480895,
    0.003786021664366709,
    0.0038411154901810797,
    0.002655833218652281,
    0.0037045590859988166,
    0.002219930605487409,
    0.0011598494740809456,
    0.006015557248106525,
    0.01193056725272567,
    0.0021333610812356687,
    0.0038852300890143054,
    0.005027822295640812,
    0.0036959231915046557,
    0.005953082456169993,
    0.005344074312339123,
    0.023327987357827134,
    0.0016606260031143342,
    0.0033313509637245406,
    0.008814874021114378,
    0.002571171964963962,
    0.003856757947445942,
    0.0026019529369306674,
    0.0014399017956254194,
    0.00534519640141094,
    0.001636880412091329,
    0.0017966742304299389,
    0.012173360343756408,
    0.0032099207504715267,
    0.0018175063419935242,
    0.003192216892607845,
    0.006779444878971386,
    0.004111323646862769,
    0.0020126642597238426,
    0.003417582754057613,
    0.0017087913770288065,
    0.1440150521119755,
    0.0025095024959058444,
    0.0018416668895368837,
    0.005820773289707826,
    0.0038261084792239326,
    0.005051119357321871,
    0.005985921672042093,
    0.01195496765892657,
    0.10381324005889857,
    0.004090283229745038,
    0.005337135276697566,
    0.00428143956839428,
    0.013540854129133669,
    0.020560142485249486,
    0.0026627182728338416,
    0.004091335128024357,
    0.0064876366461769355,
    0.030045866216218842,
    0.01650811536236786,
    0.008777049144052935
  ],
  "cosine_matrix": 0.7492857460134197,
  "spearman_matrix": 0.33318606218119456,
  "js_divergence_matrix": 0.15307615667674895,
  "matrix_dispersion_js": 0.01054230707823903
}