{
  "semantic_entropy": 2.9264175554979963,
  "cosine_vector": 0.28695189980662655,
  "spearman_vector": -0.1377119950662966,
  "js_divergence_vector": 0.5050991943561298,
  "vector_dispersion_js": 0.014515883150698627,
  "vector_elements": [
    0.022885412153756137,
    0.023949785527944797,
    0.02317373416580866,
    0.05530402207503961,
    0.04219457582867412,
    0.027471651966896476,
    0.02779486916589153,
    0.01627300229910457,
    0.014681570413359076,
    0.036571925142781146,
    0.02364075907596103,
    0.01182495180091114,
    0.016203585705209144,
    0.011519566614472065,
    0.047478028482808965,
    0.011610557436764283,
    0.02288117564418036,
    0.015190169962861355,
    0.008600111422305167,
    0.016208746558175006,
    0.023229126106771723,
    0.028552244767785687,
    0.01186612851441803,
    0.013912146428943381,
    0.010078028706276604,
    0.05547021189697453,
    0.011101115954132896,
    0.020393431259528517,
    0.014641203813783431,
    0.009255794947275651,
    0.014971390468439085,
    0.018065389347974158,
    0.01600504106024686,
    0.012526920285990173,
    0.026667895822645577,
    0.01727831011303244,
    0.015732516469462617,
    0.023691288302153647,
    0.01782100766719426,
    0.01745059859306764,
    0.016906292130736293,
    0.019780087331757595,
    0.01298594442473729,
    0.029002899309334397,
    0.037500540505963506,
    0.029656244328469368
  ],
  "cosine_matrix": 0.3256367255345532,
  "spearman_matrix": -0.12278754239901325,
  "js_divergence_matrix": 0.4864487280182326,
  "matrix_dispersion_js": 0.04607247397503781
}