{
  "semantic_entropy": 2.9264175554979963,
  "cosine_vector": 0.5096271969310372,
  "spearman_vector": 0.2349143610013175,
  "js_divergence_vector": 0.3639043554059662,
  "vector_dispersion_js": 0.021539076405109103,
  "vector_elements": [
    0.059555229221970755,
    0.023718235201091963,
    0.026833130762751428,
    0.09173535223140396,
    0.039645415029347035,
    0.02250076510873324,
    0.027660056290820065,
    0.020139494801207216,
    0.01986056489001681,
    0.013662575198361481,
    0.017510065566019545,
    0.029379018825195037,
    0.00821400181271063,
    0.02410686686942948,
    0.023971372637837496,
    0.021150738017071454,
    0.0100560550010505,
    0.02037158085710215,
    0.009162659532365572,
    0.007077189828117531,
    0.017017771143675125,
    0.016289036499577664,
    0.01747354512877767,
    0.008552656904532684,
    0.022158465924098085,
    0.016455814045122457,
    0.029515959627744122,
    0.019038608299557325,
    0.009294373262143751,
    0.012986890997313446,
    0.006493445498656723,
    0.008532435010459041,
    0.02119613059863634,
    0.009998140661506469,
    0.018072843413719692,
    0.014368103768170212,
    0.017319952511379764,
    0.021068838402488042,
    0.02231093119041125,
    0.035138429631763765,
    0.016196499104791377,
    0.025148023151405775,
    0.02438089377072947,
    0.04730576720558834,
    0.02737607656514812
  ],
  "cosine_matrix": 0.522984958222888,
  "spearman_matrix": -0.14488801054018446,
  "js_divergence_matrix": 0.3130211554909419,
  "matrix_dispersion_js": 0.034641062590242806
}