{
  "semantic_entropy": 2.995732273553991,
  "cosine_vector": 0.4544901823590171,
  "spearman_vector": 0.04896042924211938,
  "js_divergence_vector": 0.47073190981948043,
  "vector_dispersion_js": 0.06560348655965864,
  "vector_elements": [
    0.011247679887764893,
    0.011271237460002161,
    0.012613812714848158,
    0.1180093539252005,
    0.021954171927163427,
    0.011345279399801006,
    0.01941532642496447,
    0.00835227994490097,
    0.007640835191142246,
    0.03852812450578601,
    0.013102543728430022,
    0.005664038740753751,
    0.009737361494117375,
    0.01728312509545433,
    0.004863890014136406,
    0.019160272803786023,
    0.00971824529026084,
    0.018534921644422674,
    0.005719010567388345,
    0.018429224248599173,
    0.007237699847916844,
    0.01900810554590875,
    0.010508080899252231,
    0.004174656235536883,
    0.008058019123115745,
    0.005111253180488718,
    0.022336088834016807,
    0.006490348355424597,
    0.0230327257576427,
    0.012749119960481578,
    0.0035327069918936805,
    0.009798567386660616,
    0.0038961473874146615,
    0.015823374759905005,
    0.006961259594654397,
    0.015488670008901615,
    0.0038947782416733894,
    0.021939021476700453,
    0.010281522341234806,
    0.015534418973445109,
    0.0034290411474317624,
    0.010771725606534294,
    0.012986574728004298,
    0.007537950026132953,
    0.009460219406619829,
    0.003904942588734001,
    0.01683583229737349,
    0.011251921366272632,
    0.021112284823400322,
    0.011010037192038486,
    0.008039779487241256,
    0.005229206098297065,
    0.011407973980205658,
    0.006063865824928215,
    0.012506338901523759,
    0.009218006913700017,
    0.014285750991510214,
    0.016595291872218,
    0.0040569390383810595,
    0.02308913042201407,
    0.007328334494392707,
    0.021004045368704514,
    0.0035569240788972107,
    0.010066077435090118,
    0.016668228604470668,
    0.0075913961310368734,
    0.008623848917827515,
    0.016540724998092293,
    0.029328201988638156,
    0.029739256497054067,
    0.022312848862043277
  ],
  "cosine_matrix": 0.6298201747728421,
  "spearman_matrix": -8.576046442589968e-05,
  "js_divergence_matrix": 0.21661747311415025,
  "matrix_dispersion_js": 0.09739300303286938
}