{
  "semantic_entropy": 2.995732273553991,
  "cosine_vector": 0.3899659873217829,
  "spearman_vector": 0.4117132867132867,
  "js_divergence_vector": 0.37511826803055826,
  "vector_dispersion_js": 0.016181483949657682,
  "vector_elements": [
    0.04311775679749934,
    0.017403701849900494,
    0.020309664452372346,
    0.10255789721921411,
    0.025264750355509232,
    0.017535252625081425,
    0.006408246740273007,
    0.011074222485251648,
    0.009828508328754202,
    0.010783700340175175,
    0.014745838124943159,
    0.010119396273297323,
    0.01453933723905016,
    0.025529801074047398,
    0.0068934473738386,
    0.01995535796775072,
    0.012991878433620414,
    0.013241084960555611,
    0.007954284022985748,
    0.02022066507163754,
    0.008162528611350854,
    0.009601856357423248,
    0.009812807664873049,
    0.013236549635555653,
    0.022311527910639208,
    0.007470300109015386,
    0.006276242040076923,
    0.005938788968055088,
    0.0063785257332661174,
    0.007492305313333276,
    0.01755631444439879,
    0.014755046820136354,
    0.0061353841286273655,
    0.015258994055466917,
    0.006184175822010006,
    0.005790953288388436,
    0.012977158623092771,
    0.009200276742302869,
    0.012506357927338741,
    0.005595119352995481,
    0.008556805039932544,
    0.012243753237324897,
    0.024177098734361472,
    0.01198779619433217,
    0.012224859519024057,
    0.006777152412637934,
    0.014823199701040091,
    0.02113094694884111,
    0.006157130857397751,
    0.015900378402803433,
    0.007322528047241661,
    0.008377195683303695,
    0.01922315367622991,
    0.010029112501117892,
    0.024359554526608776,
    0.006458711332953435,
    0.012532259457677275,
    0.006111917637422699,
    0.015906536028827727,
    0.019728804139026144,
    0.009697736971818305,
    0.017927938800556237,
    0.021481558751831047,
    0.04673788119085417,
    0.027009984922731392
  ],
  "cosine_matrix": 0.4333974796887384,
  "spearman_matrix": 0.03276864801864801,
  "js_divergence_matrix": 0.38952668318014366,
  "matrix_dispersion_js": 0.09490931771280992
}