{
  "semantic_entropy": 2.9264175554979963,
  "cosine_vector": 0.12807193671806497,
  "spearman_vector": 0.002395037318288816,
  "js_divergence_vector": 0.5215883359499442,
  "vector_dispersion_js": 0.1768627641507159,
  "vector_elements": [
    0.015182162072904605,
    0.0070378842426920794,
    0.00847510486178116,
    0.004830265072606996,
    0.007533250674971085,
    0.005195519387015291,
    0.0722807204810704,
    0.00943815790548326,
    0.007497093840252519,
    0.001221657233179763,
    0.009125719579631687,
    0.0021568348936688068,
    0.007778047061078845,
    0.00849534838051796,
    0.009242041747495785,
    0.002395797782035581,
    0.004433227322258615,
    0.004874811725376922,
    0.004461558485379604,
    0.007880183140019249,
    0.0029158564393943227,
    0.007721731873098396,
    0.005783298898722918,
    0.0034260219311965296,
    0.0017238682994463693,
    0.004738796576528588,
    0.0018398879816659284,
    0.001649777078672378,
    0.004268363407710054,
    0.0032907994291578664,
    0.00597019556362235,
    0.0035979313882879725,
    0.0029611056660941706,
    0.0046919117530246175,
    0.0020813123388495895,
    0.002992454948192512,
    0.001496227474096256,
    0.004850299999844576,
    0.0034408784932129645,
    0.0038817131992273306,
    0.002781387819519184,
    0.0015812744038769678,
    0.006455980079917992,
    0.004024457264817138,
    0.0034772936226044318,
    0.0015611796060659628,
    0.004803740022099274,
    0.0027770361008236893,
    0.0018702649810734555,
    0.006864433987635411,
    0.0038640972919943527,
    0.002182571139879988,
    0.0023692106188929114,
    0.0036202622354594483,
    0.003981560018325889,
    0.0027874303087065747,
    0.004739286416541906,
    0.001861929606375231,
    0.0037488664554895103,
    0.0018744332277447551,
    0.002072853768917413,
    0.00277796507845091,
    0.0017458302026811656,
    0.00507974647493934,
    0.0029457205693226283,
    0.0038489084864402126,
    0.005034105184582682,
    0.002027522716121425,
    0.002821385888997351,
    0.0013777137018406653,
    0.004770891815349697,
    0.0017521394369975826,
    0.0013441012637173842,
    0.0017876133536001604,
    0.0016187199499650075,
    0.0024593236404808305,
    0.0031073228823581514,
    0.0016325432724218624,
    0.00281439373795507,
    0.0021736787241959476,
    0.003194839459423206,
    0.0015476947482103197,
    0.002356193519696426,
    0.0019253059599375559,
    0.0035324579867980883,
    0.004139017274955302,
    0.0028166232029250417,
    0.003441379460614983,
    0.0026541857934475857,
    0.001318348825547786,
    0.005218411183817633,
    0.009185661745237744,
    0.0024252269508848617,
    0.003455924151171895,
    0.006224836189484551,
    0.003962413589713883,
    0.0054769105811681845,
    0.005595927063392395,
    0.016260820684712622,
    0.002102650396470415,
    0.004314905202870749,
    0.00954661455474157,
    0.002808661695519721,
    0.004212992543279581,
    0.003200361406382244,
    0.0018229283023367992,
    0.005863927232831338,
    0.0019001922711598942,
    0.0016932269630290872,
    0.006060303923106201,
    0.0033585778569701357,
    0.0019362742478787453,
    0.0030422931364167,
    0.004131445749007238,
    0.003818981568954065,
    0.0020161675080430656,
    0.0038479283615396264,
    0.0019239641807698132,
    0.1875177144782488,
    0.002727554382540857,
    0.0018842671778457388,
    0.00586853286956526,
    0.003912926616038296,
    0.0043414864700799275,
    0.0052740301181010835,
    0.004511111525009165,
    0.1449517107107213,
    0.004327714592556269,
    0.005465166201366638,
    0.003802544253758913,
    0.006021630088335816,
    0.008344226443498531,
    0.0030087011493186862,
    0.0035211357412042016,
    0.008084395492797524,
    0.023856207003680137,
    0.016092994617790832,
    0.010874380608449459
  ],
  "cosine_matrix": 0.5040431412529517,
  "spearman_matrix": -0.07832114505158808,
  "js_divergence_matrix": 0.21862315584566752,
  "matrix_dispersion_js": 0.19006728551275204
}