{
  "semantic_entropy": 2.8309404302537744,
  "cosine_vector": 0.14858054834960663,
  "spearman_vector": 0.13807245386192754,
  "js_divergence_vector": 0.5060682164341235,
  "vector_dispersion_js": 0.0222222020553402,
  "vector_elements": [
    0.020870243226958858,
    0.01247062759900002,
    0.013516185016386033,
    0.042601783157074996,
    0.021165119996212567,
    0.010918639637820603,
    0.012020829069077374,
    0.011958814111858096,
    0.011539177909379826,
    0.005278015883980938,
    0.02270143546150751,
    0.006266294524574512,
    0.019564762357551377,
    0.007207801969730009,
    0.008621056910452875,
    0.01095474146325171,
    0.009191584147596797,
    0.012555083659310374,
    0.004110581948425644,
    0.007404297246343637,
    0.006263333658029199,
    0.01272336003783646,
    0.0072878089582570525,
    0.007323959720564346,
    0.01809103270477674,
    0.004507451643591423,
    0.012170240085355421,
    0.006892311937587465,
    0.009174816804699814,
    0.005002709045729891,
    0.008375042067302104,
    0.004257916528061472,
    0.003964595566615614,
    0.011900758831728966,
    0.0041841432521880495,
    0.008984565178206002,
    0.006995881025955236,
    0.003678150229247789,
    0.005564643934383968,
    0.008452897498592876,
    0.007545164454058417,
    0.0037006152933963016,
    0.009522548238830664,
    0.0065930764017406085,
    0.0038517045868139894,
    0.007789253869766312,
    0.00999306369420684,
    0.004422442594104844,
    0.010495183797612844,
    0.004324867574847585,
    0.010372222414307335,
    0.008499585126868665,
    0.006597323303694489,
    0.0048649063849752925,
    0.010312764606050975,
    0.007840842009890346,
    0.008328551585382874,
    0.008798157076342076,
    0.00743581009929752,
    0.01214166309551259,
    0.009975507578325195,
    0.005582826718937802,
    0.01513938834895176,
    0.004570430479643607,
    0.009870620329254296,
    0.008251299897118484,
    0.006389963360524354,
    0.009180060797744027,
    0.004876152948781784,
    0.014839050365276588,
    0.031203657799078358,
    0.19623001047664326,
    0.009904303070388573,
    0.013640151623745806,
    0.025861965492629868,
    0.03523317202453432,
    0.01910899847551778
  ],
  "cosine_matrix": 0.4218630055490223,
  "spearman_matrix": 0.011340076927121462,
  "js_divergence_matrix": 0.24060177276655526,
  "matrix_dispersion_js": 0.11203518588565824
}