{
  "semantic_entropy": 2.8309404302537744,
  "cosine_vector": 0.08235517101531482,
  "spearman_vector": 0.11378187737384701,
  "js_divergence_vector": 0.6278804217413998,
  "vector_dispersion_js": 0.07113883825462697,
  "vector_elements": [
    0.018512144543850615,
    0.007449460018895657,
    0.010062134981135043,
    0.03790148883527302,
    0.012005626853041415,
    0.007128811783150564,
    0.010077003205131194,
    0.017317899727798222,
    0.006819415829962228,
    0.007678891850943329,
    0.013894226621192066,
    0.005855621356730127,
    0.005316827069075772,
    0.01041854747874284,
    0.007238385977581845,
    0.004494929532472639,
    0.00836012532958719,
    0.008095495712369295,
    0.003269284498796272,
    0.0061144748922105,
    0.010578411716446938,
    0.0030066080505376062,
    0.003811892675116745,
    0.007954473139970011,
    0.002861478627181646,
    0.005881669912164337,
    0.005029129616956051,
    0.0051462042141430225,
    0.009282219748498506,
    0.00528798485734744,
    0.004732207506998944,
    0.003711715170954029,
    0.010097719614688982,
    0.0038612551330258153,
    0.007905220351091239,
    0.007345885837436925,
    0.002981667704926426,
    0.007758917079132244,
    0.004458585157636546,
    0.012051394704951842,
    0.01553748348974881,
    0.003897687475478816,
    0.0037565170633497,
    0.0028267429761802037,
    0.01016849907549608,
    0.004667111037100816,
    0.014800454166590038,
    0.006953540073598568,
    0.00977145174075137,
    0.007837565998373971,
    0.003403428074984272,
    0.0064410678090235296,
    0.00974549725329453,
    0.01110695443961396,
    0.0036197508644367207,
    0.005670608939169629,
    0.003985062702881322,
    0.002554694623169616,
    0.007118065510832556,
    0.0029171283130084037,
    0.025400780858536816,
    0.0044027470617339585,
    0.0060300228580811134,
    0.0056397292037962616,
    0.002260249041517203,
    0.00483713276708016,
    0.019606301577816027,
    0.0054426585562727635,
    0.0316667725129385,
    0.004495133803153868,
    0.004059959338252002,
    0.004390478677638742,
    0.0044446933166066216,
    0.004751615003682309,
    0.005558627788970116,
    0.003019195549445849,
    0.007307877079638814,
    0.01704502365855021,
    0.0033093523532943024,
    0.004887423066663074,
    0.21627286464630346,
    0.004788727912178269,
    0.022717760609437553,
    0.0047080406333953285,
    0.046806495721237684,
    0.004028198230430698,
    0.00826875723603448,
    0.004555203449654854,
    0.004933023707125586,
    0.002603733877450037,
    0.006072919441340142,
    0.004892917601757074,
    0.006737705122079473,
    0.010503969133724386,
    0.005639795595062063,
    0.009379364464892148
  ],
  "cosine_matrix": 0.352026560335798,
  "spearman_matrix": -0.020652145828488757,
  "js_divergence_matrix": 0.2196240727738112,
  "matrix_dispersion_js": 0.03748096168164293
}