{
  "semantic_entropy": 2.995732273553991,
  "cosine_vector": 0.14473204547902885,
  "spearman_vector": -0.007245195107746068,
  "js_divergence_vector": 0.5691937745473594,
  "vector_dispersion_js": 0.08621930937622313,
  "vector_elements": [
    0.028621261824209984,
    0.008085415058839893,
    0.01255551621637414,
    0.010119784312067512,
    0.0031837448517223967,
    0.006792464212212781,
    0.005349325699789048,
    0.006995566744499851,
    0.008207098926860168,
    0.007156518866771526,
    0.012606693628468712,
    0.010620809443967396,
    0.013778762453973878,
    0.00788784046752767,
    0.00563979099664411,
    0.0057802801359156265,
    0.006044346196840777,
    0.0077998795064859235,
    0.04522623571072685,
    0.008353939799460197,
    0.010834945789654448,
    0.004436078797328264,
    0.007524736913349461,
    0.004468853440846903,
    0.00623389148032906,
    0.0034844772755527457,
    0.006570370351175167,
    0.007739219930343005,
    0.009360316400072684,
    0.004101304999482234,
    0.007810561035214101,
    0.00546628868725428,
    0.006455762775939759,
    0.004273643027595923,
    0.008621463142293055,
    0.003718376973316133,
    0.006881861841866678,
    0.007161977930392254,
    0.003283245732042592,
    0.007679923228996742,
    0.018295970144706807,
    0.008813064373310654,
    0.004520150241396006,
    0.005167514532137649,
    0.002865626163962202,
    0.006041397271830631,
    0.004660858714274007,
    0.007044588935134867,
    0.0028271750546782705,
    0.006956114087838311,
    0.005660629058435107,
    0.0026210354349064497,
    0.00692165586975037,
    0.008931814049861157,
    0.005194697640190492,
    0.026896736683449687,
    0.005680209810916883,
    0.005305804742300946,
    0.004484244859476024,
    0.009685854426762426,
    0.014150185261377485,
    0.0038366452844262235,
    0.0043902342945434545,
    0.0023824721074993064,
    0.014971648746249606,
    0.004109863746935117,
    0.006865251435260425,
    0.004930778210957931,
    0.00685660256004523,
    0.004862550414383117,
    0.006919277292603566,
    0.005315749217056169,
    0.008126357745895268,
    0.0030077916563156473,
    0.08192287547342635,
    0.00459527071788971,
    0.013440779555923606,
    0.004365947852015262,
    0.00817237977427945,
    0.011878076458647756,
    0.0038945407927712373,
    0.009795922185228964,
    0.009411478627083641,
    0.004850638701264385,
    0.017660686086056476,
    0.010158013458455423,
    0.01605645309701897,
    0.006192374546047638,
    0.04440538009100344,
    0.0053141655361585586,
    0.012174348578094083,
    0.005284514437231412,
    0.0071188776885402864,
    0.00852199372987004,
    0.059946914925180395,
    0.0058531512952418804,
    0.01849981728895946,
    0.0066262831279741115,
    0.011139556598913199,
    0.016294579474115164,
    0.010211855027337827
  ],
  "cosine_matrix": 0.5188753383965743,
  "spearman_matrix": 0.03519381349899696,
  "js_divergence_matrix": 0.2684862761032943,
  "matrix_dispersion_js": 0.07954562690925077
}