{
  "semantic_entropy": 2.8309404302537744,
  "cosine_vector": 0.26762609551889716,
  "spearman_vector": 0.1666083916083916,
  "js_divergence_vector": 0.47295501497906267,
  "vector_dispersion_js": 0.011622927004220074,
  "vector_elements": [
    0.03857630619243658,
    0.01749356967732286,
    0.021505750582533154,
    0.10475899352051153,
    0.028204396614849022,
    0.015402339685730864,
    0.005134113228576957,
    0.010415768004645106,
    0.00905982910228948,
    0.009333973100735249,
    0.016638451092435825,
    0.008681010781068553,
    0.017002198237705594,
    0.034204564441139174,
    0.007238569487963659,
    0.022382356834122912,
    0.014163582740893703,
    0.013220165819639234,
    0.007457430352631793,
    0.01791656573054894,
    0.006747890792260608,
    0.007981199648462686,
    0.008769150377057076,
    0.011921709560972547,
    0.020000827340790235,
    0.006670321343094781,
    0.005445464860211467,
    0.004776364417775646,
    0.005205829698894437,
    0.0065332593941619995,
    0.016899016273642355,
    0.01456293029078139,
    0.006534076311723145,
    0.017995518752528826,
    0.006371510706303718,
    0.005940364128788526,
    0.016607771727987275,
    0.010268371740299733,
    0.008387829904446155,
    0.005368569426832668,
    0.007285318007829573,
    0.013628996009294346,
    0.036378925807735184,
    0.014132361786935254,
    0.01342920797699831,
    0.006013196985227581,
    0.017009841090108564,
    0.02383539815358845,
    0.006321687874076229,
    0.01508388918690231,
    0.006586090341093613,
    0.00911220987375301,
    0.019000763251539064,
    0.009777212846363476,
    0.027287474362570608,
    0.006879779624080112,
    0.01326540458286578,
    0.00650153965867102,
    0.0177725843992985,
    0.01931369693355589,
    0.009267209287320086,
    0.017902039987359886,
    0.01844757322568117,
    0.0327669861287205,
    0.021222700693636104
  ],
  "cosine_matrix": 0.38132109609226833,
  "spearman_matrix": -0.044822403206549545,
  "js_divergence_matrix": 0.3664143688798495,
  "matrix_dispersion_js": 0.0
}