{
  "semantic_entropy": 2.9264175554979963,
  "cosine_vector": 0.22226018573333295,
  "spearman_vector": 0.039687852648088294,
  "js_divergence_vector": 0.5239975203784377,
  "vector_dispersion_js": 0.09878843140634341,
  "vector_elements": [
    0.013925583125715723,
    0.008421383825557545,
    0.02659291825639564,
    0.00402996946152621,
    0.008599328186053133,
    0.009953298026219574,
    0.008006359656647383,
    0.0051685084516995645,
    0.00430649762133909,
    0.008617049045455821,
    0.019297365408611475,
    0.007820303473227288,
    0.017774044343127026,
    0.005576303116637941,
    0.00498412712726924,
    0.1754723396807804,
    0.005168294211548009,
    0.0055585941654351595,
    0.002065406144019793,
    0.0037666842273490473,
    0.0032089779860339463,
    0.0016625492882476132,
    0.003041629603158374,
    0.004930896361946906,
    0.007061533181435312,
    0.004972525245401008,
    0.0019347324647093014,
    0.004572289738726821,
    0.005572138357690762,
    0.010718041666409947,
    0.001769041577095295,
    0.0020204220576506234,
    0.003953062395202022,
    0.010106361992531055,
    0.0022228593798783967,
    0.003863593834619832,
    0.0012419969157932197,
    0.0012861868860499716,
    0.01814494247675717,
    0.009518309034909682,
    0.0025444338069158844,
    0.010880626790527065,
    0.0015106589743089655,
    0.09004670291402228,
    0.0035566131343388674,
    0.014409970119976698,
    0.002825702354946162,
    0.011667249358196333,
    0.0020388210531655784,
    0.015810651221060287,
    0.003947847057060435,
    0.003241600163002758,
    0.004053644730873532,
    0.0055210156935301975,
    0.01971703752545742,
    0.0050195035096155475,
    0.009062243241449922,
    0.022462458349818196,
    0.005687120943756886,
    0.0017371019733236287,
    0.003842464075061457,
    0.004367799076902178,
    0.004156649018832982,
    0.004082647167821613,
    0.01021962782243914,
    0.0033106804205968467,
    0.010914678323331066,
    0.004566319496507895,
    0.0029775650389787327,
    0.006795821839238934,
    0.0027945293272137314,
    0.014499088329293875,
    0.006751286787536128,
    0.002526177277820313,
    0.014086952208752761,
    0.002746212479805394,
    0.008397248819161592,
    0.0016898421603788575,
    0.025452492813281966,
    0.002309449418105487,
    0.015065503857137504,
    0.006843565005497433,
    0.0031249722057136416,
    0.0040689481097994145,
    0.055668056534530795,
    0.008933856475994779,
    0.002509143254039535,
    0.008446315856481373,
    0.001793325392156001,
    0.01072508222208105,
    0.0023069678549588976,
    0.00981765454705779,
    0.004395926113392102,
    0.01402806185922197,
    0.005586813458563012,
    0.005503374868509918,
    0.004717372309395148,
    0.017330077260199524
  ],
  "cosine_matrix": 0.6018020469273087,
  "spearman_matrix": 0.08770923157404828,
  "js_divergence_matrix": 0.23515733684607357,
  "matrix_dispersion_js": 0.10019423547867552
}