{
  "semantic_entropy": 2.995732273553991,
  "cosine_vector": 0.08362978712647028,
  "spearman_vector": 0.058423142370958595,
  "js_divergence_vector": 0.5862956325794817,
  "vector_dispersion_js": 0.2379126736487942,
  "vector_elements": [
    0.01208441840936678,
    0.012601006468418321,
    0.01782021075328992,
    0.044201694513784334,
    0.01257579385157775,
    0.016231796814101872,
    0.016247886558611476,
    0.010330971551093486,
    0.004835195051662061,
    0.0158821929522155,
    0.00460272837526961,
    0.010588819155487584,
    0.00493737910513628,
    0.004000434474675737,
    0.015890188490274973,
    0.009658878002396036,
    0.004089337969976202,
    0.005769631796596492,
    0.012877712589588322,
    0.011463298222303934,
    0.004542602196779822,
    0.007070291001446727,
    0.0035351455007233633,
    0.004318775661440335,
    0.006104101138956681,
    0.003866455189303372,
    0.011003168186845175,
    0.008097555670952501,
    0.00496552136330437,
    0.005583198840483038,
    0.012413044007448075,
    0.007602425980464839,
    0.015183225524850845,
    0.010987605741233279,
    0.013332577823502209,
    0.05253824680870749,
    0.005072955517705457,
    0.006527810731246111,
    0.010064306444895732,
    0.013121816708995952,
    0.5333635831246054,
    0.014016011730282742
  ],
  "cosine_matrix": 0.11836285817402839,
  "spearman_matrix": 0.008086864921805364,
  "js_divergence_matrix": 0.5313794515717433,
  "matrix_dispersion_js": 0.08377689416418344
}