{
  "semantic_entropy": 2.7877881193860072,
  "cosine_vector": 0.13341835800510107,
  "spearman_vector": -0.08287037037037037,
  "js_divergence_vector": 0.6055996155324288,
  "vector_dispersion_js": 0.020557958299208146,
  "vector_elements": [
    0.014245673126212144,
    0.00788352011724902,
    0.009235441999418116,
    0.005796553008714502,
    0.007950775609593829,
    0.006185757483902779,
    0.027174908445607767,
    0.011138112433994294,
    0.007619616033980633,
    0.0058076903845774635,
    0.0055780170980133156,
    0.00602398512320748,
    0.005576645246828276,
    0.007024652361930636,
    0.0054156766996852936,
    0.008502096791912632,
    0.008075658195549548,
    0.0046790713711466324,
    0.005549472742021697,
    0.0033183034303525495,
    0.005087009475879873,
    0.005811149212981,
    0.007326669720832009,
    0.002186013659810637,
    0.005513533907959015,
    0.011040498866143524,
    0.003385199449916721,
    0.004938819042688429,
    0.00427552395883189,
    0.0024987733792942893,
    0.008264018393243774,
    0.003796273724104896,
    0.005164187972849204,
    0.007140760042296794,
    0.004517043289026559,
    0.004183519395432478,
    0.006853797450631177,
    0.004365645415380493,
    0.008266424937284206,
    0.007922710691718028,
    0.006563693721676278,
    0.0023079287668630716,
    0.004070335795203179,
    0.0017882400322536275,
    0.005028756061482154,
    0.0023971854328200207,
    0.0017568273161306582,
    0.003059235750957919,
    0.00361979201246943,
    0.0018882618897495306,
    0.0038973231908676098,
    0.004029910345062909,
    0.005189426147207934,
    0.0026675950329711853,
    0.0036223360131326142,
    0.0019501481387529612,
    0.0018592121526407649,
    0.004825264392773001,
    0.0037600426538375985,
    0.014434756971472883,
    0.0066486589583059615,
    0.005974845963885608,
    0.004896430263842819,
    0.003508032863150656,
    0.00470677430293859,
    0.0035666631010062705,
    0.007453328833672856,
    0.005850935814167431,
    0.00341863391559493,
    0.004424292237171836,
    0.005807617192295637,
    0.007405263964205684,
    0.0022964729010471817,
    0.015221191583895318,
    0.004365096690626042,
    0.004993164984266448,
    0.003625319680649015,
    0.0022863723147906086,
    0.0025164045947774277,
    0.005813435282909397,
    0.0040798744473682265,
    0.0027289518831052737,
    0.0058686939246024505,
    0.005572431705204195,
    0.004125825072775204,
    0.013379796142343416,
    0.0037424993087366095,
    0.006081465191854215,
    0.0063773375458454,
    0.003151724632400185,
    0.001907163644441031,
    0.006858987838064682,
    0.0035195911342965126,
    0.006619462644364644,
    0.0032732960016155243,
    0.0019061329767588342,
    0.0030381894234126046,
    0.002417106438202209,
    0.005188284184374881,
    0.004012751471404541,
    0.004545250431535352,
    0.005755146789782962,
    0.01069125762833636,
    0.017514889774422577,
    0.0068604389147024145,
    0.005620981198430731,
    0.006174639934656888,
    0.006207423752315922,
    0.010437287105290375,
    0.006213629362884977,
    0.007532988609733166,
    0.004437576756233866,
    0.004027879775015846,
    0.004610934297344606,
    0.0027362049009942643,
    0.0036269227883981518,
    0.00309881339171208,
    0.0033709918778217197,
    0.004885222501918694,
    0.002587850937771796,
    0.008903730155584665,
    0.00590349606460779,
    0.0049831767243336735,
    0.005715174793132641,
    0.0083521118518025,
    0.014102732335079688,
    0.0022929374108910093,
    0.002683503503014668,
    0.0044029710793425745,
    0.01819882665376526,
    0.0037824883926511612,
    0.004774929573600569,
    0.0021320527626948306,
    0.007930944248021909,
    0.0038362894351560086,
    0.004787663088434176,
    0.00398416641966015,
    0.0071970774253072075,
    0.003428192787278697,
    0.003259071803642737,
    0.002877294641374084,
    0.0016108044815286253,
    0.023962598884359095,
    0.0029082072453507956,
    0.005435483704519008,
    0.008224234381887244,
    0.04777810438970277,
    0.003291792315227635,
    0.003422625998659322,
    0.002969075909689142,
    0.00182670298218373,
    0.005294929423912647,
    0.017829250833223134,
    0.007521310526095398,
    0.006682671112635986,
    0.00538667137972407,
    0.010348440251656654,
    0.004370478202827846,
    0.017267039042504883,
    0.01775327928731612,
    0.008987165205417912
  ],
  "cosine_matrix": 0.6484977615327447,
  "spearman_matrix": -0.09876581550494593,
  "js_divergence_matrix": 0.16887085762724496,
  "matrix_dispersion_js": 0.09500284312020042
}