{
  "semantic_entropy": 2.995732273553991,
  "cosine_vector": 0.31012194421376255,
  "spearman_vector": 0.004224270353302612,
  "js_divergence_vector": 0.48349850739474887,
  "vector_dispersion_js": 0.06288249926893386,
  "vector_elements": [
    0.028629387240937124,
    0.012462901429050741,
    0.04763222246097072,
    0.02611003916714678,
    0.015077183745247299,
    0.019286609889043134,
    0.015510460683807,
    0.01300189047390124,
    0.015859151499967156,
    0.010560503225430668,
    0.020965881988825652,
    0.010147567329810673,
    0.016843463682923155,
    0.011218697683315843,
    0.007061247688461806,
    0.012920712569627194,
    0.010144714792910254,
    0.02186086295781191,
    0.010999411064858149,
    0.01819004340818669,
    0.008703457573016903,
    0.01906464145507161,
    0.011234575521494244,
    0.008010338704021704,
    0.0070993087507704835,
    0.01105967520473287,
    0.012196484367340091,
    0.01115660606897143,
    0.009107088532107628,
    0.012550648818392698,
    0.009326497983225634,
    0.020971209162530587,
    0.01682161701784647,
    0.015982871846004176,
    0.007315296432820266,
    0.0068936216381823455,
    0.007659061748175675,
    0.011789657001064394,
    0.009268234083899436,
    0.011463187152722546,
    0.05379141009807943,
    0.011063745662674799,
    0.006655742524733016,
    0.012347895901915328,
    0.008103746791419508,
    0.01268709943178436,
    0.009493742090950733,
    0.007290741722160429,
    0.015967749405480628,
    0.008824012540169216,
    0.02487523044608004,
    0.03848462462965945,
    0.010005937123389378,
    0.00601962812255679,
    0.013033989955796776,
    0.016660438153492642,
    0.009723140611227964,
    0.06169915184619428,
    0.02149858516749413,
    0.015572551800414808,
    0.010158001464065649,
    0.03495926111191476,
    0.01892654135372169
  ],
  "cosine_matrix": 0.5948055336692657,
  "spearman_matrix": -0.09719698983811886,
  "js_divergence_matrix": 0.282816778661907,
  "matrix_dispersion_js": 0.07864300685404041
}