{
  "semantic_entropy": 2.995732273553991,
  "cosine_vector": 0.44063700511060927,
  "spearman_vector": 0.15264252106357368,
  "js_divergence_vector": 0.4664371924801958,
  "vector_dispersion_js": 0.04479826316541713,
  "vector_elements": [
    0.023877239767561426,
    0.022839957032691323,
    0.024952619470332633,
    0.07090134977088505,
    0.05007049942422189,
    0.028641445004752148,
    0.012525582092319599,
    0.022567430207954528,
    0.030041328152668863,
    0.021818295112766194,
    0.03356978809107194,
    0.009425858528103077,
    0.027345694747882985,
    0.028390403579197223,
    0.030173999836962045,
    0.010567552828933732,
    0.021961975893402083,
    0.011777241729386101,
    0.008758911643303642,
    0.03492782458131299,
    0.025847310310076928,
    0.009755440991681418,
    0.018214019586707444,
    0.022420596075006113,
    0.04697775139624267,
    0.012084373354003922,
    0.01856979360565329,
    0.009284896802826645,
    0.011090247977353602,
    0.021930915687732963,
    0.02459205723228497,
    0.024259364442376537,
    0.044396095333160676,
    0.02265929544016512,
    0.02770488465411361,
    0.02643543222147438,
    0.07480741794263583,
    0.033835109450794536
  ],
  "cosine_matrix": 0.7590247463706323,
  "spearman_matrix": 0.03037582352147835,
  "js_divergence_matrix": 0.14768392143769954,
  "matrix_dispersion_js": 0.0967762416986013
}