{
  "semantic_entropy": 2.995732273553991,
  "cosine_vector": 0.4305689794320572,
  "spearman_vector": 0.06379253747674798,
  "js_divergence_vector": 0.46872234174598715,
  "vector_dispersion_js": 0.04132126372498934,
  "vector_elements": [
    0.029150600858088932,
    0.028506581986048742,
    0.029065928477037685,
    0.06991638297407259,
    0.053731109588095176,
    0.03162305172163451,
    0.013079576961853768,
    0.024702232365759635,
    0.02597778931060367,
    0.022626419242601496,
    0.03325036883311427,
    0.009498297121044778,
    0.027174060271121393,
    0.027804829273703972,
    0.03338721299548778,
    0.011415271196096529,
    0.02279931803966408,
    0.011587325045182378,
    0.008720244228210114,
    0.03070151699932526,
    0.0263748493970967,
    0.00975967462846068,
    0.01591781290509368,
    0.019950648932924635,
    0.0415112421480571,
    0.01183776793582716,
    0.018575657833549607,
    0.009287828916774803,
    0.010899065396128498,
    0.02165863741197601,
    0.024130578836340892,
    0.020859345020477923,
    0.04028813430321056,
    0.021685843060199793,
    0.028770722483351212,
    0.025354206204388104,
    0.07352997929199419,
    0.03488988780540154
  ],
  "cosine_matrix": 0.7563686430322822,
  "spearman_matrix": -0.08220073948348121,
  "js_divergence_matrix": 0.14849656348588813,
  "matrix_dispersion_js": 0.09811393984407978
}