{
  "semantic_entropy": 2.995732273553991,
  "cosine_vector": 0.4369808125246885,
  "spearman_vector": 0.02424242424242424,
  "js_divergence_vector": 0.5190554818532558,
  "vector_dispersion_js": 0.0635944976868199,
  "vector_elements": [
    0.060100138825367744,
    0.02028113838851623,
    0.028261154275740552,
    0.08978731836846213,
    0.04079139543010916,
    0.025916687967340788,
    0.02306312401012362,
    0.015538544677457208,
    0.019959961268065676,
    0.017584144037807423,
    0.015099996256920184,
    0.023304547127442097,
    0.006786033055066699,
    0.02695538236924881,
    0.018752929540413493,
    0.017612858219607706,
    0.008298391241409188,
    0.016205934466383586,
    0.00684043233153174,
    0.005630700768907628,
    0.013164409932879283,
    0.012436742754645643,
    0.01562332357996127,
    0.006527245484959214,
    0.01847553493191692,
    0.012245544710275218,
    0.023594777875722176,
    0.01512914539406642,
    0.007175041649923454,
    0.009694914948080292,
    0.004847457474040146,
    0.00751366784432954,
    0.01596714711797561,
    0.00861345899047624,
    0.012839149034322888,
    0.013970636128065334,
    0.01296570722491845,
    0.01613977941348296,
    0.023405251364389593,
    0.06899424699900704,
    0.016090898894448587,
    0.022121306145245857,
    0.03748902992316454,
    0.08917713892632799,
    0.029027630631453798
  ],
  "cosine_matrix": 0.640032857235913,
  "spearman_matrix": -0.12019762845849802,
  "js_divergence_matrix": 0.25104106959919703,
  "matrix_dispersion_js": 0.05149855627780533
}