{
  "semantic_entropy": 2.8571028374420018,
  "cosine_vector": 0.39697917337842575,
  "spearman_vector": 0.16735459662288932,
  "js_divergence_vector": 0.3913117735426104,
  "vector_dispersion_js": 0.047836849126719816,
  "vector_elements": [
    0.048951477153707804,
    0.025743632858227776,
    0.01789002567671853,
    0.04144697696458176,
    0.03641946117801684,
    0.04011451971085302,
    0.015982247962349445,
    0.021400271211968514,
    0.017884257745598767,
    0.012997157657569243,
    0.02280227278699896,
    0.013758918091102251,
    0.02088876985673116,
    0.009192907947812676,
    0.01657352804312115,
    0.01481765691791909,
    0.040520442069074965,
    0.019670506331820905,
    0.007373778332427288,
    0.0236519244790089,
    0.06650748924891665,
    0.012569218187102757,
    0.034920646758288494,
    0.02960053554551173,
    0.00880349777764446,
    0.008561256028623504,
    0.016162842534159064,
    0.03935895909276075,
    0.02006910861109545,
    0.030928837996271902,
    0.02388410882780102,
    0.016931919699508777,
    0.045246615502278334,
    0.009142531593869116,
    0.015720287822969133,
    0.024706350884001037,
    0.015336275995625266,
    0.025227600486494244,
    0.041330732210417755,
    0.04691045222105137
  ],
  "cosine_matrix": 0.21025282135429238,
  "spearman_matrix": 0.03041606886657102,
  "js_divergence_matrix": 0.5944604211897259,
  "matrix_dispersion_js": 0.06441022790969508
}