{
  "semantic_entropy": 2.995732273553991,
  "cosine_vector": 0.3092259891761448,
  "spearman_vector": 0.16348088531187122,
  "js_divergence_vector": 0.4240533195248819,
  "vector_dispersion_js": 0.08194778005991843,
  "vector_elements": [
    0.009818186299476178,
    0.009456617926464092,
    0.020181310150425798,
    0.12874203576740578,
    0.019682469392929038,
    0.013929701595486925,
    0.01292123768780581,
    0.005914923078610749,
    0.0053795698388245045,
    0.022369643611618723,
    0.017643389331458943,
    0.005513817152508365,
    0.008563658577004175,
    0.014657335822031428,
    0.003987276374344966,
    0.015029899365218978,
    0.009086419750363693,
    0.015306263075374128,
    0.004711178952093734,
    0.015081736919092186,
    0.006394302977377593,
    0.02064998278144685,
    0.009740143391232,
    0.004016723993473495,
    0.006406910657348757,
    0.003898342484333311,
    0.017390171520434573,
    0.004908743885108211,
    0.01700643263193907,
    0.009561708353395721,
    0.0026593322381974083,
    0.007467575574808832,
    0.002958996435728288,
    0.011253702045261816,
    0.005826987269240334,
    0.011166699907028135,
    0.0028684893399563713,
    0.026574004538814307,
    0.0093307464160572,
    0.010820530240269294,
    0.002451886388887912,
    0.008219228418858584,
    0.016038695427481642,
    0.005959123765328101,
    0.006922225934585583,
    0.0028307331116654306,
    0.012517391764500934,
    0.008697941445987895,
    0.017206499756628527,
    0.01150095886282937,
    0.00637018428348503,
    0.004608504683569797,
    0.00862964436332587,
    0.004837445233894067,
    0.01006835690618356,
    0.006921642340794756,
    0.013930507033093467,
    0.012214969419301166,
    0.0030460226370637366,
    0.032600877327957266,
    0.006132103740560694,
    0.017978871984548415,
    0.0027686194935763026,
    0.007977564002757488,
    0.030109213054975725,
    0.009212045693967955,
    0.013384789544339748,
    0.020651616727533895,
    0.04204531900009353,
    0.08051599661040834,
    0.02477382369182536
  ],
  "cosine_matrix": 0.6645206993923809,
  "spearman_matrix": 0.447447390614313,
  "js_divergence_matrix": 0.23412797076963926,
  "matrix_dispersion_js": 0.0029328486671839522
}