{
  "semantic_entropy": 2.9264175554979963,
  "cosine_vector": 0.5699493888566995,
  "spearman_vector": 0.095142089093702,
  "js_divergence_vector": 0.39824483739189187,
  "vector_dispersion_js": 0.044047247747203144,
  "vector_elements": [
    0.0463535900418153,
    0.015915488701839228,
    0.01923814481434664,
    0.0740914269647638,
    0.015360791048269273,
    0.022254848784638608,
    0.023197955163713358,
    0.013258933517277267,
    0.006899858370484223,
    0.016356195582541637,
    0.006876079720991556,
    0.016107597967649958,
    0.0068261266657500975,
    0.005257332102578985,
    0.01305327628088616,
    0.011958037337106231,
    0.010352757664338795,
    0.006113443640523645,
    0.013450037024408078,
    0.01232245447181919,
    0.02128386108916516,
    0.012961502274182362,
    0.010760023819151207,
    0.022129777730329234,
    0.010153918715069961,
    0.02042282185274086,
    0.017637344082980996,
    0.007164333362932089,
    0.01083077991318064,
    0.00541538995659032,
    0.006000461167262633,
    0.009001788804856784,
    0.006061972382348392,
    0.014120020872671142,
    0.009822638462500812,
    0.036272948425308774,
    0.010119141873028611,
    0.012037187486729018,
    0.010330266218001425,
    0.00794358794208103,
    0.018984716248396476,
    0.008678323881666327,
    0.0337295604068936,
    0.010431043917276462,
    0.013671322377018909,
    0.008928911750622659,
    0.015923227405787027,
    0.010662890600383076,
    0.006275307587135246,
    0.014390238132965175,
    0.006511865333395568,
    0.008633656546373134,
    0.015513944755909018,
    0.008162921003696843,
    0.014920278610614329,
    0.018321606463184266,
    0.056137758297051164,
    0.00878667416602188,
    0.008740888118757917,
    0.01469415650375168,
    0.01822079451270355,
    0.04809312718012867,
    0.015872643903413464
  ],
  "cosine_matrix": 0.4848890377874521,
  "spearman_matrix": -0.04550519804696072,
  "js_divergence_matrix": 0.3882198044568552,
  "matrix_dispersion_js": 0.05092423176538753
}