{
  "semantic_entropy": 2.995732273553991,
  "cosine_vector": 0.6188036127306829,
  "spearman_vector": 0.21977013329076545,
  "js_divergence_vector": 0.34368026860835954,
  "vector_dispersion_js": 0.1685743670179889,
  "vector_elements": [
    0.017929803180548372,
    0.012660767513013415,
    0.04484901924994827,
    0.006583055056118628,
    0.010218504662546214,
    0.007602462315977127,
    0.011063749260235975,
    0.008120966238420832,
    0.00562460929731204,
    0.026742354537320427,
    0.00763115802845405,
    0.009304627068087433,
    0.016676128255979528,
    0.00530152772104201,
    0.0024683220503198154,
    0.005606728214141026,
    0.0026503594732386654,
    0.3606647568015991,
    0.09544557158680303,
    0.004872733547830277,
    0.00490117272272888,
    0.010923378063413543,
    0.008380005031445075,
    0.009143403877764066,
    0.0023162746109933927,
    0.008192096817515083,
    0.017042166410613766,
    0.002917380624418919,
    0.004772136330719247,
    0.0023860681653596234,
    0.005735492563982676,
    0.0027114497886502682,
    0.007778030271844344,
    0.004765282984014682,
    0.009948528929540568,
    0.004559287750431874,
    0.001762051942666051,
    0.00930073350249182,
    0.002383383434131133,
    0.02314831964361715,
    0.004801848781953091,
    0.0031129121794326773,
    0.006473138773492744,
    0.007623487422517382,
    0.0018802451766679962,
    0.00610484820531795,
    0.003337777926180693,
    0.006910279450799985,
    0.0036770862932378463,
    0.003936188471108798,
    0.009731833522219605,
    0.0018053641805010107,
    0.021493093407956087,
    0.0019545149326050015,
    0.0031641721339472563,
    0.006667738054541458,
    0.0017705727698310847,
    0.022547442391491503,
    0.0018086043790618367,
    0.024355070915094958,
    0.004096434778705744,
    0.003910192728259553,
    0.00819310439488774,
    0.013817138556376682,
    0.007792959582178115,
    0.004979709610824304,
    0.008970393455530468
  ],
  "cosine_matrix": 0.35084905169913566,
  "spearman_matrix": 0.066216075674133,
  "js_divergence_matrix": 0.3905461766622095,
  "matrix_dispersion_js": 0.15892979240321364
}