{
  "semantic_entropy": 2.9264175554979963,
  "cosine_vector": 0.16161579141536514,
  "spearman_vector": 0.050553656869446344,
  "js_divergence_vector": 0.4783843777881689,
  "vector_dispersion_js": 0.08195682318139319,
  "vector_elements": [
    0.015158711482667914,
    0.0042173664316587705,
    0.007669256952875994,
    0.04497256719580001,
    0.012240313005840484,
    0.006063306760781798,
    0.009010838210889955,
    0.02837114839234318,
    0.006431191534011009,
    0.0026893293929333597,
    0.0038316065869963946,
    0.02345530301723037,
    0.0023550226797151084,
    0.23811040853971693,
    0.006103944031304543,
    0.010248333969208873,
    0.006011065162233958,
    0.0032302443529315604,
    0.012881084975893735,
    0.002196897785003611,
    0.021363174053105168,
    0.004176339716169205,
    0.02627526821732863,
    0.012008785110478565,
    0.011558085682819364,
    0.02256655171745885,
    0.007980956543141508,
    0.0021939688237022736,
    0.020867433214120757,
    0.0034241414742562457,
    0.011158080933839154,
    0.007319457666591937,
    0.005701357631760721,
    0.011189388852476417,
    0.002177687963752193,
    0.02588610262330525,
    0.005961993716980042,
    0.020671802391378724,
    0.013035279822116634,
    0.006317210427638298,
    0.0016344549071547728,
    0.017530638187970984,
    0.004725980895780009,
    0.014413814102486598,
    0.006222583179616244,
    0.012504142001446958,
    0.01097720753168451,
    0.004628201926868599,
    0.006669452662831295,
    0.0022950566226093193,
    0.007341085862629585,
    0.0033367692722502365,
    0.00547033277600717,
    0.0017292788848091956,
    0.015542651918578518,
    0.002851568091443913,
    0.006797037024356221,
    0.0037836207953336758,
    0.0053327073580939546,
    0.01179913672907063,
    0.0012095035924865674,
    0.021364050998429522,
    0.0035245451824150267,
    0.02407564551313466,
    0.0056391000609339005,
    0.0059881998185412405,
    0.0012046608876746,
    0.02172358274330149,
    0.0033715181205670537,
    0.018718070424133183,
    0.004238009355205693,
    0.003524727015786185,
    0.00797563747512205,
    0.017516606372797422,
    0.018156754226958657,
    0.009102660439033223
  ],
  "cosine_matrix": 0.48476664516647455,
  "spearman_matrix": 0.10288423077896762,
  "js_divergence_matrix": 0.2244502226410619,
  "matrix_dispersion_js": 0.12285554969012973
}