{
  "semantic_entropy": 2.995732273553991,
  "cosine_vector": 0.37111466689696915,
  "spearman_vector": 0.24839275277615433,
  "js_divergence_vector": 0.4116524410728375,
  "vector_dispersion_js": 0.07023815336327566,
  "vector_elements": [
    0.012488477632805063,
    0.012034790263785178,
    0.051183422072634766,
    0.06549784734637006,
    0.013291613200214011,
    0.020696889782383134,
    0.014339650970193178,
    0.018615101800222602,
    0.013995318650121751,
    0.007548301250004205,
    0.011647436386580582,
    0.01566087171776683,
    0.004001369487752235,
    0.01279562972680346,
    0.007479463938707961,
    0.010175960260842299,
    0.013612927658227981,
    0.003453389654506901,
    0.011420268141671375,
    0.018013699197536984,
    0.022168646165259886,
    0.006569210908944841,
    0.015194353376818879,
    0.0053527856126853925,
    0.012162613961748796,
    0.010277210145976868,
    0.017383293603735944,
    0.013274095267712494,
    0.0051876623721929666,
    0.010653327292800436,
    0.005034346213536346,
    0.007262622548734599,
    0.006198456821607371,
    0.015665945098135726,
    0.010165583664231415,
    0.013090222806752583,
    0.01428779680632905,
    0.011887940703677189,
    0.003911102732240743,
    0.0068376333017100745,
    0.0056875615036373894,
    0.015841950700321628,
    0.023307582785523178,
    0.008949494528173875,
    0.032821354083697594,
    0.02386578403989973,
    0.0065517697621095185,
    0.014208680488815397,
    0.01989260700066862,
    0.007449944260378108,
    0.03666370133246423,
    0.015827349123003185,
    0.025827332370693176,
    0.03841590919311404,
    0.019015219915699676,
    0.029918566784419082,
    0.10074305209964131,
    0.02449486148377812
  ],
  "cosine_matrix": 0.46896682695985514,
  "spearman_matrix": 0.20524645922228132,
  "js_divergence_matrix": 0.3590119750313042,
  "matrix_dispersion_js": 0.06388183945640916
}