{
  "semantic_entropy": 2.9264175554979963,
  "cosine_vector": 0.1281641018761785,
  "spearman_vector": 0.14699684238645264,
  "js_divergence_vector": 0.49268870649664454,
  "vector_dispersion_js": 0.1225716747164789,
  "vector_elements": [
    0.012884022041367255,
    0.005964723006052568,
    0.008216798451598763,
    0.005454121755126354,
    0.009311916163126578,
    0.005032536847936645,
    0.08875463799090554,
    0.006619188939519942,
    0.0118901534257716,
    0.0020581796328784058,
    0.020207115278237674,
    0.0021366499085038217,
    0.009334956814354232,
    0.008573108949920106,
    0.012480185375635739,
    0.0019820519295048297,
    0.004048874073105377,
    0.004512415182058689,
    0.003958124706783398,
    0.00961731993628384,
    0.002946514761776556,
    0.008195791268099913,
    0.005442739425831485,
    0.0028962762941814545,
    0.00144688750162965,
    0.004476832530229999,
    0.0017425706784530133,
    0.0016177138399396866,
    0.004159009826955495,
    0.0029998190072052086,
    0.005698203354113344,
    0.0033516398475464523,
    0.003508166269906596,
    0.004887362519302489,
    0.0018672777762760977,
    0.0023470429243073617,
    0.0011735214621536808,
    0.004267513962815795,
    0.0029712366329101105,
    0.0036989294884682733,
    0.002236265411817805,
    0.001357979381400721,
    0.006671180683221667,
    0.0043713141461167344,
    0.0031087696639576705,
    0.0012657119557226467,
    0.004284200750239681,
    0.002767034687084351,
    0.0017749746776974935,
    0.013051087342805044,
    0.0037147115544659617,
    0.001974130991915697,
    0.002589494614087494,
    0.004794641874302965,
    0.004110226483374521,
    0.0029868428020886815,
    0.00473638153357869,
    0.001700408718658784,
    0.0032063400616899576,
    0.0016031700308449788,
    0.002374661088138674,
    0.0023712865950758326,
    0.0014550866399962359,
    0.004319238468168957,
    0.002536013276351579,
    0.003937105743870786,
    0.004775106119870378,
    0.0022743299828592604,
    0.002555530369271881,
    0.0011769398839961433,
    0.004910276139746925,
    0.001582841416649714,
    0.0012949669141712383,
    0.0021683342494106797,
    0.0018483714542495901,
    0.003756820246226901,
    0.0033147480059833767,
    0.0015293491460536838,
    0.002876014804142542,
    0.0023778890787747283,
    0.0032320725072625535,
    0.0014095390417571648,
    0.0024111557774935954,
    0.0024106084284478443,
    0.0036731359457404886,
    0.0037222021425860124,
    0.0025311601996980326,
    0.0035876310645551013,
    0.002147695648906458,
    0.0011168274847237895,
    0.005729107955134757,
    0.011241425991363813,
    0.0020769958454016206,
    0.0038037645327591027,
    0.005429092347971374,
    0.0037814566788991555,
    0.005956747731183747,
    0.005547059075999314,
    0.021611808488837963,
    0.0017516208165715976,
    0.0038585528185130086,
    0.01026384817506886,
    0.0026506613672016327,
    0.003975992050802448,
    0.0025768320833157938,
    0.001442992173539306,
    0.005547752716793652,
    0.0016678657647847843,
    0.001748656957689861,
    0.01126363808124536,
    0.003107446842353081,
    0.001812550128476741,
    0.003111384731549779,
    0.00606641459711592,
    0.0039515590413977736,
    0.0019617380734442075,
    0.003304809898468954,
    0.001652404949234477,
    0.154997383734941,
    0.0024304190540494395,
    0.001709007254452928,
    0.005543074993864344,
    0.0036813596265647466,
    0.004956661652370245,
    0.005632452857555548,
    0.010615544902673971,
    0.11108135901627149,
    0.003971112387599281,
    0.0050238614965743954,
    0.003915524265273676,
    0.012296664892474397,
    0.01859636594224314,
    0.002547139153316023,
    0.003718856043310041,
    0.006531649145529092,
    0.02724143181323469,
    0.015391395351705877,
    0.008510621490851899
  ],
  "cosine_matrix": 0.6420386784828525,
  "spearman_matrix": 0.428611468999569,
  "js_divergence_matrix": 0.23590590871213102,
  "matrix_dispersion_js": 0.015546880259803287
}