{
  "semantic_entropy": 2.9264175554979963,
  "cosine_vector": 0.10040099080932778,
  "spearman_vector": 0.19909245604083947,
  "js_divergence_vector": 0.49596420022805976,
  "vector_dispersion_js": 0.19941928826516975,
  "vector_elements": [
    0.014785507816093215,
    0.015001448980481853,
    0.027842252529056595,
    0.04374963300424898,
    0.012892139138862363,
    0.016162929772042013,
    0.016170603117480243,
    0.014783162433190654,
    0.005078391896312594,
    0.014221886532140193,
    0.004572082656985494,
    0.010760921648455974,
    0.0046234719502379566,
    0.003867492001288828,
    0.015101719783315691,
    0.009397369988424673,
    0.0039375192432575005,
    0.005654635896417933,
    0.012490302301576332,
    0.011957898381269833,
    0.004307609854539004,
    0.006909392833654925,
    0.0034546964168274625,
    0.004236183360614666,
    0.006104197599334763,
    0.0037531414685690726,
    0.010377710837079179,
    0.006847220347541612,
    0.004757186253859492,
    0.005609823480614011,
    0.011873703348518568,
    0.008444323598489702,
    0.01508632491736349,
    0.015513418950618646,
    0.023149207369729283,
    0.05457387527982717,
    0.005840116660992121,
    0.007972031215353854,
    0.015838447374835713,
    0.026753872489338987,
    0.47528650437925607,
    0.020259642891903223
  ],
  "cosine_matrix": 0.19142228300608982,
  "spearman_matrix": 0.0841260837857548,
  "js_divergence_matrix": 0.5409145162048716,
  "matrix_dispersion_js": 0.09131565547542463
}