{
  "semantic_entropy": 2.9264175554979963,
  "cosine_vector": 0.2161707967674942,
  "spearman_vector": 0.31417634996582366,
  "js_divergence_vector": 0.49112326270360684,
  "vector_dispersion_js": 0.050874232608631775,
  "vector_elements": [
    0.010120221969638712,
    0.0048948249177571315,
    0.0064896896354237395,
    0.038806912834215265,
    0.011493928031184293,
    0.00595569935635289,
    0.008551797855102385,
    0.02319719582033068,
    0.006465947923551885,
    0.00393671186353572,
    0.004676346980295927,
    0.022528302601795572,
    0.003690998683245288,
    0.21337318878802558,
    0.006356210775755654,
    0.008706097221879046,
    0.006207526242299969,
    0.004370760476599391,
    0.012817018387331104,
    0.0034756362756254294,
    0.02523257919313833,
    0.004907956376049651,
    0.024051780906527924,
    0.010451846678352864,
    0.009566065898978725,
    0.016739058707213428,
    0.009242843522201345,
    0.003596425829485257,
    0.02040008830989533,
    0.004800189640025266,
    0.011704382124725668,
    0.00850499724410667,
    0.007014325463607013,
    0.01125267812111564,
    0.003402193266882048,
    0.029264877042645167,
    0.006008889874690046,
    0.018583197310486164,
    0.010453538528378034,
    0.007290670392517653,
    0.003057565425794235,
    0.020225716669968866,
    0.005386994245878267,
    0.0126453560836678,
    0.006432678071228782,
    0.013127409611873255,
    0.009954364710156812,
    0.006273701375369708,
    0.007919534944158495,
    0.0037597784244161707,
    0.007761111657329444,
    0.00477383190245254,
    0.007049538863889755,
    0.0033219587601541986,
    0.0164256931882338,
    0.00438892893451248,
    0.008251710922041279,
    0.005334162582830503,
    0.006981657830979205,
    0.011490181009111167,
    0.0027475213286199834,
    0.02390703392207161,
    0.0045771938748018475,
    0.022272029654831122,
    0.006368605468860935,
    0.007562231188910229,
    0.002808668667080747,
    0.02942600994795399,
    0.004665623514218589,
    0.016918473058112653,
    0.005772384073999934,
    0.005200791356066366,
    0.00888372537425248,
    0.018464640356879558,
    0.017178799636830666,
    0.010100792291494584
  ],
  "cosine_matrix": 0.3579611015179801,
  "spearman_matrix": 0.07956005716771265,
  "js_divergence_matrix": 0.30085879584778935,
  "matrix_dispersion_js": 0.1336517364836116
}