{
  "semantic_entropy": 2.995732273553991,
  "cosine_vector": 0.08466206819536629,
  "spearman_vector": -0.14198578400599424,
  "js_divergence_vector": 0.6179865699681701,
  "vector_dispersion_js": 0.11117867394120307,
  "vector_elements": [
    0.009862931256627806,
    0.009090747011615434,
    0.01817212818794552,
    0.029540344111563623,
    0.007110542763346184,
    0.009225482946982895,
    0.006058383571837449,
    0.0047725307316306255,
    0.004987765661765054,
    0.006217628150107527,
    0.008313699114273435,
    0.004450738262790456,
    0.014467315249759543,
    0.02129565279154683,
    0.0039386424034302345,
    0.010535951126446336,
    0.01721899943228293,
    0.008114760203426136,
    0.0029396610440983783,
    0.007853647926343207,
    0.0030330164278534215,
    0.0020493537447980863,
    0.005403220275821107,
    0.004772330477831749,
    0.005699515510585145,
    0.0026501748210001957,
    0.005551144389778465,
    0.005547472895669483,
    0.008460347590099579,
    0.00769151508420797,
    0.0029969896977254467,
    0.0038354299997732594,
    0.0019177149998866297,
    0.002699663859723639,
    0.005228072509943388,
    0.001806525802043876,
    0.005295383923777318,
    0.0027618053126043695,
    0.0018139748733782906,
    0.004082200014005664,
    0.003474861349225008,
    0.007374088526833205,
    0.0021930953234457723,
    0.0076117033828167644,
    0.003855037606306232,
    0.006404546390450782,
    0.003918551742685683,
    0.002624053031311042,
    0.003562658479754583,
    0.0017813292398772915,
    0.0025704913852500817,
    0.00443240152234114,
    0.0032628024028518157,
    0.0070762277131211655,
    0.0025548220471380096,
    0.004203341789588494,
    0.0036388005747580504,
    0.004818671699598224,
    0.0034723049403218116,
    0.007705918811005757,
    0.008164975765287068,
    0.002899871130448546,
    0.011623017458915173,
    0.0174142402097229,
    0.003569995657763982,
    0.003925200249529352,
    0.0028473960289700927,
    0.005457360137064482,
    0.0042133011251306,
    0.016040440728323297,
    0.004164834657664502,
    0.004730517251818991,
    0.0028139234000737565,
    0.0025327286992804154,
    0.004539388330154327,
    0.0038664011579590592,
    0.005925189261949068,
    0.003202126705084176,
    0.1349875625197202,
    0.0038146014211355604,
    0.0049079926031788184,
    0.00606813909007038,
    0.005359495771800457,
    0.009676740679484657,
    0.029382665373650026,
    0.0036953533486124815,
    0.0076965737470692745,
    0.0028420934811072118,
    0.004637840251654827,
    0.0026315241474785507,
    0.007006931519963954,
    0.003790711732960807,
    0.00618629298815752,
    0.0034019158721227687,
    0.006366872868336366,
    0.0041073592886978205,
    0.0028295483063750307,
    0.007956683299565776,
    0.006156873383854887,
    0.003899201432268808,
    0.03126907864128154,
    0.0036013272756900906,
    0.011098480700298188,
    0.011774128855738312,
    0.014733405928589162,
    0.038081393589350976,
    0.003965907331222544,
    0.004096411911898703,
    0.004106688821377683,
    0.009192183468079745,
    0.014140005884912689,
    0.0401635020366564,
    0.04829537220967122,
    0.016149120145819165
  ],
  "cosine_matrix": 0.6720899161135632,
  "spearman_matrix": 0.3273858366578239,
  "js_divergence_matrix": 0.1469705172702342,
  "matrix_dispersion_js": 0.03664390032241975
}