{
  "semantic_entropy": 2.995732273553991,
  "cosine_vector": 0.17935961443722134,
  "spearman_vector": 0.03722334004024144,
  "js_divergence_vector": 0.5293649567125085,
  "vector_dispersion_js": 0.008625008857736205,
  "vector_elements": [
    0.013680062978050966,
    0.013749862075183207,
    0.017919996225096452,
    0.11654131623385662,
    0.024870720555324896,
    0.013041728456240883,
    0.017753045204115376,
    0.008682812222486132,
    0.007622854220096274,
    0.03357969487558604,
    0.014511259969841478,
    0.006154803095540432,
    0.01002248825924093,
    0.016672777565725265,
    0.005516094703162551,
    0.018059849896400696,
    0.010057077240054186,
    0.018149349526154657,
    0.006078424592439475,
    0.017576918966771275,
    0.007246561829514422,
    0.017664931941075324,
    0.009995105594494267,
    0.0046333037053035075,
    0.007919977293477216,
    0.00520559554614808,
    0.02004535284215786,
    0.006329883791470179,
    0.019815571075162478,
    0.011133067450569788,
    0.003864008212328117,
    0.009228027374586995,
    0.0042846079059505274,
    0.013812245662699833,
    0.006734956005909766,
    0.013781065724804715,
    0.004182878262465534,
    0.020375792836068635,
    0.009639627153307259,
    0.013532149814969531,
    0.003798438517126239,
    0.009734340165229984,
    0.013109556132555199,
    0.0071155173996427816,
    0.008839060892140083,
    0.0042609050509654686,
    0.014754763352740277,
    0.009786322554537008,
    0.018588851846184692,
    0.010048783789628583,
    0.007763183344666668,
    0.005566368021797763,
    0.010568601665367374,
    0.006059754475160289,
    0.01101362986669234,
    0.008540835518595299,
    0.014992453716819761,
    0.014752189529930931,
    0.004433628549435957,
    0.023621562895844953,
    0.007370289312294519,
    0.019735213643428163,
    0.004120046174881897,
    0.009171123144370737,
    0.019921673675379555,
    0.007969196529323586,
    0.009718206570704588,
    0.019164938769569304,
    0.030425625431853065,
    0.03700122282839725,
    0.02838786975090393
  ],
  "cosine_matrix": 0.5408325147421942,
  "spearman_matrix": -0.002617666785023868,
  "js_divergence_matrix": 0.26963431587489867,
  "matrix_dispersion_js": 0.08599747904132785
}