{
  "semantic_entropy": 2.995732273553991,
  "cosine_vector": 0.40133136221228616,
  "spearman_vector": 0.2339580868038325,
  "js_divergence_vector": 0.4315637902346543,
  "vector_dispersion_js": 0.04668438503504291,
  "vector_elements": [
    0.018530248474246877,
    0.016455921881016147,
    0.01411044216176287,
    0.03889388900162667,
    0.02919184149540305,
    0.017932324886282706,
    0.019947539798442535,
    0.0139607422965007,
    0.015853043059460063,
    0.008951532452252846,
    0.012660444164819179,
    0.004877071482152613,
    0.011687333424174655,
    0.0048756248561112325,
    0.0056277322866435985,
    0.012771403058609257,
    0.01074048180750912,
    0.013451812225874224,
    0.021242211148229426,
    0.012676222974581538,
    0.010396457590917663,
    0.02164949957083589,
    0.011619800838134915,
    0.04036802313293217,
    0.009536959039503537,
    0.02156161561308782,
    0.019238435080205896,
    0.006496504978039263,
    0.010722633848447164,
    0.005361316924223582,
    0.007328876316301343,
    0.012856469394250836,
    0.019135880652807063,
    0.004906983291846483,
    0.010282418557854802,
    0.011333803847981903,
    0.012091226394472384,
    0.00822408311834814,
    0.015893047371024243,
    0.010420226106891124,
    0.01870491157372471,
    0.009180959276205023,
    0.009922385265523758,
    0.019285723131802605,
    0.009294052291297253,
    0.010056129776706477,
    0.016864635224269505,
    0.01798015202138986,
    0.011173095703886766,
    0.004159834634238399,
    0.011680124475817023,
    0.007150155727592636,
    0.0178067715708526,
    0.010265720434246341,
    0.005461435896250872,
    0.016310215843169475,
    0.010776238295424899,
    0.01838114681249795,
    0.036122170197613705,
    0.015147853164903503,
    0.010177991886079945,
    0.012887120788104696,
    0.010602910702951437,
    0.006101606567906867,
    0.01604716060317794,
    0.0583356648977652,
    0.012535167673079045,
    0.023726540959716037
  ],
  "cosine_matrix": 0.6194467657150304,
  "spearman_matrix": -0.06785509791197464,
  "js_divergence_matrix": 0.2673974075534179,
  "matrix_dispersion_js": 0.05163941718646891
}