{
  "semantic_entropy": 2.995732273553991,
  "cosine_vector": 0.15858510107836923,
  "spearman_vector": -0.030742255990648743,
  "js_divergence_vector": 0.5298482207335264,
  "vector_dispersion_js": 0.06367871517927792,
  "vector_elements": [
    0.02148355457625862,
    0.02104403771668902,
    0.022990892817539424,
    0.11712848546385728,
    0.028842318008455874,
    0.019558292619507735,
    0.006235447544457556,
    0.011966068050272003,
    0.011642458553547758,
    0.01201468329500502,
    0.016411837661145703,
    0.009212808019213375,
    0.012631675350294821,
    0.008069531923989081,
    0.01786743801124624,
    0.008528446634518148,
    0.020044027390929926,
    0.01173083085360641,
    0.005491773735056642,
    0.015193233116361131,
    0.008208196410982976,
    0.007448319802529889,
    0.018799576811069207,
    0.016286915301167465,
    0.008519746548424901,
    0.013098023510333375,
    0.009692515333210387,
    0.005846298645722175,
    0.014281243433858958,
    0.006367471178700625,
    0.014492035974783768,
    0.009354174679370723,
    0.005281948328202996,
    0.012009796222679716,
    0.05304948927706361,
    0.010862064094934683,
    0.011854291061367948,
    0.006060435890862366,
    0.012173420085858446,
    0.010981312760253763,
    0.01449719671541553,
    0.015939999810977518,
    0.007753303894160146,
    0.017378676271483574,
    0.07598121544350833,
    0.010754303922490866,
    0.011324446168259183,
    0.005143867789422067,
    0.011413283087478802,
    0.01152278011447265,
    0.0479915993488128,
    0.011801611671003921,
    0.011800796979975723,
    0.01094263904975614,
    0.006085552933269072,
    0.006452321251974573,
    0.015298422416451596,
    0.026054823937411216,
    0.029108042500346532
  ],
  "cosine_matrix": 0.5076381138925797,
  "spearman_matrix": -0.13337424508084939,
  "js_divergence_matrix": 0.3009308111307792,
  "matrix_dispersion_js": 0.08189778835114855
}