{
  "semantic_entropy": 2.995732273553991,
  "cosine_vector": 0.23704029313211372,
  "spearman_vector": -0.1174871639987919,
  "js_divergence_vector": 0.5557158699535676,
  "vector_dispersion_js": 0.015017545765643625,
  "vector_elements": [
    0.07503469924818874,
    0.024045624402020842,
    0.02968850858348389,
    0.04872493714061322,
    0.0488454303705355,
    0.01415981478401804,
    0.02854763883466905,
    0.017515019266130787,
    0.015845200615897385,
    0.039411631951028196,
    0.02483647187724492,
    0.012503162090716993,
    0.020069082354488142,
    0.02047579690571032,
    0.009748866691817258,
    0.021345612042243212,
    0.021767634571122768,
    0.022000815246333273,
    0.010863912986217347,
    0.018466626103703504,
    0.010304497047049523,
    0.009320303734675753,
    0.02946700275484705,
    0.01808877658142627,
    0.009129188880538649,
    0.01641112066271623,
    0.024898032885210666,
    0.019779635202824348,
    0.010405002879709697,
    0.01578802113969449,
    0.009020862565378126,
    0.010625955514532796,
    0.01797722671469795,
    0.010528583373093476,
    0.01579789651374082,
    0.015190642065659878,
    0.020184718471527946,
    0.030945720732276562,
    0.01756755099996039,
    0.023941145705366845,
    0.028791912144657365,
    0.07698992254210428,
    0.03494979482212757
  ],
  "cosine_matrix": 0.46812703309560444,
  "spearman_matrix": -0.16089466089466092,
  "js_divergence_matrix": 0.36540587724729595,
  "matrix_dispersion_js": 0.06020446669111696
}