{
  "semantic_entropy": 2.9264175554979963,
  "cosine_vector": 0.15711398327108345,
  "spearman_vector": 0.0930228841363596,
  "js_divergence_vector": 0.5353300333928361,
  "vector_dispersion_js": 0.17913325439648364,
  "vector_elements": [
    0.011108759556824568,
    0.005897366254001031,
    0.009051312634846964,
    0.005376715698666575,
    0.008107031465950355,
    0.005303081841798298,
    0.07778218063680033,
    0.007393515519862699,
    0.006849531253773233,
    0.0010999414003635267,
    0.0039687433270874945,
    0.002164593794196957,
    0.009595468149849759,
    0.010296956372366202,
    0.011495443002781061,
    0.002596559567620762,
    0.005364878653796144,
    0.005982871411844066,
    0.005275887403037993,
    0.0076736396571706385,
    0.003322008760991249,
    0.007957973256313918,
    0.005781264186116204,
    0.003736099892765195,
    0.0017523726654602152,
    0.004940521516883033,
    0.0019107518880540654,
    0.001638615381650284,
    0.004866916679625379,
    0.0034003796098433284,
    0.00366719163025683,
    0.003641622797783209,
    0.0027691432731302905,
    0.004824490880373513,
    0.0021689829570642446,
    0.0031815717963944784,
    0.0015907858981972392,
    0.0054287958890313764,
    0.003983185421747052,
    0.0040598040564440155,
    0.0029732211982048374,
    0.0016721867070812982,
    0.007140527811938811,
    0.003985318724786489,
    0.003782831183406325,
    0.001541385720343646,
    0.004913579539457756,
    0.002898630479861477,
    0.0018612891498826837,
    0.0068599473307799355,
    0.003877636766890089,
    0.002117051713502215,
    0.0024014356150057745,
    0.00331679579584587,
    0.003793199184370037,
    0.0024499440976801373,
    0.004360159222999581,
    0.0017695267375294045,
    0.003550548217896893,
    0.0017752741089484465,
    0.002110529072730941,
    0.0028561073060093837,
    0.0016946648985916265,
    0.005277199526089557,
    0.003050311335469164,
    0.0039393804598064856,
    0.005216067278285822,
    0.001924764805096628,
    0.002788573747242068,
    0.0013253245709574164,
    0.004894547913214109,
    0.0017606728075399648,
    0.0013081646146572558,
    0.001673472417227943,
    0.0015091459590518648,
    0.0021780978607513347,
    0.00295768574847692,
    0.0015858510041259896,
    0.0025940320666771226,
    0.0019171138477307324,
    0.0029143979034010306,
    0.001518411581216763,
    0.0023537482623641856,
    0.0017810015889017728,
    0.003406975282559105,
    0.00448651160642149,
    0.002913767450211931,
    0.003442799814900679,
    0.0025965900216610616,
    0.001249129588373226,
    0.005248440800276295,
    0.00883812413916136,
    0.0024183430346270437,
    0.003055482251260883,
    0.006373750616767917,
    0.00379712401155535,
    0.005511758898389073,
    0.005778827241216911,
    0.01712883502897646,
    0.0019123717244199185,
    0.004131990177999547,
    0.009104543029097212,
    0.0026776304218963554,
    0.004016445632844532,
    0.0030233961844084957,
    0.0015997191574043546,
    0.00543671628980361,
    0.0018530700157307644,
    0.0016100508138969353,
    0.005225215746754263,
    0.0029677147361124936,
    0.001747241288189696,
    0.0027269471952818675,
    0.0027893245828347064,
    0.0033607078540444616,
    0.0018746105800903769,
    0.003573238409741608,
    0.001786619204870804,
    0.19968127438321026,
    0.002618320635566214,
    0.0017787042908363859,
    0.006116284507814985,
    0.003714180676194695,
    0.003988071362661589,
    0.0047493204547209905,
    0.0035854513390320138,
    0.15935299165689285,
    0.003952144068449729,
    0.005778470250153568,
    0.003423697609372941,
    0.004957889499114565,
    0.005615411454462628,
    0.0026314537540740386,
    0.002661144359028672,
    0.006262638001254194,
    0.01738152377096766,
    0.01124982725886175,
    0.007660475912757925
  ],
  "cosine_matrix": 0.2237726861644747,
  "spearman_matrix": -0.0777147648027967,
  "js_divergence_matrix": 0.3376453897954016,
  "matrix_dispersion_js": 0.052358271936097475
}