{
  "semantic_entropy": 2.995732273553991,
  "cosine_vector": 0.5172481388354988,
  "spearman_vector": 0.13094835276385003,
  "js_divergence_vector": 0.3662808708076781,
  "vector_dispersion_js": 0.046456951602459995,
  "vector_elements": [
    0.015615823814894408,
    0.015975800929008084,
    0.042427812263324705,
    0.07882570257420743,
    0.017789999289367812,
    0.022117363185808717,
    0.018928465698329698,
    0.023279646183515725,
    0.016005896976241166,
    0.0072689676350346805,
    0.012457607037907915,
    0.017866143327341287,
    0.0053522361433538555,
    0.01469485138760544,
    0.00892735296136499,
    0.011343784847076087,
    0.014802794253506165,
    0.004355023086206092,
    0.012277207738418637,
    0.024771018280738764,
    0.030102569088466872,
    0.008395839836647474,
    0.019358057687923036,
    0.0068963197571169825,
    0.015041065881691618,
    0.013148708152768859,
    0.021892174589728877,
    0.016199842283631943,
    0.005574586490080544,
    0.012875803249905277,
    0.006198337758654615,
    0.009817127201723695,
    0.007178130824817815,
    0.014406233727661451,
    0.012709158997595563,
    0.016193163512784693,
    0.013059371155910418,
    0.015234036677155807,
    0.005281393177954107,
    0.009765222097947016,
    0.0070874404659700485,
    0.018282535794546556,
    0.018161956088937205,
    0.009882249012743718,
    0.02856403197578369,
    0.02219045745796911,
    0.00694598169623463,
    0.014385040012206331,
    0.017652700575822168,
    0.008953511483407582,
    0.03178506103466354,
    0.017871916235480425,
    0.022512444017034852,
    0.01889635239055701,
    0.020184266109887918,
    0.02091735610171589,
    0.04872612430891255,
    0.022589935474708518
  ],
  "cosine_matrix": 0.5193737935266156,
  "spearman_matrix": 0.05948023184788389,
  "js_divergence_matrix": 0.3321203764176789,
  "matrix_dispersion_js": 0.055729838100507426
}