{
  "semantic_entropy": 2.8309404302537744,
  "cosine_vector": 0.043688872760153534,
  "spearman_vector": -0.035625724344536536,
  "js_divergence_vector": 0.6527009977470399,
  "vector_dispersion_js": 0.044746104836869804,
  "vector_elements": [
    0.007423363953822765,
    0.00715694255925769,
    0.011285412615121433,
    0.006180765461555897,
    0.009111569574103192,
    0.006091103808979689,
    0.009457117563481908,
    0.007339170720242714,
    0.007485238600134153,
    0.0033960281522683695,
    0.005186001740586378,
    0.004053723703139468,
    0.002728959403886096,
    0.0034668299180586532,
    0.0031406713149582963,
    0.0026617188741083118,
    0.004370683170692441,
    0.003410769148099492,
    0.0036143935276080263,
    0.008178923714222163,
    0.004186381274607651,
    0.006310569792467826,
    0.003917711587517875,
    0.0061223777181939765,
    0.003939143847766881,
    0.003473744834006883,
    0.0067575707068864765,
    0.0030005179143012223,
    0.005603037957752789,
    0.00694360447499983,
    0.0027572084205986225,
    0.003274085723374549,
    0.003826214837640509,
    0.0028359280315989263,
    0.0025684664230680864,
    0.0029689600962897363,
    0.004762807910364395,
    0.0028927604973540016,
    0.002524202075349314,
    0.006215324137795801,
    0.005630707523472032,
    0.004432037913055862,
    0.003957867554406322,
    0.002932261214220649,
    0.006178735742403172,
    0.0031076097047095428,
    0.004079877965385203,
    0.004921098744163214,
    0.004151261897555673,
    0.0038090422514811175,
    0.004220295313535665,
    0.002636697032489966,
    0.0027080775974817986,
    0.0055034184820727805,
    0.0025391950367558837,
    0.002290668559812186,
    0.00253548394540427,
    0.004153942093119785,
    0.0024580905688795346,
    0.0023142243885852978,
    0.00740592842005164,
    0.0048233872634111,
    0.0038294090865105632,
    0.004090121404389583,
    0.0031423686758869137,
    0.005998371876712656,
    0.003532171984393165,
    0.0035943591047063912,
    0.005092987137832262,
    0.003177517787312159,
    0.004001951005125889,
    0.004121308896892649,
    0.0029232765280436924,
    0.0026147581055484125,
    0.16043983664508252,
    0.0024921665343792102,
    0.0023670369687842302,
    0.002905452881120743,
    0.004641815134655399,
    0.0027273536648007844,
    0.0023702416026688206,
    0.004472151208730446,
    0.007695197503188185,
    0.0038519501279583672,
    0.003979571599575483,
    0.00332507757611324,
    0.006206196168733207,
    0.003216416231885819,
    0.003559111608582464,
    0.004264210898231962,
    0.005910262385023123,
    0.004045544702239636,
    0.004149864085790899,
    0.0025683669909060173,
    0.002474183067139563,
    0.014631466969530904,
    0.002569363386850455,
    0.0022786166065618006,
    0.002594673828552475,
    0.007759339198688591,
    0.002527909166442828,
    0.0023315884509612144,
    0.005355866232308575,
    0.017398498706593307,
    0.003968726367488002,
    0.004348415068137529,
    0.0038099090007723173,
    0.006393832631072531,
    0.0034703629680477048,
    0.0035805272770769664,
    0.004981351018516831,
    0.11772750323025694,
    0.004189735452413342,
    0.0041452553745786195,
    0.0027163198108033047,
    0.0025646318499331685,
    0.009810393733281872,
    0.00253767720849104,
    0.002425196752197139,
    0.0027403130369280265,
    0.008355939608234848,
    0.002708639220218069,
    0.0024847740507861625,
    0.004862430354242175,
    0.01857182009539661,
    0.004660725170048762,
    0.013788432861875298,
    0.02292087881008774,
    0.006507030934861573,
    0.02444398721244082,
    0.008994426855307103,
    0.008761718114671618,
    0.007245098833489691,
    0.0036773278187381517,
    0.0055089978819173645,
    0.003503753050781599,
    0.007963316189700826,
    0.005634934968042781,
    0.01759966271710139,
    0.01375810774791229
  ],
  "cosine_matrix": 0.38260920206193794,
  "spearman_matrix": -0.10745489930244256,
  "js_divergence_matrix": 0.18256702483020687,
  "matrix_dispersion_js": 0.1513228094441179
}