{
  "semantic_entropy": 2.995732273553991,
  "cosine_vector": 0.04502807050365195,
  "spearman_vector": -0.06684294024325754,
  "js_divergence_vector": 0.5709853716139413,
  "vector_dispersion_js": 0.1585979425050814,
  "vector_elements": [
    0.007348985668178134,
    0.008454241292581845,
    0.038055916881230875,
    0.014708010740860736,
    0.010995245369847174,
    0.00964223694657375,
    0.006502837400481448,
    0.006410646762915087,
    0.016089191375068104,
    0.008892201689930584,
    0.0043915159638511095,
    0.00665742801977048,
    0.003910722671103401,
    0.011242650877107229,
    0.00363193090026554,
    0.011643208802610317,
    0.00662082272128858,
    0.0029191938578894305,
    0.007366530091410953,
    0.011195125705907699,
    0.042981282458462486,
    0.005169028598389529,
    0.008110270670874066,
    0.0058592800136444256,
    0.0031384850264853134,
    0.008277219589775566,
    0.005904980068241919,
    0.020999930758393993,
    0.006373567426620045,
    0.011398985691807164,
    0.005975456276554308,
    0.003986212398420306,
    0.017725575582256445,
    0.0031027976466752425,
    0.002961079427550314,
    0.007340941819992516,
    0.010945182259671666,
    0.005387810811213533,
    0.026928265591082894,
    0.006522057714697191,
    0.006353543241005743,
    0.005798466987813756,
    0.00647205934139017,
    0.003523375793615563,
    0.009938342559036563,
    0.011650977745172483,
    0.004614343877068657,
    0.009531571542653466,
    0.00976216990455753,
    0.0051389467419186785,
    0.008041794938782777,
    0.0035478619179929263,
    0.035464021324040196,
    0.4168379947664315,
    0.007141818342855007,
    0.004671119251207346,
    0.0070396316637255695,
    0.0028447529346239497,
    0.008361873415153584,
    0.012859511746278468,
    0.014638768394994678
  ],
  "cosine_matrix": 0.2647838236369899,
  "spearman_matrix": -0.02855081085845232,
  "js_divergence_matrix": 0.27715630127250296,
  "matrix_dispersion_js": 0.12363549788029515
}