{
  "semantic_entropy": 2.5536815580297962,
  "cosine_vector": 0.3156696120102096,
  "spearman_vector": -0.23174063505555217,
  "js_divergence_vector": 0.49087855500943434,
  "vector_dispersion_js": 0.1559649179322431,
  "vector_elements": [
    0.023886169160550343,
    0.0051133270724324125,
    0.004678969835506822,
    0.009713531431161323,
    0.005926700093814102,
    0.005413429952471736,
    0.0060175335660046445,
    0.003629202530158744,
    0.0015936892125252443,
    0.007892773388010895,
    0.003829827513905337,
    0.0010267763371808471,
    0.005899516984643729,
    0.0033881679335953587,
    0.0024163989048810583,
    0.0033131850237262664,
    0.0023427558956154925,
    0.00234734282676177,
    0.0011166608436006813,
    0.002669816087633901,
    0.001046365302482551,
    0.0009057530220650468,
    0.002925349666687368,
    0.0020301667921449,
    0.0009529872291422264,
    0.001126348857141811,
    0.002276907250338738,
    0.0017491498697325156,
    0.0034982195736456547,
    0.0026617161836426043,
    0.0012133497403495543,
    0.0017367613035524701,
    0.0008683806517762351,
    0.001118436969117608,
    0.003924036552368342,
    0.0031113481419529324,
    0.000957587075912443,
    0.0016305459979483342,
    0.0015418592667682072,
    0.005444272379422985,
    0.0015266248368358951,
    0.0022910945836997743,
    0.0016921361787272733,
    0.002491183562740913,
    0.001405844466718403,
    0.000945836932213495,
    0.0013663082059083718,
    0.002248476866996768,
    0.0031014248260551993,
    0.0010371223171578823,
    0.0022679573225726337,
    0.0009240996464594522,
    0.0024509045419066123,
    0.0017908258319937723,
    0.0016916637563887255,
    0.0012724512156068275,
    0.004078673579819084,
    0.0013545100629006016,
    0.0018212003420886161,
    0.0010156122614297196,
    0.0020592955379080745,
    0.0017634052837974918,
    0.0014564111019486176,
    0.0025942140975608718,
    0.002543363426798505,
    0.0033530422058642147,
    0.0018957540196438986,
    0.001823208602037587,
    0.008142445894708635,
    0.0015100123304111462,
    0.0020564134619846922,
    0.001570309281693067,
    0.004287052154958908,
    0.001133281098265006,
    0.005747547845187174,
    0.0012172970759100389,
    0.0014122208490861081,
    0.0007018142122686584,
    0.0018793141509205551,
    0.0030297101293511376,
    0.0011512856465367666,
    0.0027122080224806213,
    0.00324106451978017,
    0.0012090906600800654,
    0.1348449476065899,
    0.0014034644121153873,
    0.09814204582559699,
    0.0013413460980246312,
    0.0017882367761671934,
    0.0015250700805899012,
    0.00204683518782115,
    0.003573960504009354,
    0.0025405227359776737,
    0.003929194392378744,
    0.003311403710649352,
    0.0017947199364084841,
    0.004100363399266777,
    0.004020708365070198,
    0.004033372892049579,
    0.0038241749744121764,
    0.004811705321874356,
    0.006680017565891601,
    0.020655298811574768,
    0.00609890785971979,
    0.005522939662500332,
    0.010226290681479936,
    0.004996341245531923,
    0.003546495675338571,
    0.006897337725575239,
    0.004438095722381883,
    0.001502955993086599,
    0.0031066038200261276,
    0.0019541302560693316,
    0.006204629585926688,
    0.0028019224502199595,
    0.0045126555031212625,
    0.0029423239923325882,
    0.0020970163741402936,
    0.0068917762481897306,
    0.0033042058861590903,
    0.004976317953127229,
    0.0041572766075946635,
    0.001135327143070213,
    0.00341791472884457,
    0.00581873417210755,
    0.03551109886147366,
    0.0025249292819801822,
    0.0056505775775836315,
    0.0018271199563967794,
    0.006432012220313857,
    0.0035248125682331034,
    0.006988207462995305,
    0.0033086212583829863,
    0.007183637815065401,
    0.0012077843512254937,
    0.0034083939356589657,
    0.0026040075151411456,
    0.01631872580676339,
    0.002711638310865871,
    0.0035126119084331825,
    0.0013850418187394574,
    0.0029931516775599056,
    0.0012440354312674882,
    0.0009596892924055268,
    0.002519580931656233,
    0.0022269709181296487,
    0.007225474154165725,
    0.0013931656033145474,
    0.004906477945961912,
    0.002260558185607782,
    0.0036195399971491013,
    0.003251677971652769,
    0.0014346528449074888,
    0.002125704114609594,
    0.001062852057304797,
    0.0013480672187262197,
    0.0022203551709379737,
    0.0013804279270769081,
    0.004754057928649436,
    0.0019890292321712365,
    0.007301324210278743,
    0.002160852562723395,
    0.0022860933403093205,
    0.002486715994119634,
    0.002136089649723878,
    0.010436954246188016,
    0.0041314078090884405,
    0.02955375188277724,
    0.03466259296708856,
    0.003256639797597368,
    0.0038988885279569313,
    0.0024337704775635265,
    0.003594792343752723,
    0.004373188784992561,
    0.043044301631368846,
    0.002327434816511204,
    0.0023621688746269247,
    0.005565352656945596,
    0.008325415386005834,
    0.023945378343432296,
    0.00958557919365519
  ],
  "cosine_matrix": 0.5733258788442537,
  "spearman_matrix": 0.08530847880614138,
  "js_divergence_matrix": 0.18492194635113265,
  "matrix_dispersion_js": 0.18198318730082685
}