{
  "semantic_entropy": 2.8309404302537744,
  "cosine_vector": 0.35723615366570216,
  "spearman_vector": 0.3665895123313912,
  "js_divergence_vector": 0.3992323053444564,
  "vector_dispersion_js": 0.08946085956108174,
  "vector_elements": [
    0.023573258687630327,
    0.015863091320836104,
    0.055661208661744115,
    0.008301714483153765,
    0.011325093367158753,
    0.007526338769359155,
    0.010968372499123432,
    0.0079304216978353,
    0.006213208776122446,
    0.02743983201270907,
    0.007192050440625744,
    0.00860747983785563,
    0.01535585521880044,
    0.00520077478740365,
    0.0023164473392428965,
    0.005221623449104669,
    0.002193952374949517,
    0.3412026513304068,
    0.08785439771646764,
    0.004630455096192663,
    0.005262941555324357,
    0.011756617122865286,
    0.00942260607066434,
    0.009169528430282346,
    0.0021855152947743302,
    0.007263720114573202,
    0.016981158796945194,
    0.0028651941762826397,
    0.004364427773659389,
    0.0021822138868296944,
    0.004246010124571992,
    0.0025182054252333055,
    0.006740079097345266,
    0.0030243828091543372,
    0.008500509793489229,
    0.0043393836440201485,
    0.0017370393080216738,
    0.008692304011069707,
    0.0021886604134264465,
    0.02493407198148042,
    0.004805504027842236,
    0.00293175423776922,
    0.0051201390536055,
    0.00416900201032416,
    0.001712195571523648,
    0.005062540131449069,
    0.002295876272551245,
    0.006168312480150796,
    0.0033863108393420356,
    0.0032737116420125316,
    0.009390134934995485,
    0.0016091210034424816,
    0.02305677218986115,
    0.002050536647734143,
    0.0031713072548653918,
    0.005638395245310005,
    0.0016702835705135614,
    0.03755956122631332,
    0.0018047048751149673,
    0.025554478580049035,
    0.004619094408996404,
    0.00377175477187547,
    0.006847664486426182,
    0.013918762217475955,
    0.009738407570154203,
    0.005586967015566208,
    0.012133910038000021
  ],
  "cosine_matrix": 0.4364539108012577,
  "spearman_matrix": 0.03981225096238266,
  "js_divergence_matrix": 0.33856262515668367,
  "matrix_dispersion_js": 0.16986282718674448
}