{
  "semantic_entropy": 2.995732273553991,
  "cosine_vector": 0.23135090095454064,
  "spearman_vector": 0.05880204738900391,
  "js_divergence_vector": 0.529022406159025,
  "vector_dispersion_js": 0.05395694168203846,
  "vector_elements": [
    0.011849513024084816,
    0.007339899768000921,
    0.00854426688944145,
    0.005467895009817482,
    0.008127526580789066,
    0.006143920577398547,
    0.0332965623115069,
    0.012907738819892853,
    0.007799527161653173,
    0.006166914446004904,
    0.00560999035573793,
    0.006226679219305244,
    0.0063045668489335694,
    0.007415038169593564,
    0.005389229358698532,
    0.009867700090408691,
    0.008695911038953594,
    0.004986264380494161,
    0.0048949416889839436,
    0.002922315529407948,
    0.004925799962211224,
    0.005350830756816137,
    0.007162368600650344,
    0.001810296628588431,
    0.004784657743199076,
    0.00963298304965331,
    0.0029806752597079113,
    0.004471012889561867,
    0.004109201978000269,
    0.0023416332892536285,
    0.009777418866968625,
    0.0037749013308832316,
    0.005579626555144362,
    0.007564690355368743,
    0.004416596907882532,
    0.004062912448903512,
    0.007717636079736139,
    0.004385136185148861,
    0.009231031351852756,
    0.008832455973535961,
    0.007218926777780882,
    0.002406379737383671,
    0.0049543892067097995,
    0.0015623670597494149,
    0.005016765993334283,
    0.0025626050906823604,
    0.0016500956237940332,
    0.0036998043518641248,
    0.003934357558121181,
    0.0016963486599722265,
    0.004232480274961595,
    0.004440698225806753,
    0.006044249777045636,
    0.0030398270782038897,
    0.003900996643114197,
    0.0019504983215570986,
    0.0016944432993907343,
    0.004929000598535873,
    0.0038259939500616597,
    0.017434202592865773,
    0.006854775406196936,
    0.006388038620043204,
    0.005432648236213988,
    0.004342958367856944,
    0.005695635319980736,
    0.004511780730987164,
    0.008154455954489345,
    0.005553004151957214,
    0.0031195157053306474,
    0.0043645359742762735,
    0.005982985788325135,
    0.00786512659633712,
    0.002214966352167004,
    0.019597015577989835,
    0.004879151914692966,
    0.005577356008419839,
    0.003927480585199048,
    0.002394723427951145,
    0.0025786671222784445,
    0.0071920113722226875,
    0.004288024523514743,
    0.002840805417372812,
    0.0073725764952452776,
    0.0056213160360708,
    0.004169531613573669,
    0.014977665981034565,
    0.003859831906551116,
    0.0067439510137754085,
    0.006659209830666504,
    0.0030380276422159644,
    0.001774828967763962,
    0.006908308678770711,
    0.003412116687211559,
    0.0061574097337565295,
    0.0034378813019904776,
    0.0019522529914114835,
    0.0034120798904191786,
    0.0026050894011176422,
    0.006581422610930629,
    0.004679665420426851,
    0.004987722285932803,
    0.005820212458433143,
    0.011784110347044349,
    0.020394347826461778,
    0.008301224086148744,
    0.004713665031590083,
    0.005270154847115374,
    0.005326323700468972,
    0.010505233616607457,
    0.005795354440931317,
    0.007102678836702878,
    0.004195522334849327,
    0.0035731381666165305,
    0.004225166926302439,
    0.00248763234000986,
    0.0033861882170479747,
    0.002820730771026973,
    0.003183721251401779,
    0.004379826807718394,
    0.002220509101092533,
    0.008102746867706434,
    0.005414899848678057,
    0.004263181348029225,
    0.0051148392789746415,
    0.007511351083220127,
    0.012884062015501841,
    0.0018132103666099364,
    0.0023182704785263586,
    0.003964851505105973,
    0.017085024386427377,
    0.0032624246694601612,
    0.004226955291063205,
    0.0017003924323853524,
    0.00713296662020118,
    0.0033151287438435706,
    0.004661552015892719,
    0.0035546119684989664,
    0.006275441529221063,
    0.0029228642980182154,
    0.0029390140822354105,
    0.002447242736715164,
    0.00126504834320257,
    0.02040333307140208,
    0.002491885442278984,
    0.00533709564019151,
    0.009385163231664216,
    0.045659194459478046,
    0.0026847436468401395,
    0.002958122822817482,
    0.002453894953959375,
    0.001430819998962556,
    0.0048525249138031135,
    0.021141356794796416,
    0.005792487131921063,
    0.005477452598876173,
    0.004089093446000786,
    0.007773633798237268,
    0.0034033816437843783,
    0.015491950657260353,
    0.012823660426341511,
    0.007519134358519273
  ],
  "cosine_matrix": 0.6352325179910793,
  "spearman_matrix": -0.09590556705774095,
  "js_divergence_matrix": 0.18639695343886234,
  "matrix_dispersion_js": 0.11088882809849203
}