{
  "semantic_entropy": 2.9264175554979963,
  "cosine_vector": 0.1645160748344364,
  "spearman_vector": -0.1390383990174475,
  "js_divergence_vector": 0.5796367190099159,
  "vector_dispersion_js": 0.01111279579192015,
  "vector_elements": [
    0.027580119929598947,
    0.010631987648730872,
    0.013283152604709208,
    0.020743178806883502,
    0.017683837541326897,
    0.01794043634921591,
    0.009849220298435367,
    0.012856303455206795,
    0.022248707180149648,
    0.010549358540672196,
    0.006254552119372317,
    0.008905282638282292,
    0.0033221606319676312,
    0.008767023019033334,
    0.004399754016399378,
    0.0034337178023314346,
    0.010202189921897906,
    0.0063102348448307605,
    0.002966955827632665,
    0.0035189547191006704,
    0.019496687082599662,
    0.006847893259823068,
    0.011192001837206948,
    0.007493072672328707,
    0.004168981042699791,
    0.005704253845491982,
    0.0030509105314075282,
    0.0036796171653878783,
    0.007434136796284266,
    0.0026912385062698822,
    0.006468853359393801,
    0.0038858813242073674,
    0.002683078985409866,
    0.004434735319097277,
    0.007661060464252865,
    0.003051700217362959,
    0.0032893241136215117,
    0.009193567997984823,
    0.006487511831494073,
    0.0029731779774230904,
    0.008507208811556644,
    0.006010606215751421,
    0.0030995197797082244,
    0.0076775209713040105,
    0.03879757118793269,
    0.004017561487671797,
    0.015741054489124898,
    0.007140020980075393,
    0.0072955609282280166,
    0.006803795015185696,
    0.007037856738985548,
    0.04783989034489083,
    0.0029692887638414203,
    0.02881376518888211,
    0.0053503531981079116,
    0.005296548738788285,
    0.0037600416292332887,
    0.008040000087693493,
    0.006739986735082602,
    0.00618817744417749,
    0.004188273404867553,
    0.0219712275221583,
    0.005394010540590684,
    0.03098434520866591,
    0.008486226771983366,
    0.009720409264758395,
    0.013472546999297378,
    0.006464676844499154,
    0.00591514554446694,
    0.0031159388136194344,
    0.0061009307156165505,
    0.0053568970095535465,
    0.003379277854331845,
    0.015380480629370159,
    0.009327398933333824,
    0.029166520564317303,
    0.005416746161623984,
    0.0052744822823445735,
    0.005927616094560271,
    0.003021472331021386,
    0.045099482944203594,
    0.013782162725844945,
    0.005537342607532778,
    0.008251877401891768,
    0.003644023568338446,
    0.014096495937260846,
    0.029318065021552427,
    0.005963014438182984,
    0.005584719311648142,
    0.00756869368435374,
    0.013191084497717989,
    0.03454461644542471,
    0.02776117382189237,
    0.017131483141427838
  ],
  "cosine_matrix": 0.2440882502690131,
  "spearman_matrix": -0.13255869025113684,
  "js_divergence_matrix": 0.5281048302800893,
  "matrix_dispersion_js": 0.05341213712673425
}