{
  "semantic_entropy": 2.995732273553991,
  "cosine_vector": 0.3112622913628596,
  "spearman_vector": -0.10897317298797408,
  "js_divergence_vector": 0.49219132397329357,
  "vector_dispersion_js": 0.007550128370663156,
  "vector_elements": [
    0.019101073543206466,
    0.020747213728009573,
    0.02112325088338353,
    0.06241043294189883,
    0.0462146385242244,
    0.027710436424324903,
    0.030013835719723103,
    0.015574126191802517,
    0.013632453916614053,
    0.041302744122283366,
    0.024522434748481935,
    0.011048125235121236,
    0.014966157021622519,
    0.009953885741196841,
    0.04801282741348196,
    0.010145374735463572,
    0.02368135029694289,
    0.013871693745224047,
    0.006792633159766183,
    0.015068791746421012,
    0.025458395811267857,
    0.03255942692104052,
    0.010308500261044585,
    0.0121647496458353,
    0.008216366492853795,
    0.05777423607253656,
    0.009448114463391326,
    0.02010468661007321,
    0.013031125993369867,
    0.007526394621796811,
    0.013199868976494476,
    0.017950852325617037,
    0.015722294702309673,
    0.011102313894929699,
    0.02641049041162369,
    0.01675831295593273,
    0.01598857352011988,
    0.024066983172605052,
    0.016240199016356434,
    0.016398932214537525,
    0.016283415191314377,
    0.01861754455261878,
    0.01237926732325491,
    0.031653167387490556,
    0.044387956440016724,
    0.030354351182375696
  ],
  "cosine_matrix": 0.4746614579205372,
  "spearman_matrix": -0.06604995374653098,
  "js_divergence_matrix": 0.35744640036135694,
  "matrix_dispersion_js": 0.04239667193876499
}