{
  "semantic_entropy": 2.9264175554979963,
  "cosine_vector": 0.11631125634748905,
  "spearman_vector": 0.28653459333453585,
  "js_divergence_vector": 0.4903857403981613,
  "vector_dispersion_js": 0.04656465322360326,
  "vector_elements": [
    0.010769348627498067,
    0.006404236760798919,
    0.008622838814255629,
    0.00570209211537639,
    0.00812821545465802,
    0.005646578191852719,
    0.07893068318667563,
    0.00901750523679034,
    0.008549146912024698,
    0.0020247957437356124,
    0.007533398949176187,
    0.0029303321347867923,
    0.009920740100107257,
    0.010735730255251996,
    0.012828982359795817,
    0.003261555517934824,
    0.005645733867951452,
    0.005997578143314825,
    0.005561429841840121,
    0.008779461838707496,
    0.004067901064398466,
    0.008617841335023154,
    0.006338798020354501,
    0.004134798240648843,
    0.0023438387718457522,
    0.0050972667675071364,
    0.0025641576152371304,
    0.002309014311330111,
    0.005031201583416384,
    0.0037892509130489894,
    0.005229339649571184,
    0.0041534190918167575,
    0.0035900242469335273,
    0.00568376833565703,
    0.0027297685220681015,
    0.0034401022868187675,
    0.002164031972052851,
    0.005702368744822163,
    0.004476385085777679,
    0.004530541203434717,
    0.003324039338200467,
    0.0024261151087251165,
    0.008411807222073627,
    0.004921586637035682,
    0.004823594777349939,
    0.0021598612630820127,
    0.0050085439828065365,
    0.0039065276981815915,
    0.0026200340971602796,
    0.009601455511778828,
    0.005016064486789898,
    0.0027579398733151594,
    0.003524370180737053,
    0.004843400809064281,
    0.0048293793385545715,
    0.0033339733557481866,
    0.006163164017622987,
    0.0026456483699798077,
    0.004145564401103093,
    0.0025167630291950136,
    0.0031025352201107417,
    0.0036244162678780267,
    0.0023831715558859483,
    0.005460396246351862,
    0.003724238831489569,
    0.004580809704990806,
    0.0064611154574841295,
    0.002699555488380703,
    0.00370009409402584,
    0.00200061882844081,
    0.005334907967598196,
    0.002452710682686086,
    0.0020914662498747226,
    0.0025289653638886954,
    0.0023846103387074294,
    0.003444310616967192,
    0.003825780649510514,
    0.002219086611824494,
    0.003333277026375715,
    0.0026863923550702147,
    0.003727413465027535,
    0.0021636031946865417,
    0.003391976443391448,
    0.0027773885712729578,
    0.004280637568831724,
    0.0046558553884333735,
    0.003519935289232857,
    0.004018807413203489,
    0.0030052961328633043,
    0.0020174087791905277,
    0.006359743325274619,
    0.011142779276767016,
    0.0031131963464728143,
    0.00400715680710597,
    0.006099086440658488,
    0.004194988179355306,
    0.005700380642188342,
    0.006267496975339911,
    0.017984023128865455,
    0.0026134015278814855,
    0.00443646310802871,
    0.00953023711768399,
    0.0033160404746726416,
    0.004530079883365496,
    0.0036691897013441587,
    0.0022620874704918003,
    0.005740550450721074,
    0.0024967639340049566,
    0.002424044603299064,
    0.007242119848976493,
    0.003596276355293208,
    0.0023830302360235197,
    0.003427400917509725,
    0.004304467561177344,
    0.0042700483026739755,
    0.002560774356198183,
    0.0038913122637536197,
    0.002389636960520278,
    0.14364639040646085,
    0.003258728453159667,
    0.0025085048284312775,
    0.006552078058622328,
    0.004502311577292484,
    0.004575605745624873,
    0.005606386504195649,
    0.005818400292202081,
    0.09798076708527392,
    0.0047857968993556,
    0.005810038342392366,
    0.004245261196190632,
    0.006934285165604378,
    0.009534420149019373,
    0.003308457401538425,
    0.003727745803174661,
    0.007731262621558479,
    0.021959804555468768,
    0.015263711032622557,
    0.010736450569688326
  ],
  "cosine_matrix": 0.26519849022309494,
  "spearman_matrix": -0.038839998967308095,
  "js_divergence_matrix": 0.38531554706175364,
  "matrix_dispersion_js": 0.17702963803247365
}